shape,hand,shape_name,ukeire_tiles,ukeire_type_count,ukeire_count,fixed_ryanmen_count,improve_neighbor_count,max_neighbor_ukeire_count,avg_neighbor_ukeire_count,score,distance_to_final,neighbor_count,neighbors
222334m,222334m33z,階段型,1m 2m 3m 4m 5m 3z,6,16,1,0,7,6.000000,"(16, 6, 0, 7, 6)",0,12,222336m 222337m 222338m 222339m 222346m 222347m 222348m 222349m 223346m 223347m 223348m 223349m
233444m,233444m33z,階段型,1m 2m 3m 4m 5m 3z,6,16,1,0,11,6.333333,"(16, 6, 0, 11, 6.33333)",0,12,233446m 233447m 233448m 233449m 234446m 234447m 234448m 234449m 334446m 334447m 334448m 334449m
333445m,333445m33z,階段型,2m 3m 4m 5m 6m 3z,6,16,1,0,11,6.333333,"(16, 6, 0, 11, 6.33333)",0,12,133344m 133345m 133445m 333447m 333448m 333449m 333457m 333458m 333459m 334457m 334458m 334459m
344555m,344555m33z,階段型,2m 3m 4m 5m 6m 3z,6,16,1,0,11,6.333333,"(16, 6, 0, 11, 6.33333)",0,12,134455m 134555m 144555m 344557m 344558m 344559m 345557m 345558m 345559m 445557m 445558m 445559m
444556m,444556m33z,階段型,3m 4m 5m 6m 7m 3z,6,16,1,0,11,6.333333,"(16, 6, 0, 11, 6.33333)",0,12,144455m 144456m 144556m 244455m 244456m 244556m 444558m 444559m 444568m 444569m 445568m 445569m
455666m,455666m33z,階段型,3m 4m 5m 6m 7m 3z,6,16,1,0,11,6.333333,"(16, 6, 0, 11, 6.33333)",0,12,145566m 145666m 155666m 245566m 245666m 255666m 455668m 455669m 456668m 456669m 556668m 556669m
555667m,555667m33z,階段型,4m 5m 6m 7m 8m 3z,6,16,1,0,11,6.333333,"(16, 6, 0, 11, 6.33333)",0,12,155566m 155567m 155667m 255566m 255567m 255667m 355566m 355567m 355667m 555669m 555679m 556679m
566777m,566777m33z,階段型,4m 5m 6m 7m 8m 3z,6,16,1,0,11,6.333333,"(16, 6, 0, 11, 6.33333)",0,12,156677m 156777m 166777m 256677m 256777m 266777m 356677m 356777m 366777m 566779m 567779m 667779m
666778m,666778m33z,階段型,5m 6m 7m 8m 9m 3z,6,16,1,0,11,6.333333,"(16, 6, 0, 11, 6.33333)",0,12,166677m 166678m 166778m 266677m 266678m 266778m 366677m 366678m 366778m 466677m 466678m 466778m
677888m,677888m33z,階段型,5m 6m 7m 8m 9m 3z,6,16,1,0,7,6.000000,"(16, 6, 0, 7, 6)",0,12,167788m 167888m 177888m 267788m 267888m 277888m 367788m 367888m 377888m 467788m 467888m 477888m
223456m,223456m33z,ピアノ＋α型,1m 2m 4m 7m 3z,5,15,1,0,15,7.687500,"(15, 5, 0, 15, 7.6875)",0,16,223345m 223346m 223455m 223458m 223459m 223466m 223468m 224556m 224566m 224568m 224569m 233456m 234556m 234566m 234568m 234569m
233456m,233456m33z,ピアノ＋α型,1m 3m 4m 7m 3z,5,15,1,0,15,9.187500,"(15, 5, 0, 15, 9.1875)",0,16,223345m 223346m 223456m 233455m 233458m 233459m 233466m 233468m 234556m 234566m 234568m 234569m 334556m 334566m 334568m 334569m
234556m,234556m33z,ピアノ＋α型,1m 4m 5m 7m 3z,5,15,1,0,15,9.266667,"(15, 5, 0, 15, 9.26667)",0,15,223455m 223456m 224556m 233455m 233456m 234558m 234559m 234566m 234568m 234569m 245566m 334556m 345566m 345568m 345569m
234566m,234566m33z,ピアノ＋α型,1m 4m 6m 7m 3z,5,15,1,0,15,8.187500,"(15, 5, 0, 15, 8.1875)",0,16,223456m 223466m 224566m 233456m 233466m 234556m 234568m 234569m 234668m 234669m 245566m 245668m 334566m 345566m 345668m 345669m
334567m,334567m33z,ピアノ＋α型,2m 3m 5m 8m 3z,5,15,1,0,15,7.941176,"(15, 5, 0, 15, 7.94118)",0,17,133456m 133457m 133567m 134567m 334456m 334457m 334566m 334569m 334577m 334579m 335667m 335677m 335679m 344567m 345667m 345677m 345679m
344567m,344567m33z,ピアノ＋α型,2m 4m 5m 8m 3z,5,15,1,0,15,9.187500,"(15, 5, 0, 15, 9.1875)",0,16,134456m 134567m 144567m 334456m 334457m 334567m 344566m 344569m 344577m 344579m 345667m 345677m 345679m 445667m 445677m 445679m
345667m,345667m33z,ピアノ＋α型,2m 5m 6m 8m 3z,5,15,1,0,15,9.187500,"(15, 5, 0, 15, 9.1875)",0,16,134566m 134567m 135667m 145667m 334566m 334567m 335667m 344566m 344567m 345669m 345677m 345679m 356677m 445667m 456677m 456679m
345677m,345677m33z,ピアノ＋α型,2m 5m 7m 8m 3z,5,15,1,0,15,7.941176,"(15, 5, 0, 15, 7.94118)",0,17,134567m 134577m 135677m 145677m 334567m 334577m 335677m 344567m 344577m 345667m 345679m 345779m 356677m 356779m 445677m 456677m 456779m
445678m,445678m33z,ピアノ＋α型,3m 4m 6m 9m 3z,5,15,1,0,15,8.187500,"(15, 5, 0, 15, 8.1875)",0,16,144567m 144678m 145678m 244567m 244568m 244678m 245678m 445567m 445568m 445677m 445688m 446778m 446788m 455678m 456778m 456788m
455678m,455678m33z,ピアノ＋α型,3m 5m 6m 9m 3z,5,15,1,0,15,9.266667,"(15, 5, 0, 15, 9.26667)",0,15,145567m 145678m 155678m 245567m 245678m 255678m 445567m 445568m 445678m 455677m 455688m 456778m 456788m 556778m 556788m
456778m,456778m33z,ピアノ＋α型,3m 6m 7m 9m 3z,5,15,1,0,15,9.187500,"(15, 5, 0, 15, 9.1875)",0,16,145677m 145678m 156778m 245677m 245678m 246778m 256778m 445677m 445678m 446778m 455677m 455678m 456788m 467788m 556778m 567788m
456788m,456788m33z,ピアノ＋α型,3m 6m 8m 9m 3z,5,15,1,0,15,7.687500,"(15, 5, 0, 15, 7.6875)",0,16,145678m 145688m 156788m 245678m 245688m 246788m 256788m 445678m 445688m 446788m 455678m 455688m 456778m 467788m 556788m 567788m
233345m,233345m33z,エントツリャンメン,1m 3m 4m 6m 3z,5,14,1,0,12,7.062500,"(14, 5, 0, 12, 7.0625)",0,16,223334m 223335m 223345m 233347m 233348m 233349m 233355m 233357m 233455m 233457m 233458m 233459m 333455m 333457m 333458m 333459m
234445m,234445m33z,エントツリャンメン,1m 3m 4m 6m 3z,5,14,1,0,12,7.062500,"(14, 5, 0, 12, 7.0625)",0,16,223444m 223445m 224445m 234447m 234448m 234449m 234455m 234457m 234458m 234459m 244455m 244457m 344455m 344457m 344458m 344459m
344456m,344456m33z,エントツリャンメン,2m 4m 5m 7m 3z,5,14,1,0,12,7.117647,"(14, 5, 0, 12, 7.11765)",0,17,134445m 134446m 134456m 144456m 334445m 334446m 334456m 344458m 344459m 344466m 344468m 344566m 344568m 344569m 444566m 444568m 444569m
345556m,345556m33z,エントツリャンメン,2m 4m 5m 7m 3z,5,14,1,0,12,7.117647,"(14, 5, 0, 12, 7.11765)",0,17,134555m 134556m 135556m 145556m 334555m 334556m 335556m 345558m 345559m 345566m 345568m 345569m 355566m 355568m 455566m 455568m 455569m
455567m,455567m33z,エントツリャンメン,3m 5m 6m 8m 3z,5,14,1,0,12,7.117647,"(14, 5, 0, 12, 7.11765)",0,17,145556m 145567m 155567m 245556m 245557m 245567m 255567m 445556m 445557m 445567m 455569m 455577m 455579m 455677m 455679m 555677m 555679m
456667m,456667m33z,エントツリャンメン,3m 5m 6m 8m 3z,5,14,1,0,12,7.117647,"(14, 5, 0, 12, 7.11765)",0,17,145666m 145667m 156667m 245666m 245667m 246667m 256667m 445666m 445667m 446667m 456669m 456677m 456679m 466677m 466679m 566677m 566679m
566678m,566678m33z,エントツリャンメン,4m 6m 7m 9m 3z,5,14,1,0,12,7.062500,"(14, 5, 0, 12, 7.0625)",0,16,156667m 156678m 166678m 256667m 256678m 266678m 356667m 356668m 356678m 366678m 556667m 556668m 556678m 566688m 566788m 666788m
567778m,567778m33z,エントツリャンメン,4m 6m 7m 9m 3z,5,14,1,0,12,7.062500,"(14, 5, 0, 12, 7.0625)",0,16,156777m 156778m 167778m 256777m 256778m 267778m 356777m 356778m 357778m 367778m 556777m 556778m 557778m 567788m 577788m 677788m
111223m,111223m33z,階段型,1m 2m 3m 4m 3z,5,12,1,0,7,4.666667,"(12, 5, 0, 7, 4.66667)",0,15,111225m 111226m 111227m 111228m 111229m 111235m 111236m 111237m 111238m 111239m 112235m 112236m 112237m 112238m 112239m
111233m,111233m33z,エントツシャンポン,1m 2m 3m 4m 3z,5,12,1,0,8,5.200000,"(12, 5, 0, 8, 5.2)",0,15,111235m 111236m 111237m 111238m 111239m 111335m 111336m 111337m 111338m 111339m 112335m 112336m 112337m 112338m 112339m
122233m,122233m33z,シャンポンリャンメン,1m 2m 3m 4m 3z,5,12,1,0,8,5.200000,"(12, 5, 0, 8, 5.2)",0,15,122235m 122236m 122237m 122238m 122239m 122335m 122336m 122337m 122338m 122339m 222335m 222336m 222337m 222338m 222339m
122333m,122333m33z,階段型,1m 2m 3m 4m 3z,5,12,1,0,7,4.933333,"(12, 5, 0, 7, 4.93333)",0,15,122335m 122336m 122337m 122338m 122339m 123335m 123336m 123337m 123338m 123339m 223335m 223336m 223337m 223338m 223339m
222344m,222344m33z,エントツシャンポン,2m 3m 4m 5m 3z,5,12,1,0,10,5.666667,"(12, 5, 0, 10, 5.66667)",0,15,122234m 122244m 122344m 222346m 222347m 222348m 222349m 222446m 222447m 222448m 222449m 223446m 223447m 223448m 223449m
223334m,223334m33z,シャンポンリャンメン,1m 2m 3m 4m 3z,5,12,1,1,14,5.933333,"(12, 5, 1, 14, 5.93333)",1,15,223335m 223336m 223337m 223338m 223339m 223345m 223346m 223347m 223348m 223349m 233345m 233346m 233347m 233348m 233349m
223444m,223444m33z,エントツシャンポン,1m 2m 3m 4m 3z,5,12,1,1,14,6.200000,"(12, 5, 1, 14, 6.2)",1,15,223445m 223446m 223447m 223448m 223449m 224445m 224446m 224447m 224448m 224449m 234445m 234446m 234447m 234448m 234449m
233344m,233344m33z,シャンポンリャンメン,2m 3m 4m 5m 3z,5,12,1,0,11,5.933333,"(12, 5, 0, 11, 5.93333)",0,15,123334m 123344m 133344m 233346m 233347m 233348m 233349m 233446m 233447m 233448m 233449m 333446m 333447m 333448m 333449m
333455m,333455m33z,エントツシャンポン,3m 4m 5m 6m 3z,5,12,1,1,14,6.733333,"(12, 5, 1, 14, 6.73333)",1,15,133345m 133355m 133455m 233345m 233355m 233455m 333457m 333458m 333459m 333557m 333558m 333559m 334557m 334558m 334559m
334445m,334445m33z,シャンポンリャンメン,2m 3m 4m 5m 3z,5,12,1,1,14,6.466667,"(12, 5, 1, 14, 6.46667)",1,15,133444m 133445m 134445m 334446m 334447m 334448m 334449m 334456m 334457m 334458m 334459m 344456m 344457m 344458m 344459m
334555m,334555m33z,エントツシャンポン,2m 3m 4m 5m 3z,5,12,1,1,14,6.733333,"(12, 5, 1, 14, 6.73333)",1,15,133455m 133555m 134555m 334556m 334557m 334558m 334559m 335556m 335557m 335558m 335559m 345556m 345557m 345558m 345559m
344455m,344455m33z,シャンポンリャンメン,3m 4m 5m 6m 3z,5,12,1,1,14,6.466667,"(12, 5, 1, 14, 6.46667)",1,15,134445m 134455m 144455m 234445m 234455m 244455m 344457m 344458m 344459m 344557m 344558m 344559m 444557m 444558m 444559m
444566m,444566m33z,エントツシャンポン,4m 5m 6m 7m 3z,5,12,1,1,14,6.733333,"(12, 5, 1, 14, 6.73333)",1,15,144456m 144466m 144566m 244456m 244466m 244566m 344456m 344466m 344566m 444568m 444569m 444668m 444669m 445668m 445669m
445556m,445556m33z,シャンポンリャンメン,3m 4m 5m 6m 3z,5,12,1,1,14,6.466667,"(12, 5, 1, 14, 6.46667)",1,15,144555m 144556m 145556m 244555m 244556m 245556m 445557m 445558m 445559m 445567m 445568m 445569m 455567m 455568m 455569m
445666m,445666m33z,エントツシャンポン,3m 4m 5m 6m 3z,5,12,1,1,14,6.733333,"(12, 5, 1, 14, 6.73333)",1,15,144566m 144666m 145666m 244566m 244666m 245666m 445667m 445668m 445669m 446667m 446668m 446669m 456667m 456668m 456669m
455566m,455566m33z,シャンポンリャンメン,4m 5m 6m 7m 3z,5,12,1,1,14,6.466667,"(12, 5, 1, 14, 6.46667)",1,15,145556m 145566m 155566m 245556m 245566m 255566m 345556m 345566m 355566m 455568m 455569m 455668m 455669m 555668m 555669m
555677m,555677m33z,エントツシャンポン,5m 6m 7m 8m 3z,5,12,1,1,14,6.733333,"(12, 5, 1, 14, 6.73333)",1,15,155567m 155577m 155677m 255567m 255577m 255677m 355567m 355577m 355677m 455567m 455577m 455677m 555679m 555779m 556779m
556667m,556667m33z,シャンポンリャンメン,4m 5m 6m 7m 3z,5,12,1,1,14,6.466667,"(12, 5, 1, 14, 6.46667)",1,15,155666m 155667m 156667m 255666m 255667m 256667m 355666m 355667m 356667m 556668m 556669m 556678m 556679m 566678m 566679m
556777m,556777m33z,エントツシャンポン,4m 5m 6m 7m 3z,5,12,1,1,14,6.733333,"(12, 5, 1, 14, 6.73333)",1,15,155677m 155777m 156777m 255677m 255777m 256777m 355677m 355777m 356777m 556778m 556779m 557778m 557779m 567778m 567779m
566677m,566677m33z,シャンポンリャンメン,5m 6m 7m 8m 3z,5,12,1,1,14,6.466667,"(12, 5, 1, 14, 6.46667)",1,15,156667m 156677m 166677m 256667m 256677m 266677m 356667m 356677m 366677m 456667m 456677m 466677m 566679m 566779m 666779m
666788m,666788m33z,エントツシャンポン,6m 7m 8m 9m 3z,5,12,1,1,14,6.200000,"(12, 5, 1, 14, 6.2)",1,15,166678m 166688m 166788m 266678m 266688m 266788m 366678m 366688m 366788m 466678m 466688m 466788m 566678m 566688m 566788m
667778m,667778m33z,シャンポンリャンメン,5m 6m 7m 8m 3z,5,12,1,0,11,5.933333,"(12, 5, 0, 11, 5.93333)",0,15,166777m 166778m 167778m 266777m 266778m 267778m 366777m 366778m 367778m 466777m 466778m 467778m 667779m 667789m 677789m
667888m,667888m33z,エントツシャンポン,5m 6m 7m 8m 3z,5,12,1,0,10,5.666667,"(12, 5, 0, 10, 5.66667)",0,15,166788m 166888m 167888m 266788m 266888m 267888m 366788m 366888m 367888m 466788m 466888m 467888m 667889m 668889m 678889m
677788m,677788m33z,シャンポンリャンメン,6m 7m 8m 9m 3z,5,12,1,1,14,5.933333,"(12, 5, 1, 14, 5.93333)",1,15,167778m 167788m 177788m 267778m 267788m 277788m 367778m 367788m 377788m 467778m 467788m 477788m 567778m 567788m 577788m
777889m,777889m33z,階段型,6m 7m 8m 9m 3z,5,12,1,0,7,4.933333,"(12, 5, 0, 7, 4.93333)",0,15,177788m 177789m 177889m 277788m 277789m 277889m 377788m 377789m 377889m 477788m 477789m 477889m 577788m 577789m 577889m
778889m,778889m33z,シャンポンリャンメン,6m 7m 8m 9m 3z,5,12,1,0,8,5.200000,"(12, 5, 0, 8, 5.2)",0,15,177888m 177889m 178889m 277888m 277889m 278889m 377888m 377889m 378889m 477888m 477889m 478889m 577888m 577889m 578889m
778999m,778999m33z,エントツシャンポン,6m 7m 8m 9m 3z,5,12,1,0,8,5.200000,"(12, 5, 0, 8, 5.2)",0,15,177899m 177999m 178999m 277899m 277999m 278999m 377899m 377999m 378999m 477899m 477999m 478999m 577899m 577999m 578999m
788999m,788999m33z,階段型,6m 7m 8m 9m 3z,5,12,1,0,7,4.666667,"(12, 5, 0, 7, 4.66667)",0,15,178899m 178999m 188999m 278899m 278999m 288999m 378899m 378999m 388999m 478899m 478999m 488999m 578899m 578999m 588999m
111334m,111334m33z,メンツ＋リャンメントイツ,2m 3m 5m 3z,4,12,1,0,12,6.909091,"(12, 4, 0, 12, 6.90909)",0,11,111133m 111134m 111336m 111337m 111338m 111339m 111344m 111346m 111347m 111348m 111349m
111344m,111344m33z,メンツ＋リャンメントイツ,2m 4m 5m 3z,4,12,1,0,12,6.909091,"(12, 4, 0, 12, 6.90909)",0,11,111134m 111144m 111334m 111346m 111347m 111348m 111349m 111446m 111447m 111448m 111449m
111445m,111445m33z,メンツ＋リャンメントイツ,3m 4m 6m 3z,4,12,1,0,12,6.909091,"(12, 4, 0, 12, 6.90909)",0,11,111144m 111145m 111244m 111245m 111447m 111448m 111449m 111455m 111457m 111458m 111459m
111455m,111455m33z,メンツ＋リャンメントイツ,3m 5m 6m 3z,4,12,1,0,12,6.909091,"(12, 4, 0, 12, 6.90909)",0,11,111145m 111155m 111245m 111255m 111445m 111457m 111458m 111459m 111557m 111558m 111559m
111556m,111556m33z,メンツ＋リャンメントイツ,4m 5m 7m 3z,4,12,1,0,12,6.909091,"(12, 4, 0, 12, 6.90909)",0,11,111155m 111156m 111255m 111256m 111355m 111356m 111558m 111559m 111566m 111568m 111569m
111566m,111566m33z,メンツ＋リャンメントイツ,4m 6m 7m 3z,4,12,1,0,12,6.909091,"(12, 4, 0, 12, 6.90909)",0,11,111156m 111166m 111256m 111266m 111356m 111366m 111556m 111568m 111569m 111668m 111669m
111667m,111667m33z,メンツ＋リャンメントイツ,5m 6m 8m 3z,4,12,1,0,12,6.909091,"(12, 4, 0, 12, 6.90909)",0,11,111166m 111167m 111266m 111267m 111366m 111367m 111466m 111467m 111669m 111677m 111679m
111677m,111677m33z,メンツ＋リャンメントイツ,5m 7m 8m 3z,4,12,1,0,12,6.909091,"(12, 4, 0, 12, 6.90909)",0,11,111167m 111177m 111267m 111277m 111367m 111377m 111467m 111477m 111667m 111679m 111779m
111778m,111778m33z,メンツ＋リャンメントイツ,6m 7m 9m 3z,4,12,1,0,12,6.909091,"(12, 4, 0, 12, 6.90909)",0,11,111177m 111178m 111277m 111278m 111377m 111378m 111477m 111478m 111577m 111578m 111788m
111788m,111788m33z,メンツ＋リャンメントイツ,6m 8m 9m 3z,4,12,1,0,12,6.545455,"(12, 4, 0, 12, 6.54545)",0,11,111178m 111188m 111278m 111288m 111378m 111388m 111478m 111488m 111578m 111588m 111778m
123556m,123556m33z,メンツ＋リャンメントイツ,4m 5m 7m 3z,4,12,1,0,12,6.909091,"(12, 4, 0, 12, 6.90909)",0,11,112355m 112356m 122355m 122356m 123355m 123356m 123558m 123559m 123566m 123568m 123569m
123566m,123566m33z,メンツ＋リャンメントイツ,4m 6m 7m 3z,4,12,1,0,12,6.909091,"(12, 4, 0, 12, 6.90909)",0,11,112356m 112366m 122356m 122366m 123356m 123366m 123556m 123568m 123569m 123668m 123669m
123667m,123667m33z,メンツ＋リャンメントイツ,5m 6m 8m 3z,4,12,1,0,12,7.333333,"(12, 4, 0, 12, 7.33333)",0,12,112366m 112367m 122366m 122367m 123366m 123367m 123466m 123467m 123669m 123677m 123679m 234667m
123677m,123677m33z,メンツ＋リャンメントイツ,5m 7m 8m 3z,4,12,1,0,12,7.333333,"(12, 4, 0, 12, 7.33333)",0,12,112367m 112377m 122367m 122377m 123367m 123377m 123467m 123477m 123667m 123679m 123779m 234677m
123778m,123778m33z,メンツ＋リャンメントイツ,6m 7m 9m 3z,4,12,1,0,12,7.333333,"(12, 4, 0, 12, 7.33333)",0,12,112377m 112378m 122377m 122378m 123377m 123378m 123477m 123478m 123577m 123578m 123788m 234778m
123788m,123788m33z,メンツ＋リャンメントイツ,6m 8m 9m 3z,4,12,1,0,12,7.000000,"(12, 4, 0, 12, 7)",0,12,112378m 112388m 122378m 122388m 123378m 123388m 123478m 123488m 123578m 123588m 123778m 234788m
222233m,222233m33z,メンツ＋リャンメントイツ,1m 3m 4m 3z,4,12,1,0,8,6.400000,"(12, 4, 0, 8, 6.4)",0,10,222235m 222236m 222237m 222238m 222239m 222335m 222336m 222337m 222338m 222339m
222445m,222445m33z,メンツ＋リャンメントイツ,3m 4m 6m 3z,4,12,1,0,12,6.909091,"(12, 4, 0, 12, 6.90909)",0,11,122244m 122245m 222244m 222245m 222447m 222448m 222449m 222455m 222457m 222458m 222459m
222455m,222455m33z,メンツ＋リャンメントイツ,3m 5m 6m 3z,4,12,1,0,12,6.909091,"(12, 4, 0, 12, 6.90909)",0,11,122245m 122255m 222245m 222255m 222445m 222457m 222458m 222459m 222557m 222558m 222559m
222556m,222556m33z,メンツ＋リャンメントイツ,4m 5m 7m 3z,4,12,1,0,12,6.909091,"(12, 4, 0, 12, 6.90909)",0,11,122255m 122256m 222255m 222256m 222355m 222356m 222558m 222559m 222566m 222568m 222569m
222566m,222566m33z,メンツ＋リャンメントイツ,4m 6m 7m 3z,4,12,1,0,12,6.909091,"(12, 4, 0, 12, 6.90909)",0,11,122256m 122266m 222256m 222266m 222356m 222366m 222556m 222568m 222569m 222668m 222669m
222667m,222667m33z,メンツ＋リャンメントイツ,5m 6m 8m 3z,4,12,1,0,12,6.909091,"(12, 4, 0, 12, 6.90909)",0,11,122266m 122267m 222266m 222267m 222366m 222367m 222466m 222467m 222669m 222677m 222679m
222677m,222677m33z,メンツ＋リャンメントイツ,5m 7m 8m 3z,4,12,1,0,12,6.909091,"(12, 4, 0, 12, 6.90909)",0,11,122267m 122277m 222267m 222277m 222367m 222377m 222467m 222477m 222667m 222679m 222779m
222778m,222778m33z,メンツ＋リャンメントイツ,6m 7m 9m 3z,4,12,1,0,12,6.909091,"(12, 4, 0, 12, 6.90909)",0,11,122277m 122278m 222277m 222278m 222377m 222378m 222477m 222478m 222577m 222578m 222788m
222788m,222788m33z,メンツ＋リャンメントイツ,6m 8m 9m 3z,4,12,1,0,12,6.545455,"(12, 4, 0, 12, 6.54545)",0,11,122278m 122288m 222278m 222288m 222378m 222388m 222478m 222488m 222578m 222588m 222778m
223333m,223333m33z,メンツ＋リャンメントイツ,1m 2m 4m 3z,4,12,1,0,8,6.000000,"(12, 4, 0, 8, 6)",0,10,223335m 223336m 223337m 223338m 223339m 233335m 233336m 233337m 233338m 233339m
223555m,223555m33z,メンツ＋リャンメントイツ,1m 2m 4m 3z,4,12,1,0,12,6.545455,"(12, 4, 0, 12, 6.54545)",0,11,225555m 225556m 225557m 225558m 225559m 233555m 235555m 235556m 235557m 235558m 235559m
223567m,223567m33z,メンツ＋リャンメントイツ,1m 2m 4m 3z,4,12,1,0,12,7.000000,"(12, 4, 0, 12, 7)",0,12,223678m 225567m 225667m 225677m 225678m 225679m 233567m 235567m 235667m 235677m 235678m 235679m
223666m,223666m33z,メンツ＋リャンメントイツ,1m 2m 4m 3z,4,12,1,0,12,6.545455,"(12, 4, 0, 12, 6.54545)",0,11,225666m 226666m 226667m 226668m 226669m 233666m 235666m 236666m 236667m 236668m 236669m
223678m,223678m33z,メンツ＋リャンメントイツ,1m 2m 4m 3z,4,12,1,0,12,7.384615,"(12, 4, 0, 12, 7.38462)",0,13,223567m 223789m 225678m 226678m 226778m 226788m 226789m 233678m 235678m 236678m 236778m 236788m 236789m
223777m,223777m33z,メンツ＋リャンメントイツ,1m 2m 4m 3z,4,12,1,0,12,6.545455,"(12, 4, 0, 12, 6.54545)",0,11,225777m 226777m 227777m 227778m 227779m 233777m 235777m 236777m 237777m 237778m 237779m
223789m,223789m33z,メンツ＋リャンメントイツ,1m 2m 4m 3z,4,12,1,0,12,7.000000,"(12, 4, 0, 12, 7)",0,12,223678m 225789m 226789m 227789m 227889m 227899m 233789m 235789m 236789m 237789m 237889m 237899m
223888m,223888m33z,メンツ＋リャンメントイツ,1m 2m 4m 3z,4,12,1,0,12,6.545455,"(12, 4, 0, 12, 6.54545)",0,11,225888m 226888m 227888m 228888m 228889m 233888m 235888m 236888m 237888m 238888m 238889m
223999m,223999m33z,メンツ＋リャンメントイツ,1m 2m 4m 3z,4,12,1,0,12,6.545455,"(12, 4, 0, 12, 6.54545)",0,11,225999m 226999m 227999m 228999m 229999m 233999m 235999m 236999m 237999m 238999m 239999m
233555m,233555m33z,メンツ＋リャンメントイツ,1m 3m 4m 3z,4,12,1,0,12,6.909091,"(12, 4, 0, 12, 6.90909)",0,11,223555m 235555m 235556m 235557m 235558m 235559m 335555m 335556m 335557m 335558m 335559m
233567m,233567m33z,メンツ＋リャンメントイツ,1m 3m 4m 3z,4,12,1,0,12,7.666667,"(12, 4, 0, 12, 7.66667)",0,12,223567m 233678m 235567m 235667m 235677m 235678m 235679m 335567m 335667m 335677m 335678m 335679m
233666m,233666m33z,メンツ＋リャンメントイツ,1m 3m 4m 3z,4,12,1,0,12,6.909091,"(12, 4, 0, 12, 6.90909)",0,11,223666m 235666m 236666m 236667m 236668m 236669m 335666m 336666m 336667m 336668m 336669m
233678m,233678m33z,メンツ＋リャンメントイツ,1m 3m 4m 3z,4,12,1,0,12,7.692308,"(12, 4, 0, 12, 7.69231)",0,13,223678m 233567m 233789m 235678m 236678m 236778m 236788m 236789m 335678m 336678m 336778m 336788m 336789m
233777m,233777m33z,メンツ＋リャンメントイツ,1m 3m 4m 3z,4,12,1,0,12,6.909091,"(12, 4, 0, 12, 6.90909)",0,11,223777m 235777m 236777m 237777m 237778m 237779m 335777m 336777m 337777m 337778m 337779m
233789m,233789m33z,メンツ＋リャンメントイツ,1m 3m 4m 3z,4,12,1,0,12,7.333333,"(12, 4, 0, 12, 7.33333)",0,12,223789m 233678m 235789m 236789m 237789m 237889m 237899m 335789m 336789m 337789m 337889m 337899m
233888m,233888m33z,メンツ＋リャンメントイツ,1m 3m 4m 3z,4,12,1,0,12,6.909091,"(12, 4, 0, 12, 6.90909)",0,11,223888m 235888m 236888m 237888m 238888m 238889m 335888m 336888m 337888m 338888m 338889m
233999m,233999m33z,メンツ＋リャンメントイツ,1m 3m 4m 3z,4,12,1,0,12,6.909091,"(12, 4, 0, 12, 6.90909)",0,11,223999m 235999m 236999m 237999m 238999m 239999m 335999m 336999m 337999m 338999m 339999m
234667m,234667m33z,メンツ＋リャンメントイツ,5m 6m 8m 3z,4,12,1,0,12,7.666667,"(12, 4, 0, 12, 7.66667)",0,12,123466m 123467m 123667m 223466m 223467m 233466m 233467m 234466m 234467m 234669m 234677m 234679m
234677m,234677m33z,メンツ＋リャンメントイツ,5m 7m 8m 3z,4,12,1,0,12,7.333333,"(12, 4, 0, 12, 7.33333)",0,12,123467m 123477m 123677m 223467m 223477m 233467m 233477m 234467m 234477m 234667m 234679m 234779m
234778m,234778m33z,メンツ＋リャンメントイツ,6m 7m 9m 3z,4,12,1,0,12,7.692308,"(12, 4, 0, 12, 7.69231)",0,13,123477m 123478m 123778m 223477m 223478m 233477m 233478m 234477m 234478m 234577m 234578m 234788m 345778m
234788m,234788m33z,メンツ＋リャンメントイツ,6m 8m 9m 3z,4,12,1,0,12,7.384615,"(12, 4, 0, 12, 7.38462)",0,13,123478m 123488m 123788m 223478m 223488m 233478m 233488m 234478m 234488m 234578m 234588m 234778m 345788m
333344m,333344m33z,メンツ＋リャンメントイツ,2m 4m 5m 3z,4,12,1,0,8,6.400000,"(12, 4, 0, 8, 6.4)",0,10,133334m 133344m 333346m 333347m 333348m 333349m 333446m 333447m 333448m 333449m
333556m,333556m33z,メンツ＋リャンメントイツ,4m 5m 7m 3z,4,12,1,0,12,6.909091,"(12, 4, 0, 12, 6.90909)",0,11,133355m 133356m 233355m 233356m 333355m 333356m 333558m 333559m 333566m 333568m 333569m
333566m,333566m33z,メンツ＋リャンメントイツ,4m 6m 7m 3z,4,12,1,0,12,6.909091,"(12, 4, 0, 12, 6.90909)",0,11,133356m 133366m 233356m 233366m 333356m 333366m 333556m 333568m 333569m 333668m 333669m
333667m,333667m33z,メンツ＋リャンメントイツ,5m 6m 8m 3z,4,12,1,0,12,6.909091,"(12, 4, 0, 12, 6.90909)",0,11,133366m 133367m 233366m 233367m 333366m 333367m 333466m 333467m 333669m 333677m 333679m
333677m,333677m33z,メンツ＋リャンメントイツ,5m 7m 8m 3z,4,12,1,0,12,6.909091,"(12, 4, 0, 12, 6.90909)",0,11,133367m 133377m 233367m 233377m 333367m 333377m 333467m 333477m 333667m 333679m 333779m
333778m,333778m33z,メンツ＋リャンメントイツ,6m 7m 9m 3z,4,12,1,0,12,6.909091,"(12, 4, 0, 12, 6.90909)",0,11,133377m 133378m 233377m 233378m 333377m 333378m 333477m 333478m 333577m 333578m 333788m
333788m,333788m33z,メンツ＋リャンメントイツ,6m 8m 9m 3z,4,12,1,0,12,6.545455,"(12, 4, 0, 12, 6.54545)",0,11,133378m 133388m 233378m 233388m 333378m 333388m 333478m 333488m 333578m 333588m 333778m
334444m,334444m33z,メンツ＋リャンメントイツ,2m 3m 5m 3z,4,12,1,0,8,6.400000,"(12, 4, 0, 8, 6.4)",0,10,133444m 134444m 334446m 334447m 334448m 334449m 344446m 344447m 344448m 344449m
334666m,334666m33z,メンツ＋リャンメントイツ,2m 3m 5m 3z,4,12,1,0,12,6.909091,"(12, 4, 0, 12, 6.90909)",0,11,133666m 134666m 336666m 336667m 336668m 336669m 344666m 346666m 346667m 346668m 346669m
334678m,334678m33z,メンツ＋リャンメントイツ,2m 3m 5m 3z,4,12,1,0,12,7.333333,"(12, 4, 0, 12, 7.33333)",0,12,133678m 134678m 334789m 336678m 336778m 336788m 336789m 344678m 346678m 346778m 346788m 346789m
334777m,334777m33z,メンツ＋リャンメントイツ,2m 3m 5m 3z,4,12,1,0,12,6.909091,"(12, 4, 0, 12, 6.90909)",0,11,133777m 134777m 336777m 337777m 337778m 337779m 344777m 346777m 347777m 347778m 347779m
334789m,334789m33z,メンツ＋リャンメントイツ,2m 3m 5m 3z,4,12,1,0,12,7.333333,"(12, 4, 0, 12, 7.33333)",0,12,133789m 134789m 334678m 336789m 337789m 337889m 337899m 344789m 346789m 347789m 347889m 347899m
334888m,334888m33z,メンツ＋リャンメントイツ,2m 3m 5m 3z,4,12,1,0,12,6.909091,"(12, 4, 0, 12, 6.90909)",0,11,133888m 134888m 336888m 337888m 338888m 338889m 344888m 346888m 347888m 348888m 348889m
334999m,334999m33z,メンツ＋リャンメントイツ,2m 3m 5m 3z,4,12,1,0,12,6.909091,"(12, 4, 0, 12, 6.90909)",0,11,133999m 134999m 336999m 337999m 338999m 339999m 344999m 346999m 347999m 348999m 349999m
344666m,344666m33z,メンツ＋リャンメントイツ,2m 4m 5m 3z,4,12,1,0,12,6.909091,"(12, 4, 0, 12, 6.90909)",0,11,134666m 144666m 334666m 346666m 346667m 346668m 346669m 446666m 446667m 446668m 446669m
344678m,344678m33z,メンツ＋リャンメントイツ,2m 4m 5m 3z,4,12,1,0,12,7.666667,"(12, 4, 0, 12, 7.66667)",0,12,134678m 144678m 334678m 344789m 346678m 346778m 346788m 346789m 446678m 446778m 446788m 446789m
344777m,344777m33z,メンツ＋リャンメントイツ,2m 4m 5m 3z,4,12,1,0,12,6.909091,"(12, 4, 0, 12, 6.90909)",0,11,134777m 144777m 334777m 346777m 347777m 347778m 347779m 446777m 447777m 447778m 447779m
344789m,344789m33z,メンツ＋リャンメントイツ,2m 4m 5m 3z,4,12,1,0,12,7.333333,"(12, 4, 0, 12, 7.33333)",0,12,134789m 144789m 334789m 344678m 346789m 347789m 347889m 347899m 446789m 447789m 447889m 447899m
344888m,344888m33z,メンツ＋リャンメントイツ,2m 4m 5m 3z,4,12,1,0,12,6.909091,"(12, 4, 0, 12, 6.90909)",0,11,134888m 144888m 334888m 346888m 347888m 348888m 348889m 446888m 447888m 448888m 448889m
344999m,344999m33z,メンツ＋リャンメントイツ,2m 4m 5m 3z,4,12,1,0,12,6.909091,"(12, 4, 0, 12, 6.90909)",0,11,134999m 144999m 334999m 346999m 347999m 348999m 349999m 446999m 447999m 448999m 449999m
345778m,345778m33z,メンツ＋リャンメントイツ,6m 7m 9m 3z,4,12,1,0,12,7.666667,"(12, 4, 0, 12, 7.66667)",0,12,134577m 134578m 234577m 234578m 234778m 334577m 334578m 344577m 344578m 345577m 345578m 345788m
345788m,345788m33z,メンツ＋リャンメントイツ,6m 8m 9m 3z,4,12,1,0,12,7.000000,"(12, 4, 0, 12, 7)",0,12,134578m 134588m 234578m 234588m 234788m 334578m 334588m 344578m 344588m 345578m 345588m 345778m
444455m,444455m33z,メンツ＋リャンメントイツ,3m 5m 6m 3z,4,12,1,0,8,6.400000,"(12, 4, 0, 8, 6.4)",0,10,144445m 144455m 244445m 244455m 444457m 444458m 444459m 444557m 444558m 444559m
444667m,444667m33z,メンツ＋リャンメントイツ,5m 6m 8m 3z,4,12,1,0,12,6.909091,"(12, 4, 0, 12, 6.90909)",0,11,144466m 144467m 244466m 244467m 344466m 344467m 444466m 444467m 444669m 444677m 444679m
444677m,444677m33z,メンツ＋リャンメントイツ,5m 7m 8m 3z,4,12,1,0,12,6.909091,"(12, 4, 0, 12, 6.90909)",0,11,144467m 144477m 244467m 244477m 344467m 344477m 444467m 444477m 444667m 444679m 444779m
444778m,444778m33z,メンツ＋リャンメントイツ,6m 7m 9m 3z,4,12,1,0,12,6.909091,"(12, 4, 0, 12, 6.90909)",0,11,144477m 144478m 244477m 244478m 344477m 344478m 444477m 444478m 444577m 444578m 444788m
444788m,444788m33z,メンツ＋リャンメントイツ,6m 8m 9m 3z,4,12,1,0,12,6.545455,"(12, 4, 0, 12, 6.54545)",0,11,144478m 144488m 244478m 244488m 344478m 344488m 444478m 444488m 444578m 444588m 444778m
445555m,445555m33z,メンツ＋リャンメントイツ,3m 4m 6m 3z,4,12,1,0,8,6.400000,"(12, 4, 0, 8, 6.4)",0,10,144555m 145555m 244555m 245555m 445557m 445558m 445559m 455557m 455558m 455559m
445777m,445777m33z,メンツ＋リャンメントイツ,3m 4m 6m 3z,4,12,1,0,12,6.909091,"(12, 4, 0, 12, 6.90909)",0,11,144777m 145777m 244777m 245777m 447777m 447778m 447779m 455777m 457777m 457778m 457779m
445789m,445789m33z,メンツ＋リャンメントイツ,3m 4m 6m 3z,4,12,1,0,12,6.909091,"(12, 4, 0, 12, 6.90909)",0,11,144789m 145789m 244789m 245789m 447789m 447889m 447899m 455789m 457789m 457889m 457899m
445888m,445888m33z,メンツ＋リャンメントイツ,3m 4m 6m 3z,4,12,1,0,12,6.909091,"(12, 4, 0, 12, 6.90909)",0,11,144888m 145888m 244888m 245888m 447888m 448888m 448889m 455888m 457888m 458888m 458889m
445999m,445999m33z,メンツ＋リャンメントイツ,3m 4m 6m 3z,4,12,1,0,12,6.909091,"(12, 4, 0, 12, 6.90909)",0,11,144999m 145999m 244999m 245999m 447999m 448999m 449999m 455999m 457999m 458999m 459999m
455777m,455777m33z,メンツ＋リャンメントイツ,3m 5m 6m 3z,4,12,1,0,12,6.909091,"(12, 4, 0, 12, 6.90909)",0,11,145777m 155777m 245777m 255777m 445777m 457777m 457778m 457779m 557777m 557778m 557779m
455789m,455789m33z,メンツ＋リャンメントイツ,3m 5m 6m 3z,4,12,1,0,12,6.909091,"(12, 4, 0, 12, 6.90909)",0,11,145789m 155789m 245789m 255789m 445789m 457789m 457889m 457899m 557789m 557889m 557899m
455888m,455888m33z,メンツ＋リャンメントイツ,3m 5m 6m 3z,4,12,1,0,12,6.909091,"(12, 4, 0, 12, 6.90909)",0,11,145888m 155888m 245888m 255888m 445888m 457888m 458888m 458889m 557888m 558888m 558889m
455999m,455999m33z,メンツ＋リャンメントイツ,3m 5m 6m 3z,4,12,1,0,12,6.909091,"(12, 4, 0, 12, 6.90909)",0,11,145999m 155999m 245999m 255999m 445999m 457999m 458999m 459999m 557999m 558999m 559999m
555566m,555566m33z,メンツ＋リャンメントイツ,4m 6m 7m 3z,4,12,1,0,8,6.400000,"(12, 4, 0, 8, 6.4)",0,10,155556m 155566m 255556m 255566m 355556m 355566m 555568m 555569m 555668m 555669m
555778m,555778m33z,メンツ＋リャンメントイツ,6m 7m 9m 3z,4,12,1,0,12,6.909091,"(12, 4, 0, 12, 6.90909)",0,11,155577m 155578m 255577m 255578m 355577m 355578m 455577m 455578m 555577m 555578m 555788m
555788m,555788m33z,メンツ＋リャンメントイツ,6m 8m 9m 3z,4,12,1,0,12,6.545455,"(12, 4, 0, 12, 6.54545)",0,11,155578m 155588m 255578m 255588m 355578m 355588m 455578m 455588m 555578m 555588m 555778m
556666m,556666m33z,メンツ＋リャンメントイツ,4m 5m 7m 3z,4,12,1,0,8,6.400000,"(12, 4, 0, 8, 6.4)",0,10,155666m 156666m 255666m 256666m 355666m 356666m 556668m 556669m 566668m 566669m
556888m,556888m33z,メンツ＋リャンメントイツ,4m 5m 7m 3z,4,12,1,0,12,6.909091,"(12, 4, 0, 12, 6.90909)",0,11,155888m 156888m 255888m 256888m 355888m 356888m 558888m 558889m 566888m 568888m 568889m
556999m,556999m33z,メンツ＋リャンメントイツ,4m 5m 7m 3z,4,12,1,0,12,6.909091,"(12, 4, 0, 12, 6.90909)",0,11,155999m 156999m 255999m 256999m 355999m 356999m 558999m 559999m 566999m 568999m 569999m
566888m,566888m33z,メンツ＋リャンメントイツ,4m 6m 7m 3z,4,12,1,0,12,6.909091,"(12, 4, 0, 12, 6.90909)",0,11,156888m 166888m 256888m 266888m 356888m 366888m 556888m 568888m 568889m 668888m 668889m
566999m,566999m33z,メンツ＋リャンメントイツ,4m 6m 7m 3z,4,12,1,0,12,6.909091,"(12, 4, 0, 12, 6.90909)",0,11,156999m 166999m 256999m 266999m 356999m 366999m 556999m 568999m 569999m 668999m 669999m
666677m,666677m33z,メンツ＋リャンメントイツ,5m 7m 8m 3z,4,12,1,0,8,6.400000,"(12, 4, 0, 8, 6.4)",0,10,166667m 166677m 266667m 266677m 366667m 366677m 466667m 466677m 666679m 666779m
667777m,667777m33z,メンツ＋リャンメントイツ,5m 6m 8m 3z,4,12,1,0,8,6.400000,"(12, 4, 0, 8, 6.4)",0,10,166777m 167777m 266777m 267777m 366777m 367777m 466777m 467777m 667779m 677779m
667999m,667999m33z,メンツ＋リャンメントイツ,5m 6m 8m 3z,4,12,1,0,12,6.909091,"(12, 4, 0, 12, 6.90909)",0,11,166999m 167999m 266999m 267999m 366999m 367999m 466999m 467999m 669999m 677999m 679999m
677999m,677999m33z,メンツ＋リャンメントイツ,5m 7m 8m 3z,4,12,1,0,12,6.909091,"(12, 4, 0, 12, 6.90909)",0,11,167999m 177999m 267999m 277999m 367999m 377999m 467999m 477999m 667999m 679999m 779999m
777788m,777788m33z,メンツ＋リャンメントイツ,6m 8m 9m 3z,4,12,1,0,8,6.000000,"(12, 4, 0, 8, 6)",0,10,177778m 177788m 277778m 277788m 377778m 377788m 477778m 477788m 577778m 577788m
778888m,778888m33z,メンツ＋リャンメントイツ,6m 7m 9m 3z,4,12,1,0,8,6.400000,"(12, 4, 0, 8, 6.4)",0,10,177888m 178888m 277888m 278888m 377888m 378888m 477888m 478888m 577888m 578888m
112334m,112334m33z,リャンメンシャンポン・2121型,1m 2m 5m 3z,4,11,1,0,11,5.823529,"(11, 4, 0, 11, 5.82353)",0,17,112333m 112336m 112337m 112338m 112339m 112344m 112346m 112347m 112348m 112349m 113334m 123334m 123344m 123346m 123347m 123348m 123349m
112345m,112345m33z,ピアノ＋α型,1m 3m 6m 3z,4,11,1,0,11,5.789474,"(11, 4, 0, 11, 5.78947)",0,19,112234m 112235m 112344m 112347m 112348m 112349m 112355m 112357m 113445m 113455m 113457m 113458m 113459m 122345m 123445m 123455m 123457m 123458m 123459m
122345m,122345m33z,ピアノ＋α型,2m 3m 6m 3z,4,11,1,0,11,6.368421,"(11, 4, 0, 11, 6.36842)",0,19,112234m 112235m 112345m 122344m 122347m 122348m 122349m 122355m 122357m 123445m 123455m 123457m 123458m 123459m 223445m 223455m 223457m 223458m 223459m
123344m,123344m33z,リャンメンシャンポン・2211型,2m 4m 5m 3z,4,11,1,1,12,7.000000,"(11, 4, 1, 12, 7)",1,17,112334m 112344m 123334m 123346m 123347m 123348m 123349m 123446m 123447m 123448m 123449m 133344m 233344m 233446m 233447m 233448m 233449m
123445m,123445m33z,ピアノ＋α型,3m 4m 6m 3z,4,11,1,0,11,7.388889,"(11, 4, 0, 11, 7.38889)",0,18,112344m 112345m 113445m 122344m 122345m 123447m 123448m 123449m 123455m 123457m 123458m 123459m 134455m 223445m 234455m 234457m 234458m 234459m
123455m,123455m33z,ピアノ＋α型,3m 5m 6m 3z,4,11,1,0,11,6.631579,"(11, 4, 0, 11, 6.63158)",0,19,112345m 112355m 113455m 122345m 122355m 123445m 123457m 123458m 123459m 123557m 123558m 123559m 134455m 134557m 223455m 234455m 234557m 234558m 234559m
133345m,133345m33z,エントツカンチャン,2m 3m 6m 3z,4,11,1,2,16,6.437500,"(11, 4, 2, 16, 6.4375)",1,16,113334m 113335m 113345m 133344m 133355m 133357m 133445m 133455m 133457m 133458m 133459m 333445m 333455m 333457m 333458m 333459m
223345m,223345m33z,リャンメンシャンポン・2211型,1m 2m 4m 3z,4,11,1,4,15,8.588235,"(11, 4, 4, 15, 8.58824)",1,17,223334m 223335m 223346m 223347m 223348m 223349m 223455m 223456m 223457m 223458m 223459m 233345m 233455m 233456m 233457m 233458m 233459m
223445m,223445m33z,リャンメンシャンポン・2121型,2m 3m 6m 3z,4,11,1,2,14,7.176471,"(11, 4, 2, 14, 7.17647)",1,17,122344m 122345m 123445m 223444m 223447m 223448m 223449m 223455m 223457m 223458m 223459m 224445m 234445m 234455m 234457m 234458m 234459m
233455m,233455m33z,リャンメンシャンポン・2121型,1m 4m 5m 3z,4,11,1,4,15,8.352941,"(11, 4, 4, 15, 8.35294)",1,17,223345m 223455m 233345m 233355m 233456m 233457m 233458m 233459m 234556m 234557m 234558m 234559m 333455m 334556m 334557m 334558m 334559m
234446m,234446m33z,エントツカンチャン,1m 4m 5m 3z,4,11,1,2,16,6.894737,"(11, 4, 2, 16, 6.89474)",1,19,223444m 223446m 224446m 233444m 233446m 234447m 234448m 234449m 234466m 234467m 234468m 234469m 244466m 244467m 244468m 334446m 344466m 344467m 344468m
234455m,234455m33z,リャンメンシャンポン・2211型,3m 5m 6m 3z,4,11,1,2,14,7.882353,"(11, 4, 2, 14, 7.88235)",1,17,123445m 123455m 134455m 223445m 223455m 234445m 234457m 234458m 234459m 234557m 234558m 234559m 244455m 344455m 344557m 344558m 344559m
244456m,244456m33z,エントツカンチャン,3m 4m 7m 3z,4,11,1,2,16,6.166667,"(11, 4, 2, 16, 6.16667)",1,18,124445m 124446m 124456m 144456m 224445m 224446m 224456m 244455m 244466m 244468m 244556m 244566m 244568m 244569m 444556m 444566m 444568m 444569m
334456m,334456m33z,リャンメンシャンポン・2211型,2m 3m 5m 3z,4,11,1,4,15,8.823529,"(11, 4, 4, 15, 8.82353)",1,17,133445m 133456m 134456m 334445m 334446m 334457m 334458m 334459m 334566m 334567m 334568m 334569m 344456m 344566m 344567m 344568m 344569m
334556m,334556m33z,リャンメンシャンポン・2121型,3m 4m 7m 3z,4,11,1,4,15,8.588235,"(11, 4, 4, 15, 8.58824)",1,17,133455m 133456m 134556m 233455m 233456m 234556m 334555m 334558m 334559m 334566m 334568m 334569m 335556m 345556m 345566m 345568m 345569m
344566m,344566m33z,リャンメンシャンポン・2121型,2m 5m 6m 3z,4,11,1,4,15,8.588235,"(11, 4, 4, 15, 8.58824)",1,17,134456m 134566m 144566m 334456m 334566m 344456m 344466m 344567m 344568m 344569m 345667m 345668m 345669m 444566m 445667m 445668m 445669m
345557m,345557m33z,エントツカンチャン,2m 5m 6m 3z,4,11,1,2,16,6.750000,"(11, 4, 2, 16, 6.75)",1,20,134555m 134557m 135557m 334555m 334557m 335557m 344555m 344557m 345558m 345559m 345577m 345578m 345579m 355577m 355578m 355579m 445557m 455577m 455578m 455579m
345566m,345566m33z,リャンメンシャンポン・2211型,4m 6m 7m 3z,4,11,1,4,15,8.823529,"(11, 4, 4, 15, 8.82353)",1,17,134556m 134566m 145566m 234556m 234566m 245566m 334556m 334566m 345556m 345568m 345569m 345668m 345669m 355566m 455566m 455668m 455669m
355567m,355567m33z,エントツカンチャン,4m 5m 8m 3z,4,11,1,2,16,6.750000,"(11, 4, 2, 16, 6.75)",1,20,135556m 135557m 135567m 155567m 235556m 235557m 235567m 255567m 335556m 335557m 335567m 355566m 355577m 355579m 355667m 355677m 355679m 555667m 555677m 555679m
445567m,445567m33z,リャンメンシャンポン・2211型,3m 4m 6m 3z,4,11,1,4,15,8.823529,"(11, 4, 4, 15, 8.82353)",1,17,144556m 144567m 145567m 244556m 244567m 245567m 445556m 445557m 445568m 445569m 445677m 445678m 445679m 455567m 455677m 455678m 455679m
445667m,445667m33z,リャンメンシャンポン・2121型,4m 5m 8m 3z,4,11,1,4,15,8.588235,"(11, 4, 4, 15, 8.58824)",1,17,144566m 144567m 145667m 244566m 244567m 245667m 344566m 344567m 345667m 445666m 445669m 445677m 445679m 446667m 456667m 456677m 456679m
455677m,455677m33z,リャンメンシャンポン・2121型,3m 6m 7m 3z,4,11,1,4,15,8.588235,"(11, 4, 4, 15, 8.58824)",1,17,145567m 145677m 155677m 245567m 245677m 255677m 445567m 445677m 455567m 455577m 455678m 455679m 456778m 456779m 555677m 556778m 556779m
456668m,456668m33z,エントツカンチャン,3m 6m 7m 3z,4,11,1,2,16,6.166667,"(11, 4, 2, 16, 6.16667)",1,18,145666m 145668m 245666m 245668m 246668m 445666m 445668m 446668m 455666m 455668m 456669m 456688m 456689m 466688m 466689m 556668m 566688m 566689m
456677m,456677m33z,リャンメンシャンポン・2211型,5m 7m 8m 3z,4,11,1,4,15,8.823529,"(11, 4, 4, 15, 8.82353)",1,17,145667m 145677m 156677m 245667m 245677m 256677m 345667m 345677m 356677m 445667m 445677m 456667m 456679m 456779m 466677m 566677m 566779m
466678m,466678m33z,エントツカンチャン,5m 6m 9m 3z,4,11,1,2,16,6.894737,"(11, 4, 2, 16, 6.89474)",1,19,146678m 166678m 246667m 246668m 246678m 266678m 346667m 346668m 346678m 366678m 446667m 446668m 446678m 466677m 466688m 466778m 466788m 666778m 666788m
556678m,556678m33z,リャンメンシャンポン・2211型,4m 5m 7m 3z,4,11,1,2,14,7.882353,"(11, 4, 2, 14, 7.88235)",1,17,155667m 155678m 156678m 255667m 255678m 256678m 355667m 355678m 356678m 556667m 556668m 556679m 556788m 556789m 566678m 566788m 566789m
556778m,556778m33z,リャンメンシャンポン・2121型,5m 6m 9m 3z,4,11,1,4,15,8.352941,"(11, 4, 4, 15, 8.35294)",1,17,155677m 155678m 156778m 255677m 255678m 256778m 355677m 355678m 356778m 455677m 455678m 456778m 556777m 556788m 557778m 567778m 567788m
556789m,556789m33z,ピアノ＋α型,4m 5m 7m 3z,4,11,1,0,11,6.631579,"(11, 4, 0, 11, 6.63158)",0,19,155678m 155789m 156789m 255678m 255789m 256789m 355678m 355679m 355789m 356789m 556678m 556679m 556788m 556799m 557889m 557899m 566789m 567889m 567899m
566788m,566788m33z,リャンメンシャンポン・2121型,4m 7m 8m 3z,4,11,1,2,14,7.176471,"(11, 4, 2, 14, 7.17647)",1,17,156678m 156788m 166788m 256678m 256788m 266788m 356678m 356788m 366788m 556678m 556788m 566678m 566688m 566789m 567889m 666788m 667889m
566789m,566789m33z,ピアノ＋α型,4m 6m 7m 3z,4,11,1,0,11,7.388889,"(11, 4, 0, 11, 7.38889)",0,18,156678m 156789m 166789m 256678m 256789m 266789m 356678m 356789m 366789m 556678m 556679m 556789m 566788m 566799m 567889m 567899m 667889m 667899m
567779m,567779m33z,エントツカンチャン,4m 7m 8m 3z,4,11,1,2,16,6.437500,"(11, 4, 2, 16, 6.4375)",1,16,156777m 156779m 256777m 256779m 356777m 356779m 357779m 556777m 556779m 557779m 566777m 566779m 567799m 577799m 667779m 677799m
567788m,567788m33z,リャンメンシャンポン・2211型,6m 8m 9m 3z,4,11,1,4,15,8.588235,"(11, 4, 4, 15, 8.58824)",1,17,156778m 156788m 167788m 256778m 256788m 267788m 356778m 356788m 367788m 456778m 456788m 467788m 556778m 556788m 567778m 577788m 677788m
567889m,567889m33z,ピアノ＋α型,4m 7m 8m 3z,4,11,1,0,11,6.368421,"(11, 4, 0, 11, 6.36842)",0,19,156788m 156789m 167889m 256788m 256789m 267889m 356788m 356789m 357889m 367889m 556788m 556789m 557889m 566788m 566789m 567899m 578899m 667889m 678899m
567899m,567899m33z,ピアノ＋α型,4m 7m 9m 3z,4,11,1,0,11,5.789474,"(11, 4, 0, 11, 5.78947)",0,19,156789m 156799m 167899m 256789m 256799m 267899m 356789m 356799m 357899m 367899m 556789m 556799m 557899m 566789m 566799m 567889m 578899m 667899m 678899m
667789m,667789m33z,リャンメンシャンポン・2211型,5m 6m 8m 3z,4,11,1,1,12,7.000000,"(11, 4, 1, 12, 7)",1,17,166778m 166789m 167789m 266778m 266789m 267789m 366778m 366789m 367789m 466778m 466789m 467789m 667778m 667779m 667899m 677789m 677899m
677899m,677899m33z,リャンメンシャンポン・2121型,5m 8m 9m 3z,4,11,1,0,11,5.823529,"(11, 4, 0, 11, 5.82353)",0,17,167789m 167899m 177899m 267789m 267899m 277899m 367789m 367899m 377899m 467789m 467899m 477899m 667789m 667899m 677789m 677799m 777899m
134556m,134556m33z,リャンメンカンチャン,2m 4m 7m,3,11,1,1,14,7.176471,"(11, 3, 1, 14, 7.17647)",1,17,113455m 113456m 114556m 133455m 133456m 134555m 134566m 134568m 134569m 135556m 145556m 145566m 334556m 345556m 345566m 345568m 345569m
134567m,134567m33z,三面張＋不要牌,2m 5m 8m,3,11,1,4,15,7.208333,"(11, 3, 4, 15, 7.20833)",1,24,113456m 113457m 113567m 114567m 133456m 133457m 133567m 134456m 134566m 134569m 134577m 134579m 135667m 135677m 135679m 144567m 145667m 145677m 145679m 334567m 344567m 345667m 345677m 345679m
145678m,145678m33z,三面張＋不要牌,3m 6m 9m,3,11,1,4,15,6.714286,"(11, 3, 4, 15, 6.71429)",1,21,114567m 114568m 114678m 115678m 124567m 124568m 124678m 125678m 144567m 144678m 145567m 145677m 145688m 155678m 156778m 156788m 245678m 445678m 455678m 456778m 456788m
233457m,233457m33z,リャンメンカンチャン,1m 4m 6m,3,11,1,1,14,7.142857,"(11, 3, 1, 14, 7.14286)",1,21,223345m 223347m 223457m 233345m 233347m 233357m 233455m 233458m 233459m 233477m 233478m 233479m 234557m 234577m 234578m 234579m 333457m 334557m 334577m 334578m 334579m
234568m,234568m33z,三面張＋不要牌,1m 4m 7m,3,11,1,4,15,7.208333,"(11, 3, 4, 15, 7.20833)",1,24,223456m 223458m 223468m 224568m 233456m 233458m 233468m 234556m 234558m 234566m 234569m 234588m 234589m 234668m 234688m 234689m 245668m 245688m 245689m 334568m 345568m 345668m 345688m 345689m
234569m,234569m33z,三面張＋不要牌,1m 4m 7m,3,11,1,4,15,6.714286,"(11, 3, 4, 15, 6.71429)",1,21,223456m 223459m 224569m 233456m 233459m 234556m 234559m 234566m 234568m 234589m 234599m 234669m 234689m 234699m 245689m 245699m 334569m 345569m 345669m 345689m 345699m
245667m,245667m33z,リャンメンカンチャン,3m 5m 8m,3,11,1,1,14,6.842105,"(11, 3, 1, 14, 6.84211)",1,19,124566m 124567m 125667m 145667m 224566m 224567m 225667m 244566m 244567m 245666m 245677m 245679m 246667m 256667m 256677m 445667m 456667m 456677m 456679m
245678m,245678m33z,三面張＋不要牌,3m 6m 9m,3,11,1,4,15,7.208333,"(11, 3, 4, 15, 7.20833)",1,24,124567m 124568m 124678m 125678m 145678m 224567m 224568m 224678m 225678m 244567m 244568m 244678m 245567m 245677m 245688m 246778m 246788m 255678m 256778m 256788m 445678m 455678m 456778m 456788m
344568m,344568m33z,リャンメンカンチャン,2m 5m 7m,3,11,1,1,14,6.842105,"(11, 3, 1, 14, 6.84211)",1,19,134456m 134568m 334456m 334458m 334568m 344456m 344458m 344468m 344566m 344569m 344588m 344589m 345668m 345688m 345689m 444568m 445668m 445688m 445689m
345679m,345679m33z,三面張＋不要牌,2m 5m 8m,3,11,1,4,15,7.208333,"(11, 3, 4, 15, 7.20833)",1,24,134567m 134569m 134579m 135679m 145679m 334567m 334569m 334579m 335679m 344567m 344569m 344579m 345667m 345669m 345677m 345699m 345779m 345799m 356779m 356799m 445679m 456679m 456779m 456799m
356778m,356778m33z,リャンメンカンチャン,4m 6m 9m,3,11,1,1,14,7.142857,"(11, 3, 1, 14, 7.14286)",1,21,135677m 135678m 136778m 156778m 235677m 235678m 236778m 256778m 335677m 335678m 336778m 355677m 355678m 356777m 356788m 357778m 367778m 367788m 556778m 567778m 567788m
455679m,455679m33z,リャンメンカンチャン,3m 6m 8m,3,11,1,1,14,7.176471,"(11, 3, 1, 14, 7.17647)",1,17,145567m 145679m 245567m 245679m 445567m 445569m 445679m 455567m 455569m 455579m 455677m 455699m 456779m 456799m 555679m 556779m 556799m
122234m,122234m33z,エントツリャンメン,2m 3m 5m 3z,4,10,1,1,12,5.368421,"(10, 4, 1, 12, 5.36842)",1,19,112223m 112224m 112234m 122236m 122237m 122238m 122239m 122244m 122246m 122344m 122346m 122347m 122348m 122349m 222344m 222346m 222347m 222348m 222349m
123334m,123334m33z,エントツリャンメン,2m 3m 5m 3z,4,10,1,3,12,5.789474,"(10, 4, 3, 12, 5.78947)",1,19,112333m 112334m 113334m 123336m 123337m 123338m 123339m 123344m 123346m 123347m 123348m 123349m 133344m 133346m 233344m 233346m 233347m 233348m 233349m
677789m,677789m33z,エントツリャンメン,5m 7m 8m 3z,4,10,1,3,12,5.789474,"(10, 4, 3, 12, 5.78947)",1,19,167778m 167789m 177789m 267778m 267789m 277789m 367778m 367789m 377789m 467778m 467779m 467789m 477789m 667778m 667779m 667789m 677799m 677899m 777899m
678889m,678889m33z,エントツリャンメン,5m 7m 8m 3z,4,10,1,1,12,5.368421,"(10, 4, 1, 12, 5.36842)",1,19,167888m 167889m 178889m 267888m 267889m 278889m 367888m 367889m 378889m 467888m 467889m 468889m 478889m 667888m 667889m 668889m 678899m 688899m 788899m
112223m,112223m33z,シャンポンリャンメン,1m 2m 3m 3z,4,8,0,1,10,4.166667,"(8, 4, 1, 10, 4.16667)",2,18,112224m 112225m 112226m 112227m 112228m 112229m 112234m 112235m 112236m 112237m 112238m 112239m 122234m 122235m 122236m 122237m 122238m 122239m
112333m,112333m33z,エントツシャンポン,1m 2m 3m 3z,4,8,0,2,11,4.611111,"(8, 4, 2, 11, 4.61111)",1,18,112334m 112335m 112336m 112337m 112338m 112339m 113334m 113335m 113336m 113337m 113338m 113339m 123334m 123335m 123336m 123337m 123338m 123339m
777899m,777899m33z,エントツシャンポン,7m 8m 9m 3z,4,8,0,2,11,4.611111,"(8, 4, 2, 11, 4.61111)",1,18,177789m 177799m 177899m 277789m 277799m 277899m 377789m 377799m 377899m 477789m 477799m 477899m 577789m 577799m 577899m 677789m 677799m 677899m
788899m,788899m33z,シャンポンリャンメン,7m 8m 9m 3z,4,8,0,1,10,4.166667,"(8, 4, 1, 10, 4.16667)",2,18,178889m 178899m 188899m 278889m 278899m 288899m 378889m 378899m 388899m 478889m 478899m 488899m 578889m 578899m 588899m 678889m 678899m 688899m
111122m,111122m33z,メンツ＋ペンチャントイツ,2m 3m 3z,3,8,0,0,8,4.333333,"(8, 3, 0, 8, 4.33333)",0,12,111124m 111125m 111126m 111127m 111128m 111129m 111224m 111225m 111226m 111227m 111228m 111229m
111133m,111133m33z,メンツ＋カンチャントイツ,2m 3m 3z,3,8,0,1,12,5.666667,"(8, 3, 1, 12, 5.66667)",1,12,111134m 111135m 111136m 111137m 111138m 111139m 111334m 111335m 111336m 111337m 111338m 111339m
111224m,111224m33z,とび階段,2m 3m 3z,3,8,0,0,8,5.230769,"(8, 3, 0, 8, 5.23077)",2,13,111122m 111124m 111225m 111226m 111227m 111228m 111229m 111244m 111245m 111246m 111247m 111248m 111249m
111244m,111244m33z,メンツ＋カンチャントイツ,3m 4m 3z,3,8,0,1,12,5.846154,"(8, 3, 1, 12, 5.84615)",1,13,111124m 111144m 111224m 111245m 111246m 111247m 111248m 111249m 111445m 111446m 111447m 111448m 111449m
111335m,111335m33z,メンツ＋カンチャントイツ,3m 4m 3z,3,8,0,1,12,6.428571,"(8, 3, 1, 12, 6.42857)",1,14,111133m 111135m 111233m 111235m 111336m 111337m 111338m 111339m 111355m 111356m 111357m 111358m 111359m 112335m
111355m,111355m33z,メンツ＋カンチャントイツ,4m 5m 3z,3,8,0,1,12,6.214286,"(8, 3, 1, 12, 6.21429)",1,14,111135m 111155m 111235m 111255m 111335m 111356m 111357m 111358m 111359m 111556m 111557m 111558m 111559m 112355m
111446m,111446m33z,メンツ＋カンチャントイツ,4m 5m 3z,3,8,0,1,12,6.461538,"(8, 3, 1, 12, 6.46154)",1,13,111144m 111146m 111244m 111246m 111344m 111346m 111447m 111448m 111449m 111466m 111467m 111468m 111469m
111466m,111466m33z,メンツ＋カンチャントイツ,5m 6m 3z,3,8,0,1,12,6.461538,"(8, 3, 1, 12, 6.46154)",1,13,111146m 111166m 111246m 111266m 111346m 111366m 111446m 111467m 111468m 111469m 111667m 111668m 111669m
111557m,111557m33z,メンツ＋カンチャントイツ,5m 6m 3z,3,8,0,1,12,6.461538,"(8, 3, 1, 12, 6.46154)",1,13,111155m 111157m 111255m 111257m 111355m 111357m 111455m 111457m 111558m 111559m 111577m 111578m 111579m
111577m,111577m33z,メンツ＋カンチャントイツ,6m 7m 3z,3,8,0,1,12,6.461538,"(8, 3, 1, 12, 6.46154)",1,13,111157m 111177m 111257m 111277m 111357m 111377m 111457m 111477m 111557m 111578m 111579m 111778m 111779m
111668m,111668m33z,メンツ＋カンチャントイツ,6m 7m 3z,3,8,0,1,12,5.846154,"(8, 3, 1, 12, 5.84615)",1,13,111166m 111168m 111266m 111268m 111366m 111368m 111466m 111468m 111566m 111568m 111669m 111688m 111689m
111688m,111688m33z,メンツ＋カンチャントイツ,7m 8m 3z,3,8,0,0,8,5.230769,"(8, 3, 0, 8, 5.23077)",2,13,111168m 111188m 111268m 111288m 111368m 111388m 111468m 111488m 111568m 111588m 111668m 111689m 111889m
111779m,111779m33z,メンツ＋カンチャントイツ,7m 8m 3z,3,8,0,1,12,5.846154,"(8, 3, 1, 12, 5.84615)",1,13,111177m 111179m 111277m 111279m 111377m 111379m 111477m 111479m 111577m 111579m 111677m 111679m 111799m
111799m,111799m33z,メンツ＋カンチャントイツ,8m 9m 3z,3,8,0,0,8,4.923077,"(8, 3, 0, 8, 4.92308)",2,13,111179m 111199m 111279m 111299m 111379m 111399m 111479m 111499m 111579m 111599m 111679m 111699m 111779m
111889m,111889m33z,メンツ＋ペンチャントイツ,7m 8m 3z,3,8,0,0,8,4.615385,"(8, 3, 0, 8, 4.61538)",0,13,111188m 111189m 111288m 111289m 111388m 111389m 111488m 111489m 111588m 111589m 111688m 111689m 111899m
111899m,111899m33z,メンツ＋ペンチャントイツ,7m 9m 3z,3,8,0,0,8,4.307692,"(8, 3, 0, 8, 4.30769)",0,13,111189m 111199m 111289m 111299m 111389m 111399m 111489m 111499m 111589m 111599m 111689m 111699m 111889m
112222m,112222m33z,メンツ＋ペンチャントイツ,1m 3m 3z,3,8,0,0,4,4.000000,"(8, 3, 0, 4, 4)",0,12,112224m 112225m 112226m 112227m 112228m 112229m 122224m 122225m 122226m 122227m 122228m 122229m
112346m,112346m33z,カンチャンシャンポン,1m 5m 3z,3,8,0,1,11,6.000000,"(8, 3, 1, 11, 6)",1,18,112234m 112236m 112334m 112336m 112344m 112347m 112348m 112349m 112366m 112367m 112368m 122346m 123346m 123446m 123466m 123467m 123468m 123469m
112444m,112444m33z,メンツ＋ペンチャントイツ,1m 3m 3z,3,8,0,0,8,4.307692,"(8, 3, 0, 8, 4.30769)",0,13,114444m 114445m 114446m 114447m 114448m 114449m 122444m 124444m 124445m 124446m 124447m 124448m 124449m
112456m,112456m33z,メンツ＋ペンチャントイツ,1m 3m 3z,3,8,0,0,8,4.571429,"(8, 3, 0, 8, 4.57143)",0,14,112567m 114456m 114556m 114566m 114567m 114568m 114569m 122456m 124456m 124556m 124566m 124567m 124568m 124569m
112555m,112555m33z,メンツ＋ペンチャントイツ,1m 3m 3z,3,8,0,0,8,4.307692,"(8, 3, 0, 8, 4.30769)",0,13,114555m 115555m 115556m 115557m 115558m 115559m 122555m 124555m 125555m 125556m 125557m 125558m 125559m
112567m,112567m33z,メンツ＋ペンチャントイツ,1m 3m 3z,3,8,0,0,8,4.800000,"(8, 3, 0, 8, 4.8)",0,15,112456m 112678m 114567m 115567m 115667m 115677m 115678m 115679m 122567m 124567m 125567m 125667m 125677m 125678m 125679m
112666m,112666m33z,メンツ＋ペンチャントイツ,1m 3m 3z,3,8,0,0,8,4.307692,"(8, 3, 0, 8, 4.30769)",0,13,114666m 115666m 116666m 116667m 116668m 116669m 122666m 124666m 125666m 126666m 126667m 126668m 126669m
112678m,112678m33z,メンツ＋ペンチャントイツ,1m 3m 3z,3,8,0,0,8,4.800000,"(8, 3, 0, 8, 4.8)",0,15,112567m 112789m 114678m 115678m 116678m 116778m 116788m 116789m 122678m 124678m 125678m 126678m 126778m 126788m 126789m
112777m,112777m33z,メンツ＋ペンチャントイツ,1m 3m 3z,3,8,0,0,8,4.307692,"(8, 3, 0, 8, 4.30769)",0,13,114777m 115777m 116777m 117777m 117778m 117779m 122777m 124777m 125777m 126777m 127777m 127778m 127779m
112789m,112789m33z,メンツ＋ペンチャントイツ,1m 3m 3z,3,8,0,0,8,4.571429,"(8, 3, 0, 8, 4.57143)",0,14,112678m 114789m 115789m 116789m 117789m 117889m 117899m 122789m 124789m 125789m 126789m 127789m 127889m 127899m
112888m,112888m33z,メンツ＋ペンチャントイツ,1m 3m 3z,3,8,0,0,8,4.307692,"(8, 3, 0, 8, 4.30769)",0,13,114888m 115888m 116888m 117888m 118888m 118889m 122888m 124888m 125888m 126888m 127888m 128888m 128889m
112999m,112999m33z,メンツ＋ペンチャントイツ,1m 3m 3z,3,8,0,0,8,4.307692,"(8, 3, 0, 8, 4.30769)",0,13,114999m 115999m 116999m 117999m 118999m 119999m 122999m 124999m 125999m 126999m 127999m 128999m 129999m
113333m,113333m33z,メンツ＋カンチャントイツ,1m 2m 3z,3,8,0,0,8,4.666667,"(8, 3, 0, 8, 4.66667)",2,12,113334m 113335m 113336m 113337m 113338m 113339m 133334m 133335m 133336m 133337m 133338m 133339m
113345m,113345m33z,メンツ＋カンチャントイツ,1m 2m 3z,3,8,0,1,11,5.400000,"(8, 3, 1, 11, 5.4)",2,15,113334m 113335m 113445m 113455m 113456m 113457m 113458m 113459m 133345m 133445m 133455m 133456m 133457m 133458m 133459m
113444m,113444m33z,メンツ＋カンチャントイツ,1m 2m 3z,3,8,0,0,8,4.785714,"(8, 3, 0, 8, 4.78571)",2,14,113445m 114444m 114445m 114446m 114447m 114448m 114449m 133444m 134444m 134445m 134446m 134447m 134448m 134449m
113456m,113456m33z,メンツ＋カンチャントイツ,1m 2m 3z,3,8,0,2,11,5.850000,"(8, 3, 2, 11, 5.85)",2,20,113345m 113445m 113455m 113457m 113458m 113459m 113567m 114456m 114556m 114566m 114567m 114568m 114569m 133456m 134456m 134556m 134566m 134567m 134568m 134569m
113555m,113555m33z,メンツ＋カンチャントイツ,1m 2m 3z,3,8,0,0,8,4.785714,"(8, 3, 0, 8, 4.78571)",0,14,113455m 114555m 115555m 115556m 115557m 115558m 115559m 133555m 134555m 135555m 135556m 135557m 135558m 135559m
113567m,113567m33z,メンツ＋カンチャントイツ,1m 2m 3z,3,8,0,1,11,5.687500,"(8, 3, 1, 11, 5.6875)",2,16,113456m 113457m 113678m 114567m 115567m 115667m 115677m 115678m 115679m 133567m 134567m 135567m 135667m 135677m 135678m 135679m
113666m,113666m33z,メンツ＋カンチャントイツ,1m 2m 3z,3,8,0,0,8,4.923077,"(8, 3, 0, 8, 4.92308)",2,13,114666m 115666m 116666m 116667m 116668m 116669m 133666m 134666m 135666m 136666m 136667m 136668m 136669m
113678m,113678m33z,メンツ＋カンチャントイツ,1m 2m 3z,3,8,0,0,8,5.333333,"(8, 3, 0, 8, 5.33333)",2,15,113567m 113789m 114678m 115678m 116678m 116778m 116788m 116789m 133678m 134678m 135678m 136678m 136778m 136788m 136789m
113777m,113777m33z,メンツ＋カンチャントイツ,1m 2m 3z,3,8,0,0,8,4.923077,"(8, 3, 0, 8, 4.92308)",2,13,114777m 115777m 116777m 117777m 117778m 117779m 133777m 134777m 135777m 136777m 137777m 137778m 137779m
113789m,113789m33z,メンツ＋カンチャントイツ,1m 2m 3z,3,8,0,0,8,5.142857,"(8, 3, 0, 8, 5.14286)",2,14,113678m 114789m 115789m 116789m 117789m 117889m 117899m 133789m 134789m 135789m 136789m 137789m 137889m 137899m
113888m,113888m33z,メンツ＋カンチャントイツ,1m 2m 3z,3,8,0,0,8,4.923077,"(8, 3, 0, 8, 4.92308)",2,13,114888m 115888m 116888m 117888m 118888m 118889m 133888m 134888m 135888m 136888m 137888m 138888m 138889m
113999m,113999m33z,メンツ＋カンチャントイツ,1m 2m 3z,3,8,0,0,8,4.923077,"(8, 3, 0, 8, 4.92308)",2,13,114999m 115999m 116999m 117999m 118999m 119999m 133999m 134999m 135999m 136999m 137999m 138999m 139999m
122444m,122444m33z,メンツ＋ペンチャントイツ,2m 3m 3z,3,8,0,0,8,4.615385,"(8, 3, 0, 8, 4.61538)",0,13,112444m 124444m 124445m 124446m 124447m 124448m 124449m 224444m 224445m 224446m 224447m 224448m 224449m
122456m,122456m33z,メンツ＋ペンチャントイツ,2m 3m 3z,3,8,0,0,8,5.142857,"(8, 3, 0, 8, 5.14286)",0,14,112456m 122567m 124456m 124556m 124566m 124567m 124568m 124569m 224456m 224556m 224566m 224567m 224568m 224569m
122555m,122555m33z,メンツ＋ペンチャントイツ,2m 3m 3z,3,8,0,0,8,4.615385,"(8, 3, 0, 8, 4.61538)",0,13,112555m 124555m 125555m 125556m 125557m 125558m 125559m 224555m 225555m 225556m 225557m 225558m 225559m
122567m,122567m33z,メンツ＋ペンチャントイツ,2m 3m 3z,3,8,0,0,8,5.066667,"(8, 3, 0, 8, 5.06667)",0,15,112567m 122456m 122678m 124567m 125567m 125667m 125677m 125678m 125679m 224567m 225567m 225667m 225677m 225678m 225679m
122666m,122666m33z,メンツ＋ペンチャントイツ,2m 3m 3z,3,8,0,0,8,4.615385,"(8, 3, 0, 8, 4.61538)",0,13,112666m 124666m 125666m 126666m 126667m 126668m 126669m 224666m 225666m 226666m 226667m 226668m 226669m
122678m,122678m33z,メンツ＋ペンチャントイツ,2m 3m 3z,3,8,0,0,8,5.066667,"(8, 3, 0, 8, 5.06667)",0,15,112678m 122567m 122789m 124678m 125678m 126678m 126778m 126788m 126789m 224678m 225678m 226678m 226778m 226788m 226789m
122777m,122777m33z,メンツ＋ペンチャントイツ,2m 3m 3z,3,8,0,0,8,4.615385,"(8, 3, 0, 8, 4.61538)",0,13,112777m 124777m 125777m 126777m 127777m 127778m 127779m 224777m 225777m 226777m 227777m 227778m 227779m
122789m,122789m33z,メンツ＋ペンチャントイツ,2m 3m 3z,3,8,0,0,8,4.857143,"(8, 3, 0, 8, 4.85714)",0,14,112789m 122678m 124789m 125789m 126789m 127789m 127889m 127899m 224789m 225789m 226789m 227789m 227889m 227899m
122888m,122888m33z,メンツ＋ペンチャントイツ,2m 3m 3z,3,8,0,0,8,4.615385,"(8, 3, 0, 8, 4.61538)",0,13,112888m 124888m 125888m 126888m 127888m 128888m 128889m 224888m 225888m 226888m 227888m 228888m 228889m
122999m,122999m33z,メンツ＋ペンチャントイツ,2m 3m 3z,3,8,0,0,8,4.615385,"(8, 3, 0, 8, 4.61538)",0,13,112999m 124999m 125999m 126999m 127999m 128999m 129999m 224999m 225999m 226999m 227999m 228999m 229999m
123355m,123355m33z,メンツ＋カンチャントイツ,4m 5m 3z,3,8,0,1,12,5.933333,"(8, 3, 1, 12, 5.93333)",1,15,112335m 112355m 122335m 122355m 123335m 123356m 123357m 123358m 123359m 123556m 123557m 123558m 123559m 133355m 233355m
123446m,123446m33z,メンツ＋カンチャントイツ,4m 5m 3z,3,8,0,1,11,6.736842,"(8, 3, 1, 11, 6.73684)",2,19,112344m 112346m 122344m 122346m 123344m 123346m 123447m 123448m 123449m 123466m 123467m 123468m 123469m 223446m 233446m 234466m 234467m 234468m 234469m
123466m,123466m33z,メンツ＋カンチャントイツ,5m 6m 3z,3,8,0,2,12,6.631579,"(8, 3, 2, 12, 6.63158)",1,19,112346m 112366m 122346m 122366m 123346m 123366m 123446m 123467m 123468m 123469m 123667m 123668m 123669m 223466m 233466m 234466m 234667m 234668m 234669m
123557m,123557m33z,メンツ＋カンチャントイツ,5m 6m 3z,3,8,0,1,11,6.266667,"(8, 3, 1, 11, 6.26667)",1,15,112355m 112357m 122355m 122357m 123355m 123357m 123455m 123457m 123558m 123559m 123577m 123578m 123579m 134557m 234557m
123577m,123577m33z,メンツ＋カンチャントイツ,6m 7m 3z,3,8,0,1,12,6.333333,"(8, 3, 1, 12, 6.33333)",1,15,112357m 112377m 122357m 122377m 123357m 123377m 123457m 123477m 123557m 123578m 123579m 123778m 123779m 134577m 234577m
123668m,123668m33z,メンツ＋カンチャントイツ,6m 7m 3z,3,8,0,1,12,6.000000,"(8, 3, 1, 12, 6)",1,14,112366m 112368m 122366m 122368m 123366m 123368m 123466m 123468m 123566m 123568m 123669m 123688m 123689m 234668m
123688m,123688m33z,メンツ＋カンチャントイツ,7m 8m 3z,3,8,0,0,8,5.428571,"(8, 3, 0, 8, 5.42857)",2,14,112368m 112388m 122368m 122388m 123368m 123388m 123468m 123488m 123568m 123588m 123668m 123689m 123889m 234688m
123779m,123779m33z,メンツ＋カンチャントイツ,7m 8m 3z,3,8,0,1,12,6.000000,"(8, 3, 1, 12, 6)",1,14,112377m 112379m 122377m 122379m 123377m 123379m 123477m 123479m 123577m 123579m 123677m 123679m 123799m 234779m
123799m,123799m33z,メンツ＋カンチャントイツ,8m 9m 3z,3,8,0,0,8,5.142857,"(8, 3, 0, 8, 5.14286)",2,14,112379m 112399m 122379m 122399m 123379m 123399m 123479m 123499m 123579m 123599m 123679m 123699m 123779m 234799m
123889m,123889m33z,メンツ＋ペンチャントイツ,7m 8m 3z,3,8,0,0,8,4.857143,"(8, 3, 0, 8, 4.85714)",0,14,112388m 112389m 122388m 122389m 123388m 123389m 123488m 123489m 123588m 123589m 123688m 123689m 123899m 234889m
123899m,123899m33z,メンツ＋ペンチャントイツ,7m 9m 3z,3,8,0,0,8,4.571429,"(8, 3, 0, 8, 4.57143)",0,14,112389m 112399m 122389m 122399m 123389m 123399m 123489m 123499m 123589m 123599m 123689m 123699m 123889m 234899m
133444m,133444m33z,とび階段,2m 3m 3z,3,8,0,2,12,6.142857,"(8, 3, 2, 12, 6.14286)",1,14,113444m 133445m 134444m 134445m 134446m 134447m 134448m 134449m 334444m 334445m 334446m 334447m 334448m 334449m
133456m,133456m33z,メンツ＋カンチャントイツ,2m 3m 3z,3,8,0,5,15,7.700000,"(8, 3, 5, 15, 7.7)",1,20,113345m 113456m 133445m 133455m 133457m 133458m 133459m 133567m 134456m 134556m 134566m 134567m 134568m 134569m 334456m 334556m 334566m 334567m 334568m 334569m
133555m,133555m33z,メンツ＋カンチャントイツ,2m 3m 3z,3,8,0,1,12,5.857143,"(8, 3, 1, 12, 5.85714)",2,14,113555m 133455m 134555m 135555m 135556m 135557m 135558m 135559m 334555m 335555m 335556m 335557m 335558m 335559m
133567m,133567m33z,メンツ＋カンチャントイツ,2m 3m 3z,3,8,0,2,15,6.875000,"(8, 3, 2, 15, 6.875)",1,16,113567m 133456m 133457m 133678m 134567m 135567m 135667m 135677m 135678m 135679m 334567m 335567m 335667m 335677m 335678m 335679m
133666m,133666m33z,メンツ＋カンチャントイツ,2m 3m 3z,3,8,0,1,12,5.846154,"(8, 3, 1, 12, 5.84615)",1,13,113666m 134666m 135666m 136666m 136667m 136668m 136669m 334666m 335666m 336666m 336667m 336668m 336669m
133678m,133678m33z,メンツ＋カンチャントイツ,2m 3m 3z,3,8,0,1,12,6.133333,"(8, 3, 1, 12, 6.13333)",1,15,113678m 133567m 133789m 134678m 135678m 136678m 136778m 136788m 136789m 334678m 335678m 336678m 336778m 336788m 336789m
133777m,133777m33z,メンツ＋カンチャントイツ,2m 3m 3z,3,8,0,1,12,5.846154,"(8, 3, 1, 12, 5.84615)",1,13,113777m 134777m 135777m 136777m 137777m 137778m 137779m 334777m 335777m 336777m 337777m 337778m 337779m
133789m,133789m33z,メンツ＋カンチャントイツ,2m 3m 3z,3,8,0,1,12,6.000000,"(8, 3, 1, 12, 6)",1,14,113789m 133678m 134789m 135789m 136789m 137789m 137889m 137899m 334789m 335789m 336789m 337789m 337889m 337899m
133888m,133888m33z,メンツ＋カンチャントイツ,2m 3m 3z,3,8,0,1,12,5.846154,"(8, 3, 1, 12, 5.84615)",1,13,113888m 134888m 135888m 136888m 137888m 138888m 138889m 334888m 335888m 336888m 337888m 338888m 338889m
133999m,133999m33z,メンツ＋カンチャントイツ,2m 3m 3z,3,8,0,1,12,5.846154,"(8, 3, 1, 12, 5.84615)",1,13,113999m 134999m 135999m 136999m 137999m 138999m 139999m 334999m 335999m 336999m 337999m 338999m 339999m
134566m,134566m33z,カンチャンシャンポン,2m 6m 3z,3,8,0,5,15,7.421053,"(8, 3, 5, 15, 7.42105)",1,19,113456m 114566m 133456m 134456m 134556m 134567m 134568m 134569m 135667m 144566m 145566m 145667m 145668m 334566m 344566m 345566m 345667m 345668m 345669m
222244m,222244m33z,メンツ＋カンチャントイツ,3m 4m 3z,3,8,0,1,12,5.666667,"(8, 3, 1, 12, 5.66667)",1,12,122224m 122244m 222245m 222246m 222247m 222248m 222249m 222445m 222446m 222447m 222448m 222449m
222335m,222335m33z,とび階段,3m 4m 3z,3,8,0,2,12,6.714286,"(8, 3, 2, 12, 6.71429)",1,14,122233m 122235m 122335m 222233m 222235m 222336m 222337m 222338m 222339m 222355m 222356m 222357m 222358m 222359m
222355m,222355m33z,メンツ＋カンチャントイツ,4m 5m 3z,3,8,0,1,12,6.214286,"(8, 3, 1, 12, 6.21429)",1,14,122235m 122255m 122355m 222235m 222255m 222335m 222356m 222357m 222358m 222359m 222556m 222557m 222558m 222559m
222446m,222446m33z,メンツ＋カンチャントイツ,4m 5m 3z,3,8,0,1,12,6.428571,"(8, 3, 1, 12, 6.42857)",1,14,122244m 122246m 222244m 222246m 222344m 222346m 222447m 222448m 222449m 222466m 222467m 222468m 222469m 223446m
222466m,222466m33z,メンツ＋カンチャントイツ,5m 6m 3z,3,8,0,1,12,6.214286,"(8, 3, 1, 12, 6.21429)",1,14,122246m 122266m 222246m 222266m 222346m 222366m 222446m 222467m 222468m 222469m 222667m 222668m 222669m 223466m
222557m,222557m33z,メンツ＋カンチャントイツ,5m 6m 3z,3,8,0,1,12,6.461538,"(8, 3, 1, 12, 6.46154)",1,13,122255m 122257m 222255m 222257m 222355m 222357m 222455m 222457m 222558m 222559m 222577m 222578m 222579m
222577m,222577m33z,メンツ＋カンチャントイツ,6m 7m 3z,3,8,0,1,12,6.461538,"(8, 3, 1, 12, 6.46154)",1,13,122257m 122277m 222257m 222277m 222357m 222377m 222457m 222477m 222557m 222578m 222579m 222778m 222779m
222668m,222668m33z,メンツ＋カンチャントイツ,6m 7m 3z,3,8,0,1,12,5.846154,"(8, 3, 1, 12, 5.84615)",1,13,122266m 122268m 222266m 222268m 222366m 222368m 222466m 222468m 222566m 222568m 222669m 222688m 222689m
222688m,222688m33z,メンツ＋カンチャントイツ,7m 8m 3z,3,8,0,0,8,5.230769,"(8, 3, 0, 8, 5.23077)",2,13,122268m 122288m 222268m 222288m 222368m 222388m 222468m 222488m 222568m 222588m 222668m 222689m 222889m
222779m,222779m33z,メンツ＋カンチャントイツ,7m 8m 3z,3,8,0,1,12,5.846154,"(8, 3, 1, 12, 5.84615)",1,13,122277m 122279m 222277m 222279m 222377m 222379m 222477m 222479m 222577m 222579m 222677m 222679m 222799m
222799m,222799m33z,メンツ＋カンチャントイツ,8m 9m 3z,3,8,0,0,8,4.923077,"(8, 3, 0, 8, 4.92308)",2,13,122279m 122299m 222279m 222299m 222379m 222399m 222479m 222499m 222579m 222599m 222679m 222699m 222779m
222889m,222889m33z,メンツ＋ペンチャントイツ,7m 8m 3z,3,8,0,0,8,4.615385,"(8, 3, 0, 8, 4.61538)",0,13,122288m 122289m 222288m 222289m 222388m 222389m 222488m 222489m 222588m 222589m 222688m 222689m 222899m
222899m,222899m33z,メンツ＋ペンチャントイツ,7m 9m 3z,3,8,0,0,8,4.307692,"(8, 3, 0, 8, 4.30769)",0,13,122289m 122299m 222289m 222299m 222389m 222399m 222489m 222499m 222589m 222599m 222689m 222699m 222889m
223457m,223457m33z,カンチャンシャンポン,2m 6m 3z,3,8,0,4,11,6.850000,"(8, 3, 4, 11, 6.85)",1,20,122345m 122347m 122357m 123457m 223345m 223347m 223445m 223447m 223455m 223458m 223459m 223477m 223478m 223479m 233457m 234457m 234557m 234577m 234578m 234579m
224444m,224444m33z,メンツ＋カンチャントイツ,2m 3m 3z,3,8,0,0,8,5.000000,"(8, 3, 0, 8, 5)",2,12,122444m 124444m 224445m 224446m 224447m 224448m 224449m 244445m 244446m 244447m 244448m 244449m
224456m,224456m33z,メンツ＋カンチャントイツ,2m 3m 3z,3,8,0,1,11,5.666667,"(8, 3, 1, 11, 5.66667)",2,15,122456m 124456m 224445m 224446m 224556m 224566m 224567m 224568m 224569m 244456m 244556m 244566m 244567m 244568m 244569m
224555m,224555m33z,メンツ＋カンチャントイツ,2m 3m 3z,3,8,0,0,8,5.071429,"(8, 3, 0, 8, 5.07143)",2,14,122555m 124555m 224556m 225555m 225556m 225557m 225558m 225559m 244555m 245555m 245556m 245557m 245558m 245559m
224567m,224567m33z,メンツ＋カンチャントイツ,2m 3m 3z,3,8,0,2,11,6.250000,"(8, 3, 2, 11, 6.25)",2,20,122456m 122567m 124567m 224456m 224556m 224566m 224568m 224569m 224678m 225567m 225667m 225677m 225678m 225679m 244567m 245567m 245667m 245677m 245678m 245679m
224666m,224666m33z,メンツ＋カンチャントイツ,2m 3m 3z,3,8,0,0,8,5.071429,"(8, 3, 0, 8, 5.07143)",0,14,122666m 124666m 224566m 225666m 226666m 226667m 226668m 226669m 244666m 245666m 246666m 246667m 246668m 246669m
224678m,224678m33z,メンツ＋カンチャントイツ,2m 3m 3z,3,8,0,1,11,5.937500,"(8, 3, 1, 11, 5.9375)",2,16,122678m 124678m 224567m 224568m 224789m 225678m 226678m 226778m 226788m 226789m 244678m 245678m 246678m 246778m 246788m 246789m
224777m,224777m33z,メンツ＋カンチャントイツ,2m 3m 3z,3,8,0,0,8,5.230769,"(8, 3, 0, 8, 5.23077)",2,13,122777m 124777m 225777m 226777m 227777m 227778m 227779m 244777m 245777m 246777m 247777m 247778m 247779m
224789m,224789m33z,メンツ＋カンチャントイツ,2m 3m 3z,3,8,0,0,8,5.428571,"(8, 3, 0, 8, 5.42857)",2,14,122789m 124789m 224678m 225789m 226789m 227789m 227889m 227899m 244789m 245789m 246789m 247789m 247889m 247899m
224888m,224888m33z,メンツ＋カンチャントイツ,2m 3m 3z,3,8,0,0,8,5.230769,"(8, 3, 0, 8, 5.23077)",2,13,122888m 124888m 225888m 226888m 227888m 228888m 228889m 244888m 245888m 246888m 247888m 248888m 248889m
224999m,224999m33z,メンツ＋カンチャントイツ,2m 3m 3z,3,8,0,0,8,5.230769,"(8, 3, 0, 8, 5.23077)",2,13,122999m 124999m 225999m 226999m 227999m 228999m 229999m 244999m 245999m 246999m 247999m 248999m 249999m
234466m,234466m33z,メンツ＋カンチャントイツ,5m 6m 3z,3,8,0,2,12,6.733333,"(8, 3, 2, 12, 6.73333)",1,15,123446m 123466m 223446m 223466m 233446m 233466m 234446m 234467m 234468m 234469m 234667m 234668m 234669m 244466m 344466m
234557m,234557m33z,メンツ＋カンチャントイツ,5m 6m 3z,3,8,0,4,11,7.700000,"(8, 3, 4, 11, 7.7)",1,20,123455m 123457m 123557m 134557m 223455m 223457m 233455m 233457m 234455m 234457m 234558m 234559m 234577m 234578m 234579m 334557m 344557m 345577m 345578m 345579m
234577m,234577m33z,メンツ＋カンチャントイツ,6m 7m 3z,3,8,0,3,12,7.050000,"(8, 3, 3, 12, 7.05)",1,20,123457m 123477m 123577m 134577m 223457m 223477m 233457m 233477m 234457m 234477m 234557m 234578m 234579m 234778m 234779m 334577m 344577m 345577m 345778m 345779m
234668m,234668m33z,メンツ＋カンチャントイツ,6m 7m 3z,3,8,0,2,15,6.875000,"(8, 3, 2, 15, 6.875)",1,16,123466m 123468m 123668m 223466m 223468m 233466m 233468m 234466m 234468m 234566m 234568m 234669m 234688m 234689m 245668m 345668m
234688m,234688m33z,メンツ＋カンチャントイツ,7m 8m 3z,3,8,0,1,11,5.937500,"(8, 3, 1, 11, 5.9375)",2,16,123468m 123488m 123688m 223468m 223488m 233468m 233488m 234468m 234488m 234568m 234588m 234668m 234689m 234889m 245688m 345688m
234779m,234779m33z,メンツ＋カンチャントイツ,7m 8m 3z,3,8,0,1,12,6.133333,"(8, 3, 1, 12, 6.13333)",1,15,123477m 123479m 123779m 223477m 223479m 233477m 233479m 234477m 234479m 234577m 234579m 234677m 234679m 234799m 345779m
234799m,234799m33z,メンツ＋カンチャントイツ,8m 9m 3z,3,8,0,0,8,5.333333,"(8, 3, 0, 8, 5.33333)",2,15,123479m 123499m 123799m 223479m 223499m 233479m 233499m 234479m 234499m 234579m 234599m 234679m 234699m 234779m 345799m
234889m,234889m33z,メンツ＋ペンチャントイツ,7m 8m 3z,3,8,0,0,8,5.066667,"(8, 3, 0, 8, 5.06667)",0,15,123488m 123489m 123889m 223488m 223489m 233488m 233489m 234488m 234489m 234588m 234589m 234688m 234689m 234899m 345889m
234899m,234899m33z,メンツ＋ペンチャントイツ,7m 9m 3z,3,8,0,0,8,4.800000,"(8, 3, 0, 8, 4.8)",0,15,123489m 123499m 123899m 223489m 223499m 233489m 233499m 234489m 234499m 234589m 234599m 234689m 234699m 234889m 345899m
244555m,244555m33z,とび階段,3m 4m 3z,3,8,0,2,12,6.142857,"(8, 3, 2, 12, 6.14286)",1,14,124555m 144555m 224555m 244556m 245555m 245556m 245557m 245558m 245559m 445555m 445556m 445557m 445558m 445559m
244567m,244567m33z,メンツ＋カンチャントイツ,3m 4m 3z,3,8,0,5,15,7.700000,"(8, 3, 5, 15, 7.7)",1,20,124456m 124567m 144567m 224456m 224567m 244556m 244566m 244568m 244569m 244678m 245567m 245667m 245677m 245678m 245679m 445567m 445667m 445677m 445678m 445679m
244666m,244666m33z,メンツ＋カンチャントイツ,3m 4m 3z,3,8,0,1,12,5.857143,"(8, 3, 1, 12, 5.85714)",2,14,124666m 144666m 224666m 244566m 245666m 246666m 246667m 246668m 246669m 445666m 446666m 446667m 446668m 446669m
244678m,244678m33z,メンツ＋カンチャントイツ,3m 4m 3z,3,8,0,2,15,6.875000,"(8, 3, 2, 15, 6.875)",1,16,124678m 144678m 224678m 244567m 244568m 244789m 245678m 246678m 246778m 246788m 246789m 445678m 446678m 446778m 446788m 446789m
244777m,244777m33z,メンツ＋カンチャントイツ,3m 4m 3z,3,8,0,1,12,5.846154,"(8, 3, 1, 12, 5.84615)",1,13,124777m 144777m 224777m 245777m 246777m 247777m 247778m 247779m 445777m 446777m 447777m 447778m 447779m
244789m,244789m33z,メンツ＋カンチャントイツ,3m 4m 3z,3,8,0,1,12,6.000000,"(8, 3, 1, 12, 6)",1,14,124789m 144789m 224789m 244678m 245789m 246789m 247789m 247889m 247899m 445789m 446789m 447789m 447889m 447899m
244888m,244888m33z,メンツ＋カンチャントイツ,3m 4m 3z,3,8,0,1,12,5.846154,"(8, 3, 1, 12, 5.84615)",1,13,124888m 144888m 224888m 245888m 246888m 247888m 248888m 248889m 445888m 446888m 447888m 448888m 448889m
244999m,244999m33z,メンツ＋カンチャントイツ,3m 4m 3z,3,8,0,1,12,5.846154,"(8, 3, 1, 12, 5.84615)",1,13,124999m 144999m 224999m 245999m 246999m 247999m 248999m 249999m 445999m 446999m 447999m 448999m 449999m
245677m,245677m33z,カンチャンシャンポン,3m 7m 3z,3,8,0,5,15,7.250000,"(8, 3, 5, 15, 7.25)",1,20,124567m 125677m 145677m 224567m 225677m 244567m 245567m 245667m 245678m 245679m 246778m 255677m 256677m 256778m 256779m 445677m 455677m 456677m 456778m 456779m
333355m,333355m33z,メンツ＋カンチャントイツ,4m 5m 3z,3,8,0,1,12,6.333333,"(8, 3, 1, 12, 6.33333)",1,12,133335m 133355m 233335m 233355m 333356m 333357m 333358m 333359m 333556m 333557m 333558m 333559m
333446m,333446m33z,とび階段,4m 5m 3z,3,8,0,2,12,6.714286,"(8, 3, 2, 12, 6.71429)",1,14,133344m 133346m 233344m 233346m 233446m 333344m 333346m 333447m 333448m 333449m 333466m 333467m 333468m 333469m
333466m,333466m33z,メンツ＋カンチャントイツ,5m 6m 3z,3,8,0,1,12,6.214286,"(8, 3, 1, 12, 6.21429)",1,14,133346m 133366m 233346m 233366m 233466m 333346m 333366m 333446m 333467m 333468m 333469m 333667m 333668m 333669m
333557m,333557m33z,メンツ＋カンチャントイツ,5m 6m 3z,3,8,0,1,12,6.428571,"(8, 3, 1, 12, 6.42857)",2,14,133355m 133357m 233355m 233357m 333355m 333357m 333455m 333457m 333558m 333559m 333577m 333578m 333579m 334557m
333577m,333577m33z,メンツ＋カンチャントイツ,6m 7m 3z,3,8,0,1,12,6.214286,"(8, 3, 1, 12, 6.21429)",1,14,133357m 133377m 233357m 233377m 333357m 333377m 333457m 333477m 333557m 333578m 333579m 333778m 333779m 334577m
333668m,333668m33z,メンツ＋カンチャントイツ,6m 7m 3z,3,8,0,1,12,5.846154,"(8, 3, 1, 12, 5.84615)",1,13,133366m 133368m 233366m 233368m 333366m 333368m 333466m 333468m 333566m 333568m 333669m 333688m 333689m
333688m,333688m33z,メンツ＋カンチャントイツ,7m 8m 3z,3,8,0,0,8,5.230769,"(8, 3, 0, 8, 5.23077)",2,13,133368m 133388m 233368m 233388m 333368m 333388m 333468m 333488m 333568m 333588m 333668m 333689m 333889m
333779m,333779m33z,メンツ＋カンチャントイツ,7m 8m 3z,3,8,0,1,12,5.846154,"(8, 3, 1, 12, 5.84615)",1,13,133377m 133379m 233377m 233379m 333377m 333379m 333477m 333479m 333577m 333579m 333677m 333679m 333799m
333799m,333799m33z,メンツ＋カンチャントイツ,8m 9m 3z,3,8,0,0,8,4.923077,"(8, 3, 0, 8, 4.92308)",2,13,133379m 133399m 233379m 233399m 333379m 333399m 333479m 333499m 333579m 333599m 333679m 333699m 333779m
333889m,333889m33z,メンツ＋ペンチャントイツ,7m 8m 3z,3,8,0,0,8,4.615385,"(8, 3, 0, 8, 4.61538)",0,13,133388m 133389m 233388m 233389m 333388m 333389m 333488m 333489m 333588m 333589m 333688m 333689m 333899m
333899m,333899m33z,メンツ＋ペンチャントイツ,7m 9m 3z,3,8,0,0,8,4.307692,"(8, 3, 0, 8, 4.30769)",0,13,133389m 133399m 233389m 233399m 333389m 333399m 333489m 333499m 333589m 333599m 333689m 333699m 333889m
334568m,334568m33z,カンチャンシャンポン,3m 7m 3z,3,8,0,5,15,7.250000,"(8, 3, 5, 15, 7.25)",1,20,133456m 133458m 134568m 233456m 233458m 233468m 234568m 334456m 334458m 334556m 334558m 334566m 334569m 334588m 334589m 344568m 345568m 345668m 345688m 345689m
335555m,335555m33z,メンツ＋カンチャントイツ,3m 4m 3z,3,8,0,1,12,6.333333,"(8, 3, 1, 12, 6.33333)",1,12,133555m 135555m 233555m 235555m 335556m 335557m 335558m 335559m 355556m 355557m 355558m 355559m
335567m,335567m33z,メンツ＋カンチャントイツ,3m 4m 3z,3,8,0,2,12,6.733333,"(8, 3, 2, 12, 6.73333)",1,15,133567m 135567m 233567m 235567m 335556m 335557m 335667m 335677m 335678m 335679m 355567m 355667m 355677m 355678m 355679m
335666m,335666m33z,メンツ＋カンチャントイツ,3m 4m 3z,3,8,0,1,12,6.214286,"(8, 3, 1, 12, 6.21429)",1,14,133666m 135666m 233666m 235666m 335667m 336666m 336667m 336668m 336669m 355666m 356666m 356667m 356668m 356669m
335678m,335678m33z,メンツ＋カンチャントイツ,3m 4m 3z,3,8,0,3,12,7.050000,"(8, 3, 3, 12, 7.05)",1,20,133567m 133678m 135678m 233567m 233678m 235678m 335567m 335667m 335677m 335679m 335789m 336678m 336778m 336788m 336789m 355678m 356678m 356778m 356788m 356789m
335777m,335777m33z,メンツ＋カンチャントイツ,3m 4m 3z,3,8,0,1,12,6.214286,"(8, 3, 1, 12, 6.21429)",1,14,133777m 135777m 233777m 235777m 335677m 336777m 337777m 337778m 337779m 355777m 356777m 357777m 357778m 357779m
335789m,335789m33z,メンツ＋カンチャントイツ,3m 4m 3z,3,8,0,1,12,6.333333,"(8, 3, 1, 12, 6.33333)",1,15,133789m 135789m 233789m 235789m 335678m 335679m 336789m 337789m 337889m 337899m 355789m 356789m 357789m 357889m 357899m
335888m,335888m33z,メンツ＋カンチャントイツ,3m 4m 3z,3,8,0,1,12,6.461538,"(8, 3, 1, 12, 6.46154)",1,13,133888m 135888m 233888m 235888m 336888m 337888m 338888m 338889m 355888m 356888m 357888m 358888m 358889m
335999m,335999m33z,メンツ＋カンチャントイツ,3m 4m 3z,3,8,0,1,12,6.461538,"(8, 3, 1, 12, 6.46154)",1,13,133999m 135999m 233999m 235999m 336999m 337999m 338999m 339999m 355999m 356999m 357999m 358999m 359999m
345577m,345577m33z,メンツ＋カンチャントイツ,6m 7m 3z,3,8,0,2,12,6.733333,"(8, 3, 2, 12, 6.73333)",1,15,134557m 134577m 234557m 234577m 334557m 334577m 344557m 344577m 345557m 345578m 345579m 345778m 345779m 355577m 455577m
345668m,345668m33z,メンツ＋カンチャントイツ,6m 7m 3z,3,8,0,5,15,7.700000,"(8, 3, 5, 15, 7.7)",1,20,134566m 134568m 145668m 234566m 234568m 234668m 245668m 334566m 334568m 344566m 344568m 345566m 345568m 345669m 345688m 345689m 445668m 455668m 456688m 456689m
345688m,345688m33z,メンツ＋カンチャントイツ,7m 8m 3z,3,8,0,2,11,6.250000,"(8, 3, 2, 11, 6.25)",2,20,134568m 134588m 145688m 234568m 234588m 234688m 245688m 334568m 334588m 344568m 344588m 345568m 345588m 345668m 345689m 345889m 445688m 455688m 456688m 456889m
345779m,345779m33z,メンツ＋カンチャントイツ,7m 8m 3z,3,8,0,2,15,6.875000,"(8, 3, 2, 15, 6.875)",1,16,134577m 134579m 234577m 234579m 234779m 334577m 334579m 344577m 344579m 345577m 345579m 345677m 345679m 345799m 356779m 456779m
345799m,345799m33z,メンツ＋カンチャントイツ,8m 9m 3z,3,8,0,1,11,5.687500,"(8, 3, 1, 11, 5.6875)",2,16,134579m 134599m 234579m 234599m 234799m 334579m 334599m 344579m 344599m 345579m 345599m 345679m 345699m 345779m 356799m 456799m
345889m,345889m33z,メンツ＋ペンチャントイツ,7m 8m 3z,3,8,0,0,8,5.066667,"(8, 3, 0, 8, 5.06667)",0,15,134588m 134589m 234588m 234589m 234889m 334588m 334589m 344588m 344589m 345588m 345589m 345688m 345689m 345899m 456889m
345899m,345899m33z,メンツ＋ペンチャントイツ,7m 9m 3z,3,8,0,0,8,4.800000,"(8, 3, 0, 8, 4.8)",0,15,134589m 134599m 234589m 234599m 234899m 334589m 334599m 344589m 344599m 345589m 345599m 345689m 345699m 345889m 456899m
355666m,355666m33z,とび階段,4m 5m 3z,3,8,0,2,12,6.714286,"(8, 3, 2, 12, 6.71429)",1,14,135666m 155666m 235666m 255666m 335666m 355667m 356666m 356667m 356668m 356669m 556666m 556667m 556668m 556669m
355678m,355678m33z,メンツ＋カンチャントイツ,4m 5m 3z,3,8,0,4,11,7.700000,"(8, 3, 4, 11, 7.7)",1,20,135567m 135678m 155678m 235567m 235678m 255678m 335567m 335678m 355667m 355677m 355679m 355789m 356678m 356778m 356788m 356789m 556678m 556778m 556788m 556789m
355777m,355777m33z,メンツ＋カンチャントイツ,4m 5m 3z,3,8,0,1,12,6.428571,"(8, 3, 1, 12, 6.42857)",2,14,135777m 155777m 235777m 255777m 335777m 355677m 356777m 357777m 357778m 357779m 556777m 557777m 557778m 557779m
355789m,355789m33z,メンツ＋カンチャントイツ,4m 5m 3z,3,8,0,1,11,6.266667,"(8, 3, 1, 11, 6.26667)",1,15,135789m 155789m 235789m 255789m 335789m 355678m 355679m 356789m 357789m 357889m 357899m 556789m 557789m 557889m 557899m
355888m,355888m33z,メンツ＋カンチャントイツ,4m 5m 3z,3,8,0,1,12,6.461538,"(8, 3, 1, 12, 6.46154)",1,13,135888m 155888m 235888m 255888m 335888m 356888m 357888m 358888m 358889m 556888m 557888m 558888m 558889m
355999m,355999m33z,メンツ＋カンチャントイツ,4m 5m 3z,3,8,0,1,12,6.461538,"(8, 3, 1, 12, 6.46154)",1,13,135999m 155999m 235999m 255999m 335999m 356999m 357999m 358999m 359999m 556999m 557999m 558999m 559999m
356788m,356788m33z,カンチャンシャンポン,4m 8m 3z,3,8,0,4,11,6.850000,"(8, 3, 4, 11, 6.85)",1,20,135678m 136788m 156788m 235678m 236788m 256788m 335678m 336788m 355678m 356678m 356778m 356789m 357889m 366788m 367788m 367889m 556788m 566788m 567788m 567889m
444466m,444466m33z,メンツ＋カンチャントイツ,5m 6m 3z,3,8,0,1,12,6.333333,"(8, 3, 1, 12, 6.33333)",1,12,144446m 144466m 244446m 244466m 344446m 344466m 444467m 444468m 444469m 444667m 444668m 444669m
444557m,444557m33z,とび階段,5m 6m 3z,3,8,0,2,12,6.714286,"(8, 3, 2, 12, 6.71429)",1,14,144455m 144457m 244455m 244457m 344455m 344457m 344557m 444455m 444457m 444558m 444559m 444577m 444578m 444579m
444577m,444577m33z,メンツ＋カンチャントイツ,6m 7m 3z,3,8,0,1,12,6.214286,"(8, 3, 1, 12, 6.21429)",1,14,144457m 144477m 244457m 244477m 344457m 344477m 344577m 444457m 444477m 444557m 444578m 444579m 444778m 444779m
444668m,444668m33z,メンツ＋カンチャントイツ,6m 7m 3z,3,8,0,1,12,5.857143,"(8, 3, 1, 12, 5.85714)",2,14,144466m 144468m 244466m 244468m 344466m 344468m 444466m 444468m 444566m 444568m 444669m 444688m 444689m 445668m
444688m,444688m33z,メンツ＋カンチャントイツ,7m 8m 3z,3,8,0,0,8,5.071429,"(8, 3, 0, 8, 5.07143)",0,14,144468m 144488m 244468m 244488m 344468m 344488m 444468m 444488m 444568m 444588m 444668m 444689m 444889m 445688m
444779m,444779m33z,メンツ＋カンチャントイツ,7m 8m 3z,3,8,0,1,12,5.846154,"(8, 3, 1, 12, 5.84615)",1,13,144477m 144479m 244477m 244479m 344477m 344479m 444477m 444479m 444577m 444579m 444677m 444679m 444799m
444799m,444799m33z,メンツ＋カンチャントイツ,8m 9m 3z,3,8,0,0,8,4.923077,"(8, 3, 0, 8, 4.92308)",2,13,144479m 144499m 244479m 244499m 344479m 344499m 444479m 444499m 444579m 444599m 444679m 444699m 444779m
444889m,444889m33z,メンツ＋ペンチャントイツ,7m 8m 3z,3,8,0,0,8,4.615385,"(8, 3, 0, 8, 4.61538)",0,13,144488m 144489m 244488m 244489m 344488m 344489m 444488m 444489m 444588m 444589m 444688m 444689m 444899m
444899m,444899m33z,メンツ＋ペンチャントイツ,7m 9m 3z,3,8,0,0,8,4.307692,"(8, 3, 0, 8, 4.30769)",0,13,144489m 144499m 244489m 244499m 344489m 344499m 444489m 444499m 444589m 444599m 444689m 444699m 444889m
445679m,445679m33z,カンチャンシャンポン,4m 8m 3z,3,8,0,5,15,7.421053,"(8, 3, 5, 15, 7.42105)",1,19,144567m 145679m 244567m 244569m 245679m 344567m 344569m 344579m 345679m 445567m 445569m 445667m 445669m 445677m 445699m 455679m 456679m 456779m 456799m
446666m,446666m33z,メンツ＋カンチャントイツ,4m 5m 3z,3,8,0,1,12,6.333333,"(8, 3, 1, 12, 6.33333)",1,12,144666m 146666m 244666m 246666m 344666m 346666m 446667m 446668m 446669m 466667m 466668m 466669m
446678m,446678m33z,メンツ＋カンチャントイツ,4m 5m 3z,3,8,0,2,12,6.733333,"(8, 3, 2, 12, 6.73333)",1,15,144678m 146678m 244678m 246678m 344678m 346678m 446667m 446668m 446778m 446788m 446789m 466678m 466778m 466788m 466789m
446777m,446777m33z,メンツ＋カンチャントイツ,4m 5m 3z,3,8,0,1,12,6.214286,"(8, 3, 1, 12, 6.21429)",1,14,144777m 146777m 244777m 246777m 344777m 346777m 446778m 447777m 447778m 447779m 466777m 467777m 467778m 467779m
446789m,446789m33z,メンツ＋カンチャントイツ,4m 5m 3z,3,8,0,2,12,6.631579,"(8, 3, 2, 12, 6.63158)",1,19,144678m 144789m 146789m 244678m 244789m 246789m 344678m 344789m 346789m 446678m 446778m 446788m 447789m 447889m 447899m 466789m 467789m 467889m 467899m
446888m,446888m33z,メンツ＋カンチャントイツ,4m 5m 3z,3,8,0,1,12,6.214286,"(8, 3, 1, 12, 6.21429)",1,14,144888m 146888m 244888m 246888m 344888m 346888m 446788m 447888m 448888m 448889m 466888m 467888m 468888m 468889m
446999m,446999m33z,メンツ＋カンチャントイツ,4m 5m 3z,3,8,0,1,12,6.461538,"(8, 3, 1, 12, 6.46154)",1,13,144999m 146999m 244999m 246999m 344999m 346999m 447999m 448999m 449999m 466999m 467999m 468999m 469999m
456688m,456688m33z,メンツ＋カンチャントイツ,7m 8m 3z,3,8,0,1,11,5.666667,"(8, 3, 1, 11, 5.66667)",2,15,145668m 145688m 245668m 245688m 345668m 345688m 445668m 445688m 455668m 455688m 456668m 456689m 456889m 466688m 566688m
456779m,456779m33z,メンツ＋カンチャントイツ,7m 8m 3z,3,8,0,5,15,7.700000,"(8, 3, 5, 15, 7.7)",1,20,145677m 145679m 156779m 245677m 245679m 256779m 345677m 345679m 345779m 356779m 445677m 445679m 455677m 455679m 456677m 456679m 456799m 556779m 566779m 567799m
456799m,456799m33z,メンツ＋カンチャントイツ,8m 9m 3z,3,8,0,2,11,5.850000,"(8, 3, 2, 11, 5.85)",2,20,145679m 145699m 156799m 245679m 245699m 256799m 345679m 345699m 345799m 356799m 445679m 445699m 455679m 455699m 456679m 456699m 456779m 556799m 566799m 567799m
456889m,456889m33z,メンツ＋ペンチャントイツ,7m 8m 3z,3,8,0,0,8,5.142857,"(8, 3, 0, 8, 5.14286)",0,14,145688m 145689m 245688m 245689m 345688m 345689m 345889m 445688m 445689m 455688m 455689m 456688m 456689m 456899m
456899m,456899m33z,メンツ＋ペンチャントイツ,7m 9m 3z,3,8,0,0,8,4.571429,"(8, 3, 0, 8, 4.57143)",0,14,145689m 145699m 245689m 245699m 345689m 345699m 345899m 445689m 445699m 455689m 455699m 456689m 456699m 456889m
466777m,466777m33z,とび階段,5m 6m 3z,3,8,0,2,12,6.714286,"(8, 3, 2, 12, 6.71429)",1,14,146777m 166777m 246777m 266777m 346777m 366777m 446777m 466778m 467777m 467778m 467779m 667777m 667778m 667779m
466789m,466789m33z,メンツ＋カンチャントイツ,5m 6m 3z,3,8,0,1,11,6.736842,"(8, 3, 1, 11, 6.73684)",2,19,146678m 146789m 166789m 246678m 246789m 266789m 346678m 346789m 366789m 446678m 446789m 466778m 466788m 467789m 467889m 467899m 667789m 667889m 667899m
466888m,466888m33z,メンツ＋カンチャントイツ,5m 6m 3z,3,8,0,1,12,6.428571,"(8, 3, 1, 12, 6.42857)",1,14,146888m 166888m 246888m 266888m 346888m 366888m 446888m 466788m 467888m 468888m 468889m 667888m 668888m 668889m
466999m,466999m33z,メンツ＋カンチャントイツ,5m 6m 3z,3,8,0,1,12,6.461538,"(8, 3, 1, 12, 6.46154)",1,13,146999m 166999m 246999m 266999m 346999m 366999m 446999m 467999m 468999m 469999m 667999m 668999m 669999m
467899m,467899m33z,カンチャンシャンポン,5m 9m 3z,3,8,0,1,11,6.000000,"(8, 3, 1, 11, 6)",1,18,146789m 167899m 246789m 247899m 267899m 346789m 347899m 367899m 446789m 447899m 466789m 467789m 467889m 477899m 478899m 667899m 677899m 678899m
555577m,555577m33z,メンツ＋カンチャントイツ,6m 7m 3z,3,8,0,1,12,6.333333,"(8, 3, 1, 12, 6.33333)",1,12,155557m 155577m 255557m 255577m 355557m 355577m 455557m 455577m 555578m 555579m 555778m 555779m
555668m,555668m33z,とび階段,6m 7m 3z,3,8,0,2,12,6.142857,"(8, 3, 2, 12, 6.14286)",1,14,155566m 155568m 255566m 255568m 355566m 355568m 455566m 455568m 455668m 555566m 555568m 555669m 555688m 555689m
555688m,555688m33z,メンツ＋カンチャントイツ,7m 8m 3z,3,8,0,0,8,5.071429,"(8, 3, 0, 8, 5.07143)",2,14,155568m 155588m 255568m 255588m 355568m 355588m 455568m 455588m 455688m 555568m 555588m 555668m 555689m 555889m
555779m,555779m33z,メンツ＋カンチャントイツ,7m 8m 3z,3,8,0,1,12,5.857143,"(8, 3, 1, 12, 5.85714)",2,14,155577m 155579m 255577m 255579m 355577m 355579m 455577m 455579m 555577m 555579m 555677m 555679m 555799m 556779m
555799m,555799m33z,メンツ＋カンチャントイツ,8m 9m 3z,3,8,0,0,8,4.785714,"(8, 3, 0, 8, 4.78571)",0,14,155579m 155599m 255579m 255599m 355579m 355599m 455579m 455599m 555579m 555599m 555679m 555699m 555779m 556799m
555889m,555889m33z,メンツ＋ペンチャントイツ,7m 8m 3z,3,8,0,0,8,4.615385,"(8, 3, 0, 8, 4.61538)",0,13,155588m 155589m 255588m 255589m 355588m 355589m 455588m 455589m 555588m 555589m 555688m 555689m 555899m
555899m,555899m33z,メンツ＋ペンチャントイツ,7m 9m 3z,3,8,0,0,8,4.307692,"(8, 3, 0, 8, 4.30769)",0,13,155589m 155599m 255589m 255599m 355589m 355599m 455589m 455599m 555589m 555599m 555689m 555699m 555889m
557777m,557777m33z,メンツ＋カンチャントイツ,5m 6m 3z,3,8,0,1,12,6.333333,"(8, 3, 1, 12, 6.33333)",1,12,155777m 157777m 255777m 257777m 355777m 357777m 455777m 457777m 557778m 557779m 577778m 577779m
557789m,557789m33z,メンツ＋カンチャントイツ,5m 6m 3z,3,8,0,1,12,5.933333,"(8, 3, 1, 12, 5.93333)",1,15,155789m 157789m 255789m 257789m 355789m 357789m 455789m 457789m 557778m 557779m 557889m 557899m 577789m 577889m 577899m
557888m,557888m33z,メンツ＋カンチャントイツ,5m 6m 3z,3,8,0,1,12,6.214286,"(8, 3, 1, 12, 6.21429)",1,14,155888m 157888m 255888m 257888m 355888m 357888m 455888m 457888m 557889m 558888m 558889m 577888m 578888m 578889m
557999m,557999m33z,メンツ＋カンチャントイツ,5m 6m 3z,3,8,0,1,12,6.214286,"(8, 3, 1, 12, 6.21429)",1,14,155999m 157999m 255999m 257999m 355999m 357999m 455999m 457999m 557899m 558999m 559999m 577999m 578999m 579999m
567799m,567799m33z,メンツ＋カンチャントイツ,8m 9m 3z,3,8,0,1,11,5.400000,"(8, 3, 1, 11, 5.4)",2,15,156779m 156799m 256779m 256799m 356779m 356799m 456779m 456799m 556779m 556799m 566779m 566799m 567779m 577799m 677799m
577888m,577888m33z,とび階段,6m 7m 3z,3,8,0,2,12,6.714286,"(8, 3, 2, 12, 6.71429)",1,14,157888m 177888m 257888m 277888m 357888m 377888m 457888m 477888m 557888m 577889m 578888m 578889m 778888m 778889m
577999m,577999m33z,メンツ＋カンチャントイツ,6m 7m 3z,3,8,0,1,12,6.428571,"(8, 3, 1, 12, 6.42857)",1,14,157999m 177999m 257999m 277999m 357999m 377999m 457999m 477999m 557999m 577899m 578999m 579999m 778999m 779999m
666688m,666688m33z,メンツ＋カンチャントイツ,7m 8m 3z,3,8,0,0,8,5.000000,"(8, 3, 0, 8, 5)",2,12,166668m 166688m 266668m 266688m 366668m 366688m 466668m 466688m 566668m 566688m 666689m 666889m
666779m,666779m33z,とび階段,7m 8m 3z,3,8,0,2,12,6.142857,"(8, 3, 2, 12, 6.14286)",1,14,166677m 166679m 266677m 266679m 366677m 366679m 466677m 466679m 566677m 566679m 566779m 666677m 666679m 666799m
666799m,666799m33z,メンツ＋カンチャントイツ,8m 9m 3z,3,8,0,0,8,4.785714,"(8, 3, 0, 8, 4.78571)",2,14,166679m 166699m 266679m 266699m 366679m 366699m 466679m 466699m 566679m 566699m 566799m 666679m 666699m 666779m
666889m,666889m33z,メンツ＋ペンチャントイツ,7m 8m 3z,3,8,0,0,8,4.615385,"(8, 3, 0, 8, 4.61538)",0,13,166688m 166689m 266688m 266689m 366688m 366689m 466688m 466689m 566688m 566689m 666688m 666689m 666899m
666899m,666899m33z,メンツ＋ペンチャントイツ,7m 9m 3z,3,8,0,0,8,4.307692,"(8, 3, 0, 8, 4.30769)",0,13,166689m 166699m 266689m 266699m 366689m 366699m 466689m 466699m 566689m 566699m 666689m 666699m 666889m
668888m,668888m33z,メンツ＋カンチャントイツ,6m 7m 3z,3,8,0,1,12,5.666667,"(8, 3, 1, 12, 5.66667)",1,12,166888m 168888m 266888m 268888m 366888m 368888m 466888m 468888m 566888m 568888m 668889m 688889m
668999m,668999m33z,メンツ＋カンチャントイツ,6m 7m 3z,3,8,0,1,12,5.846154,"(8, 3, 1, 12, 5.84615)",1,13,166999m 168999m 266999m 268999m 366999m 368999m 466999m 468999m 566999m 568999m 669999m 688999m 689999m
688999m,688999m33z,とび階段,7m 8m 3z,3,8,0,0,8,5.230769,"(8, 3, 0, 8, 5.23077)",2,13,168999m 188999m 268999m 288999m 368999m 388999m 468999m 488999m 568999m 588999m 668999m 689999m 889999m
777799m,777799m33z,メンツ＋カンチャントイツ,8m 9m 3z,3,8,0,0,8,4.666667,"(8, 3, 0, 8, 4.66667)",2,12,177779m 177799m 277779m 277799m 377779m 377799m 477779m 477799m 577779m 577799m 677779m 677799m
779999m,779999m33z,メンツ＋カンチャントイツ,7m 8m 3z,3,8,0,1,12,5.666667,"(8, 3, 1, 12, 5.66667)",1,12,177999m 179999m 277999m 279999m 377999m 379999m 477999m 479999m 577999m 579999m 677999m 679999m
888899m,888899m33z,メンツ＋ペンチャントイツ,7m 9m 3z,3,8,0,0,4,4.000000,"(8, 3, 0, 4, 4)",0,12,188889m 188899m 288889m 288899m 388889m 388899m 488889m 488899m 588889m 588899m 688889m 688899m
889999m,889999m33z,メンツ＋ペンチャントイツ,7m 8m 3z,3,8,0,0,8,4.333333,"(8, 3, 0, 8, 4.33333)",0,12,188999m 189999m 288999m 289999m 388999m 389999m 488999m 489999m 588999m 589999m 688999m 689999m
111134m,111134m33z,メンツ＋ターツ＋不要牌,2m 5m,2,8,1,2,12,6.769231,"(8, 2, 2, 12, 6.76923)",1,13,111133m 111136m 111137m 111138m 111139m 111144m 111146m 111334m 111344m 111346m 111347m 111348m 111349m
111135m,111135m33z,メンツ＋リャンカン,2m 4m,2,8,0,0,8,5.714286,"(8, 2, 0, 8, 5.71429)",2,14,111133m 111136m 111137m 111138m 111139m 111155m 111156m 111157m 111335m 111355m 111356m 111357m 111358m 111359m
111145m,111145m33z,メンツ＋ターツ＋不要牌,3m 6m,2,8,1,2,12,6.909091,"(8, 2, 2, 12, 6.90909)",1,11,111124m 111125m 111144m 111155m 111157m 111245m 111445m 111455m 111457m 111458m 111459m
111156m,111156m33z,メンツ＋ターツ＋不要牌,4m 7m,2,8,1,2,12,6.769231,"(8, 2, 2, 12, 6.76923)",1,13,111125m 111126m 111135m 111136m 111155m 111166m 111168m 111256m 111356m 111556m 111566m 111568m 111569m
111167m,111167m33z,メンツ＋ターツ＋不要牌,5m 8m,2,8,1,2,12,6.285714,"(8, 2, 2, 12, 6.28571)",1,14,111126m 111127m 111136m 111137m 111146m 111166m 111177m 111179m 111267m 111367m 111467m 111667m 111677m 111679m
111178m,111178m33z,メンツ＋ターツ＋不要牌,6m 9m,2,8,1,2,12,6.461538,"(8, 2, 2, 12, 6.46154)",1,13,111127m 111128m 111137m 111138m 111157m 111177m 111188m 111278m 111378m 111478m 111578m 111778m 111788m
111245m,111245m33z,メンツ＋ターツ＋不要牌,3m 6m,2,8,1,2,12,6.500000,"(8, 2, 2, 12, 6.5)",1,16,111124m 111125m 111145m 111224m 111225m 111244m 111247m 111248m 111249m 111255m 111257m 111445m 111455m 111457m 111458m 111459m
111246m,111246m33z,メンツ＋リャンカン,3m 5m,2,8,0,0,8,5.647059,"(8, 2, 0, 8, 5.64706)",2,17,111124m 111126m 111146m 111224m 111226m 111244m 111247m 111248m 111249m 111266m 111267m 111268m 111446m 111466m 111467m 111468m 111469m
111256m,111256m33z,メンツ＋ターツ＋不要牌,4m 7m,2,8,1,2,12,6.625000,"(8, 2, 2, 12, 6.625)",1,16,111125m 111126m 111156m 111225m 111226m 111235m 111236m 111255m 111266m 111268m 111356m 111556m 111566m 111568m 111569m 112356m
111267m,111267m33z,メンツ＋ターツ＋不要牌,5m 8m,2,8,1,2,12,6.555556,"(8, 2, 2, 12, 6.55556)",1,18,111126m 111127m 111167m 111226m 111227m 111236m 111237m 111246m 111247m 111266m 111277m 111279m 111367m 111467m 111667m 111677m 111679m 112367m
111278m,111278m33z,メンツ＋ターツ＋不要牌,6m 9m,2,8,1,2,12,6.333333,"(8, 2, 2, 12, 6.33333)",1,18,111127m 111128m 111178m 111227m 111228m 111237m 111238m 111247m 111248m 111257m 111277m 111288m 111378m 111478m 111578m 111778m 111788m 112378m
111346m,111346m33z,メンツ＋ターツ＋不要牌,2m 5m,2,8,1,2,12,7.058824,"(8, 2, 2, 12, 7.05882)",1,17,111134m 111136m 111146m 111334m 111336m 111344m 111347m 111348m 111349m 111366m 111367m 111368m 111446m 111466m 111467m 111468m 111469m
111347m,111347m33z,メンツ＋ターツ＋不要牌,2m 5m,2,8,1,2,12,6.823529,"(8, 2, 2, 12, 6.82353)",1,17,111134m 111137m 111334m 111337m 111344m 111346m 111348m 111349m 111367m 111377m 111378m 111379m 111447m 111467m 111477m 111478m 111479m
111348m,111348m33z,メンツ＋ターツ＋不要牌,2m 5m,2,8,1,2,12,6.588235,"(8, 2, 2, 12, 6.58824)",1,17,111134m 111138m 111334m 111338m 111344m 111346m 111347m 111349m 111368m 111378m 111388m 111389m 111448m 111468m 111478m 111488m 111489m
111349m,111349m33z,メンツ＋ターツ＋不要牌,2m 5m,2,8,1,2,12,6.000000,"(8, 2, 2, 12, 6)",1,16,111134m 111139m 111334m 111339m 111344m 111346m 111347m 111348m 111379m 111389m 111399m 111449m 111469m 111479m 111489m 111499m
111356m,111356m33z,メンツ＋ターツ＋不要牌,4m 7m,2,8,1,2,12,7.000000,"(8, 2, 2, 12, 7)",1,18,111135m 111136m 111156m 111235m 111236m 111256m 111335m 111336m 111355m 111358m 111359m 111366m 111368m 111556m 111566m 111568m 111569m 112356m
111357m,111357m33z,メンツ＋リャンカン,4m 6m,2,8,0,0,8,6.000000,"(8, 2, 0, 8, 6)",2,19,111135m 111137m 111157m 111235m 111237m 111257m 111335m 111337m 111355m 111358m 111359m 111377m 111378m 111379m 111557m 111577m 111578m 111579m 112357m
111367m,111367m33z,メンツ＋ターツ＋不要牌,5m 8m,2,8,1,2,12,6.777778,"(8, 2, 2, 12, 6.77778)",1,18,111136m 111137m 111167m 111236m 111237m 111267m 111336m 111337m 111346m 111347m 111366m 111377m 111379m 111467m 111667m 111677m 111679m 112367m
111378m,111378m33z,メンツ＋ターツ＋不要牌,6m 9m,2,8,1,2,12,6.842105,"(8, 2, 2, 12, 6.84211)",1,19,111137m 111138m 111178m 111237m 111238m 111278m 111337m 111338m 111347m 111348m 111357m 111358m 111377m 111388m 111478m 111578m 111778m 111788m 112378m
111457m,111457m33z,メンツ＋ターツ＋不要牌,3m 6m,2,8,1,2,12,7.058824,"(8, 2, 2, 12, 7.05882)",1,17,111145m 111157m 111245m 111247m 111257m 111445m 111447m 111455m 111458m 111459m 111477m 111478m 111479m 111557m 111577m 111578m 111579m
111458m,111458m33z,メンツ＋ターツ＋不要牌,3m 6m,2,8,1,2,12,6.666667,"(8, 2, 2, 12, 6.66667)",1,15,111145m 111245m 111248m 111445m 111448m 111455m 111457m 111459m 111478m 111488m 111489m 111558m 111578m 111588m 111589m
111459m,111459m33z,メンツ＋ターツ＋不要牌,3m 6m,2,8,1,2,12,6.400000,"(8, 2, 2, 12, 6.4)",1,15,111145m 111245m 111249m 111445m 111449m 111455m 111457m 111458m 111479m 111489m 111499m 111559m 111579m 111589m 111599m
111467m,111467m33z,メンツ＋ターツ＋不要牌,5m 8m,2,8,1,2,12,7.058824,"(8, 2, 2, 12, 7.05882)",1,17,111146m 111167m 111246m 111247m 111267m 111346m 111347m 111367m 111446m 111447m 111466m 111469m 111477m 111479m 111667m 111677m 111679m
111468m,111468m33z,メンツ＋リャンカン,5m 7m,2,8,0,0,8,5.647059,"(8, 2, 0, 8, 5.64706)",2,17,111146m 111168m 111246m 111248m 111268m 111346m 111348m 111368m 111446m 111448m 111466m 111469m 111488m 111489m 111668m 111688m 111689m
111478m,111478m33z,メンツ＋ターツ＋不要牌,6m 9m,2,8,1,2,12,7.000000,"(8, 2, 2, 12, 7)",1,16,111178m 111247m 111248m 111278m 111347m 111348m 111378m 111447m 111448m 111457m 111458m 111477m 111488m 111578m 111778m 111788m
111568m,111568m33z,メンツ＋ターツ＋不要牌,4m 7m,2,8,1,2,12,6.500000,"(8, 2, 2, 12, 6.5)",1,16,111156m 111168m 111256m 111268m 111356m 111358m 111368m 111556m 111558m 111566m 111569m 111588m 111589m 111668m 111688m 111689m
111569m,111569m33z,メンツ＋ターツ＋不要牌,4m 7m,2,8,1,2,12,6.461538,"(8, 2, 2, 12, 6.46154)",1,13,111156m 111256m 111356m 111359m 111556m 111559m 111566m 111568m 111589m 111599m 111669m 111689m 111699m
111578m,111578m33z,メンツ＋ターツ＋不要牌,6m 9m,2,8,1,2,12,7.250000,"(8, 2, 2, 12, 7.25)",1,16,111157m 111178m 111257m 111278m 111357m 111358m 111378m 111457m 111458m 111478m 111557m 111558m 111577m 111588m 111778m 111788m
111579m,111579m33z,メンツ＋リャンカン,6m 8m,2,8,0,0,8,5.750000,"(8, 2, 0, 8, 5.75)",2,16,111157m 111179m 111257m 111279m 111357m 111359m 111379m 111457m 111459m 111479m 111557m 111559m 111577m 111599m 111779m 111799m
111679m,111679m33z,メンツ＋ターツ＋不要牌,5m 8m,2,8,1,2,12,6.666667,"(8, 2, 2, 12, 6.66667)",1,15,111167m 111179m 111267m 111279m 111367m 111379m 111467m 111469m 111479m 111667m 111669m 111677m 111699m 111779m 111799m
112356m,112356m33z,メンツ＋ターツ＋不要牌,4m 7m,2,8,1,2,12,6.705882,"(8, 2, 2, 12, 6.70588)",1,17,111235m 111236m 111256m 111356m 112235m 112236m 112335m 112336m 112355m 112366m 112368m 122356m 123356m 123556m 123566m 123568m 123569m
112367m,112367m33z,メンツ＋ターツ＋不要牌,5m 8m,2,8,1,2,12,6.421053,"(8, 2, 2, 12, 6.42105)",1,19,111236m 111237m 111267m 111367m 112236m 112237m 112336m 112337m 112346m 112347m 112366m 112377m 112379m 122367m 123367m 123467m 123667m 123677m 123679m
112378m,112378m33z,メンツ＋ターツ＋不要牌,6m 9m,2,8,1,2,12,6.210526,"(8, 2, 2, 12, 6.21053)",1,19,111237m 111238m 111278m 111378m 112237m 112238m 112337m 112338m 112347m 112348m 112357m 112377m 112388m 122378m 123378m 123478m 123578m 123778m 123788m
122245m,122245m33z,メンツ＋ターツ＋不要牌,3m 6m,2,8,1,2,12,6.461538,"(8, 2, 2, 12, 6.46154)",1,13,112224m 112225m 122224m 122225m 122244m 122255m 122257m 222245m 222445m 222455m 222457m 222458m 222459m
122256m,122256m33z,メンツ＋ターツ＋不要牌,4m 7m,2,8,1,2,12,6.375000,"(8, 2, 2, 12, 6.375)",1,16,112225m 112226m 122225m 122226m 122235m 122236m 122255m 122266m 122268m 122356m 222256m 222356m 222556m 222566m 222568m 222569m
122267m,122267m33z,メンツ＋ターツ＋不要牌,5m 8m,2,8,1,2,12,6.000000,"(8, 2, 2, 12, 6)",1,17,112226m 112227m 122226m 122227m 122236m 122237m 122246m 122266m 122277m 122279m 122367m 222267m 222367m 222467m 222667m 222677m 222679m
122278m,122278m33z,メンツ＋ターツ＋不要牌,6m 9m,2,8,1,2,12,6.125000,"(8, 2, 2, 12, 6.125)",1,16,112227m 112228m 122227m 122228m 122237m 122238m 122257m 122277m 122288m 122378m 222278m 222378m 222478m 222578m 222778m 222788m
122356m,122356m33z,メンツ＋ターツ＋不要牌,4m 7m,2,8,1,2,12,6.705882,"(8, 2, 2, 12, 6.70588)",1,17,112235m 112236m 112356m 122235m 122236m 122256m 122335m 122336m 122355m 122366m 122368m 123356m 123556m 123566m 123568m 123569m 222356m
122367m,122367m33z,メンツ＋ターツ＋不要牌,5m 8m,2,8,1,2,12,6.400000,"(8, 2, 2, 12, 6.4)",1,20,112236m 112237m 112367m 122236m 122237m 122267m 122336m 122337m 122346m 122347m 122366m 122377m 122379m 123367m 123467m 123667m 123677m 123679m 222367m 223467m
122378m,122378m33z,メンツ＋ターツ＋不要牌,6m 9m,2,8,1,2,12,6.200000,"(8, 2, 2, 12, 6.2)",1,20,112237m 112238m 112378m 122237m 122238m 122278m 122337m 122338m 122347m 122348m 122357m 122377m 122388m 123378m 123478m 123578m 123778m 123788m 222378m 223478m
123356m,123356m33z,メンツ＋ターツ＋不要牌,4m 7m,2,8,1,2,12,6.842105,"(8, 2, 2, 12, 6.84211)",1,19,112335m 112336m 112356m 122335m 122336m 122356m 123335m 123336m 123355m 123358m 123359m 123366m 123368m 123556m 123566m 123568m 123569m 133356m 233356m
123357m,123357m33z,メンツ＋リャンカン,4m 6m,2,8,0,0,8,5.700000,"(8, 2, 0, 8, 5.7)",2,20,112335m 112337m 112357m 122335m 122337m 122357m 123335m 123337m 123355m 123358m 123359m 123377m 123378m 123379m 123557m 123577m 123578m 123579m 133357m 233357m
123367m,123367m33z,メンツ＋ターツ＋不要牌,5m 8m,2,8,1,2,12,6.600000,"(8, 2, 2, 12, 6.6)",1,20,112336m 112337m 112367m 122336m 122337m 122367m 123336m 123337m 123346m 123347m 123366m 123377m 123379m 123467m 123667m 123677m 123679m 133367m 233367m 233467m
123378m,123378m33z,メンツ＋ターツ＋不要牌,6m 9m,2,8,1,2,12,6.666667,"(8, 2, 2, 12, 6.66667)",1,21,112337m 112338m 112378m 122337m 122338m 122378m 123337m 123338m 123347m 123348m 123357m 123358m 123377m 123388m 123478m 123578m 123778m 123788m 133378m 233378m 233478m
123467m,123467m33z,メンツ＋ターツ＋不要牌,5m 8m,2,8,1,4,12,7.500000,"(8, 2, 4, 12, 7.5)",1,24,112346m 112347m 112367m 122346m 122347m 122367m 123346m 123347m 123367m 123446m 123447m 123466m 123469m 123477m 123479m 123667m 123677m 123679m 223467m 233467m 234467m 234667m 234677m 234679m
123468m,123468m33z,メンツ＋リャンカン,5m 7m,2,8,0,0,8,5.666667,"(8, 2, 0, 8, 5.66667)",0,24,112346m 112348m 112368m 122346m 122348m 122368m 123346m 123348m 123368m 123446m 123448m 123466m 123469m 123488m 123489m 123668m 123688m 123689m 223468m 233468m 234468m 234668m 234688m 234689m
123478m,123478m33z,メンツ＋ターツ＋不要牌,6m 9m,2,8,1,4,12,7.120000,"(8, 2, 4, 12, 7.12)",1,25,112347m 112348m 112378m 122347m 122348m 122378m 123347m 123348m 123378m 123447m 123448m 123457m 123458m 123477m 123488m 123578m 123778m 123788m 134578m 223478m 233478m 234478m 234578m 234778m 234788m
123568m,123568m33z,メンツ＋ターツ＋不要牌,4m 7m,2,8,1,2,12,6.500000,"(8, 2, 2, 12, 6.5)",1,16,112356m 112368m 122356m 122368m 123356m 123358m 123368m 123556m 123558m 123566m 123569m 123588m 123589m 123668m 123688m 123689m
123569m,123569m33z,メンツ＋ターツ＋不要牌,4m 7m,2,8,1,2,12,6.461538,"(8, 2, 2, 12, 6.46154)",1,13,112356m 122356m 123356m 123359m 123556m 123559m 123566m 123568m 123589m 123599m 123669m 123689m 123699m
123578m,123578m33z,メンツ＋ターツ＋不要牌,6m 9m,2,8,1,2,12,7.222222,"(8, 2, 2, 12, 7.22222)",1,18,112357m 112378m 122357m 122378m 123357m 123358m 123378m 123457m 123458m 123478m 123557m 123558m 123577m 123588m 123778m 123788m 134578m 234578m
123579m,123579m33z,メンツ＋リャンカン,6m 8m,2,8,0,0,8,5.666667,"(8, 2, 0, 8, 5.66667)",0,18,112357m 112379m 122357m 122379m 123357m 123359m 123379m 123457m 123459m 123479m 123557m 123559m 123577m 123599m 123779m 123799m 134579m 234579m
123679m,123679m33z,メンツ＋ターツ＋不要牌,5m 8m,2,8,1,2,12,6.750000,"(8, 2, 2, 12, 6.75)",1,16,112367m 112379m 122367m 122379m 123367m 123379m 123467m 123469m 123479m 123667m 123669m 123677m 123699m 123779m 123799m 234679m
133334m,133334m33z,メンツ＋ターツ＋不要牌,2m 5m,2,8,1,1,12,6.153846,"(8, 2, 1, 12, 6.15385)",1,13,113333m 113334m 133336m 133337m 133338m 133339m 133344m 133346m 333344m 333346m 333347m 333348m 333349m
133335m,133335m33z,メンツ＋リャンカン,2m 4m,2,8,0,0,8,5.428571,"(8, 2, 0, 8, 5.42857)",2,14,113333m 113335m 133336m 133337m 133338m 133339m 133355m 133356m 133357m 333355m 333356m 333357m 333358m 333359m
133356m,133356m33z,メンツ＋ターツ＋不要牌,4m 7m,2,8,1,2,12,6.625000,"(8, 2, 2, 12, 6.625)",1,16,113335m 113336m 123335m 123336m 123356m 133335m 133336m 133355m 133366m 133368m 233356m 333356m 333556m 333566m 333568m 333569m
133367m,133367m33z,メンツ＋ターツ＋不要牌,5m 8m,2,8,1,2,12,6.000000,"(8, 2, 2, 12, 6)",1,17,113336m 113337m 123336m 123337m 123367m 133336m 133337m 133346m 133366m 133377m 133379m 233367m 333367m 333467m 333667m 333677m 333679m
133378m,133378m33z,メンツ＋ターツ＋不要牌,6m 9m,2,8,1,2,12,6.125000,"(8, 2, 2, 12, 6.125)",1,16,113337m 113338m 123337m 123338m 123378m 133337m 133338m 133357m 133377m 133388m 233378m 333378m 333478m 333578m 333778m 333788m
134444m,134444m33z,メンツ＋ターツ＋不要牌,2m 5m,2,8,1,1,12,6.461538,"(8, 2, 1, 12, 6.46154)",1,13,113444m 114444m 133444m 134446m 134447m 134448m 134449m 144446m 334444m 344446m 344447m 344448m 344449m
134568m,134568m33z,離れリャンカン,2m 7m,2,8,0,2,11,6.200000,"(8, 2, 2, 11, 6.2)",2,20,113456m 113458m 114568m 133456m 133458m 134456m 134556m 134566m 134569m 134588m 134589m 145668m 145688m 145689m 334568m 344568m 345568m 345668m 345688m 345689m
134578m,134578m33z,メンツ＋ターツ＋不要牌,6m 9m,2,8,1,2,12,6.705882,"(8, 2, 2, 12, 6.70588)",1,17,113457m 113458m 123457m 123458m 123478m 123578m 133457m 133458m 134557m 134577m 134588m 234578m 334578m 344578m 345578m 345778m 345788m
134666m,134666m33z,メンツ＋ターツ＋不要牌,2m 5m,2,8,1,2,12,6.666667,"(8, 2, 2, 12, 6.66667)",1,15,113666m 114666m 133666m 136666m 136667m 136668m 136669m 144666m 146666m 334666m 344666m 346666m 346667m 346668m 346669m
134678m,134678m33z,メンツ＋ターツ＋不要牌,2m 5m,2,8,1,2,12,6.588235,"(8, 2, 2, 12, 6.58824)",1,17,113678m 114678m 133678m 134789m 136678m 136778m 136788m 136789m 144678m 146678m 146789m 334678m 344678m 346678m 346778m 346788m 346789m
134777m,134777m33z,メンツ＋ターツ＋不要牌,2m 5m,2,8,1,2,12,6.666667,"(8, 2, 2, 12, 6.66667)",1,15,113777m 114777m 133777m 136777m 137777m 137778m 137779m 144777m 146777m 334777m 344777m 346777m 347777m 347778m 347779m
134789m,134789m33z,メンツ＋ターツ＋不要牌,2m 5m,2,8,1,2,12,6.750000,"(8, 2, 2, 12, 6.75)",1,16,113789m 114789m 133789m 134678m 136789m 137789m 137889m 137899m 144789m 146789m 334789m 344789m 346789m 347789m 347889m 347899m
134888m,134888m33z,メンツ＋ターツ＋不要牌,2m 5m,2,8,1,2,12,6.666667,"(8, 2, 2, 12, 6.66667)",1,15,113888m 114888m 133888m 136888m 137888m 138888m 138889m 144888m 146888m 334888m 344888m 346888m 347888m 348888m 348889m
134999m,134999m33z,メンツ＋ターツ＋不要牌,2m 5m,2,8,1,2,12,6.666667,"(8, 2, 2, 12, 6.66667)",1,15,113999m 114999m 133999m 136999m 137999m 138999m 139999m 144999m 146999m 334999m 344999m 346999m 347999m 348999m 349999m
135555m,135555m33z,メンツ＋リャンカン,2m 4m,2,8,0,0,8,5.714286,"(8, 2, 0, 8, 5.71429)",2,14,113555m 115555m 133555m 135556m 135557m 135558m 135559m 155556m 155557m 335555m 355556m 355557m 355558m 355559m
135567m,135567m33z,メンツ＋リャンカン,2m 4m,2,8,0,1,11,6.000000,"(8, 2, 1, 11, 6)",2,19,113567m 115567m 133567m 135556m 135557m 135667m 135677m 135678m 135679m 155567m 155667m 155677m 155678m 335567m 355567m 355667m 355677m 355678m 355679m
135666m,135666m33z,メンツ＋リャンカン,2m 4m,2,8,0,0,8,5.529412,"(8, 2, 0, 8, 5.52941)",2,17,113666m 115666m 133666m 135667m 136666m 136667m 136668m 136669m 155666m 156666m 156667m 335666m 355666m 356666m 356667m 356668m 356669m
135678m,135678m33z,メンツ＋リャンカン,2m 4m,2,8,0,1,11,6.320000,"(8, 2, 1, 11, 6.32)",2,25,113567m 113678m 115678m 133567m 133678m 135567m 135667m 135677m 135679m 135789m 136678m 136778m 136788m 136789m 155678m 156678m 156778m 156788m 156789m 335678m 355678m 356678m 356778m 356788m 356789m
135777m,135777m33z,メンツ＋リャンカン,2m 4m,2,8,0,0,8,5.529412,"(8, 2, 0, 8, 5.52941)",0,17,113777m 115777m 133777m 135677m 136777m 137777m 137778m 137779m 155777m 156777m 157777m 335777m 355777m 356777m 357777m 357778m 357779m
135789m,135789m33z,メンツ＋リャンカン,2m 4m,2,8,0,0,8,5.666667,"(8, 2, 0, 8, 5.66667)",0,18,113789m 115789m 133789m 135678m 135679m 136789m 137789m 137889m 137899m 155789m 156789m 157789m 335789m 355789m 356789m 357789m 357889m 357899m
135888m,135888m33z,メンツ＋リャンカン,2m 4m,2,8,0,0,8,5.750000,"(8, 2, 0, 8, 5.75)",2,16,113888m 115888m 133888m 136888m 137888m 138888m 138889m 155888m 156888m 157888m 335888m 355888m 356888m 357888m 358888m 358889m
135999m,135999m33z,メンツ＋リャンカン,2m 4m,2,8,0,0,8,5.750000,"(8, 2, 0, 8, 5.75)",2,16,113999m 115999m 133999m 136999m 137999m 138999m 139999m 155999m 156999m 157999m 335999m 355999m 356999m 357999m 358999m 359999m
144445m,144445m33z,メンツ＋ターツ＋不要牌,3m 6m,2,8,1,1,12,6.181818,"(8, 2, 1, 12, 6.18182)",1,11,114444m 114445m 124444m 124445m 144455m 144457m 244445m 444455m 444457m 444458m 444459m
144467m,144467m33z,メンツ＋ターツ＋不要牌,5m 8m,2,8,1,2,12,6.000000,"(8, 2, 2, 12, 6)",1,16,114446m 114447m 124446m 124447m 134446m 134447m 144446m 144466m 144477m 144479m 244467m 344467m 444467m 444667m 444677m 444679m
144478m,144478m33z,メンツ＋ターツ＋不要牌,6m 9m,2,8,1,2,12,6.133333,"(8, 2, 2, 12, 6.13333)",1,15,114447m 114448m 124447m 124448m 134447m 134448m 144457m 144477m 144488m 244478m 344478m 444478m 444578m 444778m 444788m
145555m,145555m33z,メンツ＋ターツ＋不要牌,3m 6m,2,8,1,1,12,6.181818,"(8, 2, 1, 12, 6.18182)",1,11,114555m 115555m 124555m 125555m 144555m 155557m 245555m 445555m 455557m 455558m 455559m
145777m,145777m33z,メンツ＋ターツ＋不要牌,3m 6m,2,8,1,2,12,6.461538,"(8, 2, 2, 12, 6.46154)",1,13,114777m 115777m 124777m 125777m 144777m 155777m 157777m 245777m 445777m 455777m 457777m 457778m 457779m
145789m,145789m33z,メンツ＋ターツ＋不要牌,3m 6m,2,8,1,2,12,6.461538,"(8, 2, 2, 12, 6.46154)",1,13,114789m 115789m 124789m 125789m 144789m 155789m 157789m 245789m 445789m 455789m 457789m 457889m 457899m
145888m,145888m33z,メンツ＋ターツ＋不要牌,3m 6m,2,8,1,2,12,6.461538,"(8, 2, 2, 12, 6.46154)",1,13,114888m 115888m 124888m 125888m 144888m 155888m 157888m 245888m 445888m 455888m 457888m 458888m 458889m
145999m,145999m33z,メンツ＋ターツ＋不要牌,3m 6m,2,8,1,2,12,6.461538,"(8, 2, 2, 12, 6.46154)",1,13,114999m 115999m 124999m 125999m 144999m 155999m 157999m 245999m 445999m 455999m 457999m 458999m 459999m
155556m,155556m33z,メンツ＋ターツ＋不要牌,4m 7m,2,8,1,1,12,6.153846,"(8, 2, 1, 12, 6.15385)",1,13,115555m 115556m 125555m 125556m 135555m 135556m 155566m 155568m 255556m 355556m 555566m 555568m 555569m
155578m,155578m33z,メンツ＋ターツ＋不要牌,6m 9m,2,8,1,2,12,6.133333,"(8, 2, 2, 12, 6.13333)",1,15,115557m 115558m 125557m 125558m 135557m 135558m 155557m 155577m 155588m 255578m 355578m 455578m 555578m 555778m 555788m
156666m,156666m33z,メンツ＋ターツ＋不要牌,4m 7m,2,8,1,1,12,6.153846,"(8, 2, 1, 12, 6.15385)",1,13,115666m 116666m 125666m 126666m 135666m 136666m 155666m 166668m 256666m 356666m 556666m 566668m 566669m
156888m,156888m33z,メンツ＋ターツ＋不要牌,4m 7m,2,8,1,2,12,6.400000,"(8, 2, 2, 12, 6.4)",1,15,115888m 116888m 125888m 126888m 135888m 136888m 155888m 166888m 168888m 256888m 356888m 556888m 566888m 568888m 568889m
156999m,156999m33z,メンツ＋ターツ＋不要牌,4m 7m,2,8,1,2,12,6.400000,"(8, 2, 2, 12, 6.4)",1,15,115999m 116999m 125999m 126999m 135999m 136999m 155999m 166999m 168999m 256999m 356999m 556999m 566999m 568999m 569999m
166667m,166667m33z,メンツ＋ターツ＋不要牌,5m 8m,2,8,1,1,12,5.714286,"(8, 2, 1, 12, 5.71429)",1,14,116666m 116667m 126666m 126667m 136666m 136667m 146666m 166677m 166679m 266667m 366667m 466667m 666677m 666679m
167777m,167777m33z,メンツ＋ターツ＋不要牌,5m 8m,2,8,1,1,12,5.714286,"(8, 2, 1, 12, 5.71429)",1,14,116777m 117777m 126777m 127777m 136777m 137777m 146777m 166777m 177779m 267777m 367777m 467777m 667777m 677779m
167999m,167999m33z,メンツ＋ターツ＋不要牌,5m 8m,2,8,1,2,12,6.000000,"(8, 2, 2, 12, 6)",1,16,116999m 117999m 126999m 127999m 136999m 137999m 146999m 166999m 177999m 179999m 267999m 367999m 467999m 667999m 677999m 679999m
177778m,177778m33z,メンツ＋ターツ＋不要牌,6m 9m,2,8,1,1,12,5.846154,"(8, 2, 1, 12, 5.84615)",1,13,117777m 117778m 127777m 127778m 137777m 137778m 157777m 177788m 277778m 377778m 477778m 577778m 777788m
178888m,178888m33z,メンツ＋ターツ＋不要牌,6m 9m,2,8,1,1,12,5.846154,"(8, 2, 1, 12, 5.84615)",1,13,117888m 118888m 127888m 128888m 137888m 138888m 157888m 177888m 278888m 378888m 478888m 578888m 778888m
222235m,222235m33z,メンツ＋ターツ＋不要牌,1m 4m,2,8,1,1,12,7.142857,"(8, 2, 1, 12, 7.14286)",1,14,222233m 222236m 222237m 222238m 222239m 222255m 222256m 222257m 222335m 222355m 222356m 222357m 222358m 222359m
222236m,222236m33z,メンツ＋ターツ＋不要牌,1m 4m,2,8,1,1,12,6.857143,"(8, 2, 1, 12, 6.85714)",1,14,222233m 222235m 222237m 222238m 222239m 222256m 222266m 222267m 222268m 222336m 222356m 222366m 222367m 222368m
222237m,222237m33z,メンツ＋ターツ＋不要牌,1m 4m,2,8,1,1,12,6.750000,"(8, 2, 1, 12, 6.75)",1,16,222233m 222235m 222236m 222238m 222239m 222257m 222267m 222277m 222278m 222279m 222337m 222357m 222367m 222377m 222378m 222379m
222238m,222238m33z,メンツ＋ターツ＋不要牌,1m 4m,2,8,1,1,12,6.133333,"(8, 2, 1, 12, 6.13333)",1,15,222233m 222235m 222236m 222237m 222239m 222268m 222278m 222288m 222289m 222338m 222358m 222368m 222378m 222388m 222389m
222239m,222239m33z,メンツ＋ターツ＋不要牌,1m 4m,2,8,1,1,12,5.846154,"(8, 2, 1, 12, 5.84615)",1,13,222233m 222235m 222236m 222237m 222238m 222279m 222289m 222299m 222339m 222359m 222379m 222389m 222399m
222245m,222245m33z,メンツ＋ターツ＋不要牌,3m 6m,2,8,1,2,12,6.571429,"(8, 2, 2, 12, 6.57143)",1,14,122224m 122225m 122245m 222244m 222247m 222248m 222249m 222255m 222257m 222445m 222455m 222457m 222458m 222459m
222246m,222246m33z,メンツ＋リャンカン,3m 5m,2,8,0,0,8,5.600000,"(8, 2, 0, 8, 5.6)",2,15,122224m 122226m 122246m 222244m 222247m 222248m 222249m 222266m 222267m 222268m 222446m 222466m 222467m 222468m 222469m
222256m,222256m33z,メンツ＋ターツ＋不要牌,4m 7m,2,8,1,2,12,7.076923,"(8, 2, 2, 12, 7.07692)",1,13,122225m 122226m 122256m 222235m 222236m 222255m 222266m 222268m 222356m 222556m 222566m 222568m 222569m
222267m,222267m33z,メンツ＋ターツ＋不要牌,5m 8m,2,8,1,2,12,6.933333,"(8, 2, 2, 12, 6.93333)",1,15,122226m 122227m 122267m 222236m 222237m 222246m 222247m 222266m 222277m 222279m 222367m 222467m 222667m 222677m 222679m
222278m,222278m33z,メンツ＋ターツ＋不要牌,6m 9m,2,8,1,2,12,6.666667,"(8, 2, 2, 12, 6.66667)",1,15,122227m 122228m 122278m 222237m 222238m 222247m 222248m 222257m 222277m 222288m 222378m 222478m 222578m 222778m 222788m
222356m,222356m33z,メンツ＋ターツ＋不要牌,4m 7m,2,8,1,2,12,7.000000,"(8, 2, 2, 12, 7)",1,18,122235m 122236m 122256m 122356m 222235m 222236m 222256m 222335m 222336m 222355m 222358m 222359m 222366m 222368m 222556m 222566m 222568m 222569m
222357m,222357m33z,メンツ＋リャンカン,4m 6m,2,8,0,0,8,6.000000,"(8, 2, 0, 8, 6)",2,19,122235m 122237m 122257m 122357m 222235m 222237m 222257m 222335m 222337m 222355m 222358m 222359m 222377m 222378m 222379m 222557m 222577m 222578m 222579m
222367m,222367m33z,メンツ＋ターツ＋不要牌,5m 8m,2,8,1,2,12,6.736842,"(8, 2, 2, 12, 6.73684)",1,19,122236m 122237m 122267m 122367m 222236m 222237m 222267m 222336m 222337m 222346m 222347m 222366m 222377m 222379m 222467m 222667m 222677m 222679m 223467m
222378m,222378m33z,メンツ＋ターツ＋不要牌,6m 9m,2,8,1,2,12,6.800000,"(8, 2, 2, 12, 6.8)",1,20,122237m 122238m 122278m 122378m 222237m 222238m 222278m 222337m 222338m 222347m 222348m 222357m 222358m 222377m 222388m 222478m 222578m 222778m 222788m 223478m
222457m,222457m33z,メンツ＋ターツ＋不要牌,3m 6m,2,8,1,2,12,7.058824,"(8, 2, 2, 12, 7.05882)",1,17,122245m 122257m 222245m 222247m 222257m 222445m 222447m 222455m 222458m 222459m 222477m 222478m 222479m 222557m 222577m 222578m 222579m
222458m,222458m33z,メンツ＋ターツ＋不要牌,3m 6m,2,8,1,2,12,6.666667,"(8, 2, 2, 12, 6.66667)",1,15,122245m 222245m 222248m 222445m 222448m 222455m 222457m 222459m 222478m 222488m 222489m 222558m 222578m 222588m 222589m
222459m,222459m33z,メンツ＋ターツ＋不要牌,3m 6m,2,8,1,2,12,6.400000,"(8, 2, 2, 12, 6.4)",1,15,122245m 222245m 222249m 222445m 222449m 222455m 222457m 222458m 222479m 222489m 222499m 222559m 222579m 222589m 222599m
222467m,222467m33z,メンツ＋ターツ＋不要牌,5m 8m,2,8,1,2,12,7.000000,"(8, 2, 2, 12, 7)",1,18,122246m 122267m 222246m 222247m 222267m 222346m 222347m 222367m 222446m 222447m 222466m 222469m 222477m 222479m 222667m 222677m 222679m 223467m
222468m,222468m33z,メンツ＋リャンカン,5m 7m,2,8,0,0,8,5.444444,"(8, 2, 0, 8, 5.44444)",0,18,122246m 122268m 222246m 222248m 222268m 222346m 222348m 222368m 222446m 222448m 222466m 222469m 222488m 222489m 222668m 222688m 222689m 223468m
222478m,222478m33z,メンツ＋ターツ＋不要牌,6m 9m,2,8,1,2,12,6.941176,"(8, 2, 2, 12, 6.94118)",1,17,122278m 222247m 222248m 222278m 222347m 222348m 222378m 222447m 222448m 222457m 222458m 222477m 222488m 222578m 222778m 222788m 223478m
222568m,222568m33z,メンツ＋ターツ＋不要牌,4m 7m,2,8,1,2,12,6.500000,"(8, 2, 2, 12, 6.5)",1,16,122256m 122268m 222256m 222268m 222356m 222358m 222368m 222556m 222558m 222566m 222569m 222588m 222589m 222668m 222688m 222689m
222569m,222569m33z,メンツ＋ターツ＋不要牌,4m 7m,2,8,1,2,12,6.461538,"(8, 2, 2, 12, 6.46154)",1,13,122256m 222256m 222356m 222359m 222556m 222559m 222566m 222568m 222589m 222599m 222669m 222689m 222699m
222578m,222578m33z,メンツ＋ターツ＋不要牌,6m 9m,2,8,1,2,12,7.250000,"(8, 2, 2, 12, 7.25)",1,16,122257m 122278m 222257m 222278m 222357m 222358m 222378m 222457m 222458m 222478m 222557m 222558m 222577m 222588m 222778m 222788m
222579m,222579m33z,メンツ＋リャンカン,6m 8m,2,8,0,0,8,5.750000,"(8, 2, 0, 8, 5.75)",2,16,122257m 122279m 222257m 222279m 222357m 222359m 222379m 222457m 222459m 222479m 222557m 222559m 222577m 222599m 222779m 222799m
222679m,222679m33z,メンツ＋ターツ＋不要牌,5m 8m,2,8,1,2,12,6.666667,"(8, 2, 2, 12, 6.66667)",1,15,122267m 122279m 222267m 222279m 222367m 222379m 222467m 222469m 222479m 222667m 222669m 222677m 222699m 222779m 222799m
223467m,223467m33z,メンツ＋ターツ＋不要牌,5m 8m,2,8,1,2,12,7.000000,"(8, 2, 2, 12, 7)",1,20,122346m 122347m 122367m 123467m 222346m 222347m 222367m 222467m 223346m 223347m 223446m 223447m 223466m 223477m 223479m 233467m 234467m 234667m 234677m 234679m
223478m,223478m33z,メンツ＋ターツ＋不要牌,6m 9m,2,8,1,2,12,6.666667,"(8, 2, 2, 12, 6.66667)",1,21,122347m 122348m 122378m 123478m 222347m 222348m 222378m 222478m 223347m 223348m 223447m 223448m 223457m 223458m 223477m 223488m 233478m 234478m 234578m 234778m 234788m
233335m,233335m33z,メンツ＋ターツ＋不要牌,1m 4m,2,8,1,1,12,6.857143,"(8, 2, 1, 12, 6.85714)",1,14,223333m 223335m 233336m 233337m 233338m 233339m 233355m 233356m 233357m 333355m 333356m 333357m 333358m 333359m
233336m,233336m33z,メンツ＋ターツ＋不要牌,1m 4m,2,8,1,1,12,6.857143,"(8, 2, 1, 12, 6.85714)",1,14,223333m 223336m 233335m 233337m 233338m 233339m 233356m 233366m 233367m 233368m 333356m 333366m 333367m 333368m
233337m,233337m33z,メンツ＋ターツ＋不要牌,1m 4m,2,8,1,1,12,6.750000,"(8, 2, 1, 12, 6.75)",1,16,223333m 223337m 233335m 233336m 233338m 233339m 233357m 233367m 233377m 233378m 233379m 333357m 333367m 333377m 333378m 333379m
233338m,233338m33z,メンツ＋ターツ＋不要牌,1m 4m,2,8,1,1,12,6.133333,"(8, 2, 1, 12, 6.13333)",1,15,223333m 223338m 233335m 233336m 233337m 233339m 233368m 233378m 233388m 233389m 333358m 333368m 333378m 333388m 333389m
233339m,233339m33z,メンツ＋ターツ＋不要牌,1m 4m,2,8,1,1,12,5.846154,"(8, 2, 1, 12, 5.84615)",1,13,223333m 223339m 233335m 233336m 233337m 233338m 233379m 233389m 233399m 333359m 333379m 333389m 333399m
233356m,233356m33z,メンツ＋ターツ＋不要牌,4m 7m,2,8,1,2,12,6.875000,"(8, 2, 2, 12, 6.875)",1,16,123335m 123336m 123356m 133356m 223335m 223336m 233335m 233336m 233355m 233366m 233368m 333356m 333556m 333566m 333568m 333569m
233367m,233367m33z,メンツ＋ターツ＋不要牌,5m 8m,2,8,1,2,12,6.526316,"(8, 2, 2, 12, 6.52632)",1,19,123336m 123337m 123367m 133367m 223336m 223337m 233336m 233337m 233346m 233347m 233366m 233377m 233379m 233467m 333367m 333467m 333667m 333677m 333679m
233378m,233378m33z,メンツ＋ターツ＋不要牌,6m 9m,2,8,1,2,12,6.315789,"(8, 2, 2, 12, 6.31579)",1,19,123337m 123338m 123378m 133378m 223337m 223338m 233337m 233338m 233347m 233348m 233357m 233377m 233388m 233478m 333378m 333478m 333578m 333778m 333788m
233467m,233467m33z,メンツ＋ターツ＋不要牌,5m 8m,2,8,1,2,12,7.200000,"(8, 2, 2, 12, 7.2)",1,20,123346m 123347m 123367m 123467m 223346m 223347m 223467m 233346m 233347m 233367m 233446m 233447m 233466m 233477m 233479m 234467m 234667m 234677m 234679m 333467m
233478m,233478m33z,メンツ＋ターツ＋不要牌,6m 9m,2,8,1,3,12,7.363636,"(8, 2, 3, 12, 7.36364)",1,22,123347m 123348m 123378m 123478m 223347m 223348m 223478m 233347m 233348m 233378m 233447m 233448m 233457m 233458m 233477m 233488m 234478m 234578m 234778m 234788m 333478m 334578m
234467m,234467m33z,メンツ＋ターツ＋不要牌,5m 8m,2,8,1,3,12,7.300000,"(8, 2, 3, 12, 7.3)",1,20,123446m 123447m 123467m 223446m 223447m 223467m 233446m 233447m 233467m 234446m 234447m 234466m 234469m 234477m 234479m 234667m 234677m 234679m 244467m 344467m
234468m,234468m33z,メンツ＋リャンカン,5m 7m,2,8,0,1,11,5.900000,"(8, 2, 1, 11, 5.9)",2,20,123446m 123448m 123468m 223446m 223448m 223468m 233446m 233448m 233468m 234446m 234448m 234466m 234469m 234488m 234489m 234668m 234688m 234689m 244468m 344468m
234478m,234478m33z,メンツ＋ターツ＋不要牌,6m 9m,2,8,1,2,12,6.857143,"(8, 2, 2, 12, 6.85714)",1,21,123447m 123448m 123478m 223447m 223448m 223478m 233447m 233448m 233478m 234447m 234448m 234457m 234458m 234477m 234488m 234578m 234778m 234788m 244478m 344478m 344578m
234578m,234578m33z,メンツ＋ターツ＋不要牌,6m 9m,2,8,1,5,12,8.080000,"(8, 2, 5, 12, 8.08)",1,25,123457m 123458m 123478m 123578m 134578m 223457m 223458m 223478m 233457m 233458m 233478m 234457m 234458m 234478m 234557m 234558m 234577m 234588m 234778m 234788m 334578m 344578m 345578m 345778m 345788m
234579m,234579m33z,メンツ＋リャンカン,6m 8m,2,8,0,1,11,6.320000,"(8, 2, 1, 11, 6.32)",2,25,123457m 123459m 123479m 123579m 134579m 223457m 223459m 223479m 233457m 233459m 233479m 234457m 234459m 234479m 234557m 234559m 234577m 234599m 234779m 234799m 334579m 344579m 345579m 345779m 345799m
234679m,234679m33z,メンツ＋ターツ＋不要牌,5m 8m,2,8,1,2,12,6.588235,"(8, 2, 2, 12, 6.58824)",1,17,123467m 123469m 123479m 123679m 223467m 223479m 233467m 233479m 234467m 234469m 234479m 234667m 234669m 234677m 234699m 234779m 234799m
235555m,235555m33z,メンツ＋ターツ＋不要牌,1m 4m,2,8,1,2,12,7.428571,"(8, 2, 2, 12, 7.42857)",1,14,223555m 225555m 233555m 235556m 235557m 235558m 235559m 255556m 255557m 335555m 355556m 355557m 355558m 355559m
235556m,235556m33z,メンツ＋ターツ＋不要牌,1m 4m,2,8,1,3,12,7.176471,"(8, 2, 3, 12, 7.17647)",1,17,223555m 225556m 233555m 235555m 235557m 235558m 235559m 235567m 255556m 255566m 255567m 255568m 335556m 355556m 355566m 355567m 355568m
235557m,235557m33z,メンツ＋ターツ＋不要牌,1m 4m,2,8,1,3,12,7.052632,"(8, 2, 3, 12, 7.05263)",1,19,223555m 225557m 233555m 235555m 235556m 235558m 235559m 235567m 255557m 255567m 255577m 255578m 255579m 335557m 355557m 355567m 355577m 355578m 355579m
235558m,235558m33z,メンツ＋ターツ＋不要牌,1m 4m,2,8,1,2,12,6.352941,"(8, 2, 2, 12, 6.35294)",1,17,223555m 225558m 233555m 235555m 235556m 235557m 235559m 255568m 255578m 255588m 255589m 335558m 355558m 355568m 355578m 355588m 355589m
235559m,235559m33z,メンツ＋ターツ＋不要牌,1m 4m,2,8,1,2,12,6.133333,"(8, 2, 2, 12, 6.13333)",1,15,223555m 225559m 233555m 235555m 235556m 235557m 235558m 255579m 255589m 255599m 335559m 355559m 355579m 355589m 355599m
235567m,235567m33z,メンツ＋ターツ＋不要牌,1m 4m,2,8,1,3,12,7.473684,"(8, 2, 3, 12, 7.47368)",1,19,223567m 225567m 233567m 235556m 235557m 235667m 235677m 235678m 235679m 255567m 255667m 255677m 255678m 335567m 355567m 355667m 355677m 355678m 355679m
235666m,235666m33z,メンツ＋ターツ＋不要牌,1m 4m,2,8,1,2,12,7.176471,"(8, 2, 2, 12, 7.17647)",1,17,223666m 225666m 233666m 235667m 236666m 236667m 236668m 236669m 255666m 256666m 256667m 335666m 355666m 356666m 356667m 356668m 356669m
235667m,235667m33z,メンツ＋ターツ＋不要牌,1m 4m,2,8,1,2,12,7.368421,"(8, 2, 2, 12, 7.36842)",1,19,223567m 225667m 233567m 235567m 235666m 235677m 235678m 235679m 236667m 236678m 255667m 256667m 256677m 256678m 335667m 355667m 356667m 356677m 356678m
235677m,235677m33z,メンツ＋ターツ＋不要牌,1m 4m,2,8,1,3,12,7.238095,"(8, 2, 3, 12, 7.2381)",1,21,223567m 225677m 233567m 235567m 235667m 235678m 235679m 235777m 236777m 236778m 255677m 256677m 256777m 256778m 256779m 335677m 355677m 356677m 356777m 356778m 356779m
235678m,235678m33z,メンツ＋ターツ＋不要牌,1m 4m,2,8,1,5,12,8.080000,"(8, 2, 5, 12, 8.08)",1,25,223567m 223678m 225678m 233567m 233678m 235567m 235667m 235677m 235679m 235789m 236678m 236778m 236788m 236789m 255678m 256678m 256778m 256788m 256789m 335678m 355678m 356678m 356778m 356788m 356789m
235679m,235679m33z,メンツ＋ターツ＋不要牌,1m 4m,2,8,1,2,12,6.705882,"(8, 2, 2, 12, 6.70588)",1,17,223567m 225679m 233567m 235567m 235667m 235677m 235678m 235789m 236789m 256779m 256789m 256799m 335679m 355679m 356779m 356789m 356799m
235777m,235777m33z,メンツ＋ターツ＋不要牌,1m 4m,2,8,1,2,12,7.176471,"(8, 2, 2, 12, 7.17647)",1,17,223777m 225777m 233777m 235677m 236777m 237777m 237778m 237779m 255777m 256777m 257777m 335777m 355777m 356777m 357777m 357778m 357779m
235789m,235789m33z,メンツ＋ターツ＋不要牌,1m 4m,2,8,1,2,12,7.222222,"(8, 2, 2, 12, 7.22222)",1,18,223789m 225789m 233789m 235678m 235679m 236789m 237789m 237889m 237899m 255789m 256789m 257789m 335789m 355789m 356789m 357789m 357889m 357899m
235888m,235888m33z,メンツ＋ターツ＋不要牌,1m 4m,2,8,1,2,12,7.250000,"(8, 2, 2, 12, 7.25)",1,16,223888m 225888m 233888m 236888m 237888m 238888m 238889m 255888m 256888m 257888m 335888m 355888m 356888m 357888m 358888m 358889m
235999m,235999m33z,メンツ＋ターツ＋不要牌,1m 4m,2,8,1,2,12,7.250000,"(8, 2, 2, 12, 7.25)",1,16,223999m 225999m 233999m 236999m 237999m 238999m 239999m 255999m 256999m 257999m 335999m 355999m 356999m 357999m 358999m 359999m
236666m,236666m33z,メンツ＋ターツ＋不要牌,1m 4m,2,8,1,2,12,7.428571,"(8, 2, 2, 12, 7.42857)",1,14,223666m 226666m 233666m 235666m 236667m 236668m 236669m 256666m 266667m 266668m 336666m 356666m 366667m 366668m
236667m,236667m33z,メンツ＋ターツ＋不要牌,1m 4m,2,8,1,2,12,6.800000,"(8, 2, 2, 12, 6.8)",1,20,223666m 226667m 233666m 235666m 235667m 236666m 236668m 236669m 236678m 256667m 266667m 266677m 266678m 266679m 336667m 356667m 366667m 366677m 366678m 366679m
236668m,236668m33z,メンツ＋ターツ＋不要牌,1m 4m,2,8,1,2,12,6.333333,"(8, 2, 2, 12, 6.33333)",1,18,223666m 226668m 233666m 235666m 236666m 236667m 236669m 236678m 266668m 266678m 266688m 266689m 336668m 356668m 366668m 366678m 366688m 366689m
236669m,236669m33z,メンツ＋ターツ＋不要牌,1m 4m,2,8,1,2,12,6.133333,"(8, 2, 2, 12, 6.13333)",1,15,223666m 226669m 233666m 235666m 236666m 236667m 236668m 266679m 266689m 266699m 336669m 356669m 366679m 366689m 366699m
236678m,236678m33z,メンツ＋ターツ＋不要牌,1m 4m,2,8,1,2,12,6.857143,"(8, 2, 2, 12, 6.85714)",1,21,223678m 226678m 233678m 235667m 235678m 236667m 236668m 236778m 236788m 236789m 256678m 266678m 266778m 266788m 266789m 336678m 356678m 366678m 366778m 366788m 366789m
236777m,236777m33z,メンツ＋ターツ＋不要牌,1m 4m,2,8,1,2,12,6.888889,"(8, 2, 2, 12, 6.88889)",1,18,223777m 226777m 233777m 235677m 235777m 236778m 237777m 237778m 237779m 256777m 266777m 267777m 267778m 336777m 356777m 366777m 367777m 367778m
236778m,236778m33z,メンツ＋ターツ＋不要牌,1m 4m,2,8,1,3,12,7.363636,"(8, 2, 3, 12, 7.36364)",1,22,223678m 226778m 233678m 235677m 235678m 236678m 236777m 236788m 236789m 237778m 237789m 256778m 266778m 267778m 267788m 267789m 336778m 356778m 366778m 367778m 367788m 367789m
236788m,236788m33z,メンツ＋ターツ＋不要牌,1m 4m,2,8,1,2,12,6.666667,"(8, 2, 2, 12, 6.66667)",1,21,223678m 226788m 233678m 235678m 236678m 236778m 236789m 236888m 237888m 237889m 256788m 266788m 267788m 267888m 267889m 336788m 356788m 366788m 367788m 367888m 367889m
236789m,236789m33z,メンツ＋ターツ＋不要牌,1m 4m,2,8,1,4,12,7.120000,"(8, 2, 4, 12, 7.12)",1,25,223678m 223789m 226789m 233678m 233789m 235678m 235679m 235789m 236678m 236778m 236788m 237789m 237889m 237899m 256789m 266789m 267789m 267889m 267899m 336789m 356789m 366789m 367789m 367889m 367899m
236888m,236888m33z,メンツ＋ターツ＋不要牌,1m 4m,2,8,1,2,12,6.941176,"(8, 2, 2, 12, 6.94118)",1,17,223888m 226888m 233888m 235888m 236788m 237888m 238888m 238889m 256888m 266888m 267888m 268888m 336888m 356888m 366888m 367888m 368888m
236999m,236999m33z,メンツ＋ターツ＋不要牌,1m 4m,2,8,1,2,12,7.000000,"(8, 2, 2, 12, 7)",1,16,223999m 226999m 233999m 235999m 237999m 238999m 239999m 256999m 266999m 267999m 268999m 336999m 356999m 366999m 367999m 368999m
237777m,237777m33z,メンツ＋ターツ＋不要牌,1m 4m,2,8,1,2,12,7.250000,"(8, 2, 2, 12, 7.25)",1,16,223777m 227777m 233777m 235777m 236777m 237778m 237779m 257777m 267777m 277778m 277779m 337777m 357777m 367777m 377778m 377779m
237778m,237778m33z,メンツ＋ターツ＋不要牌,1m 4m,2,8,1,2,12,6.315789,"(8, 2, 2, 12, 6.31579)",1,19,223777m 227778m 233777m 235777m 236777m 236778m 237777m 237779m 237789m 267778m 277778m 277788m 277789m 337778m 357778m 367778m 377778m 377788m 377789m
237779m,237779m33z,メンツ＋ターツ＋不要牌,1m 4m,2,8,1,2,12,6.125000,"(8, 2, 2, 12, 6.125)",1,16,223777m 227779m 233777m 235777m 236777m 237777m 237778m 237789m 277779m 277789m 277799m 337779m 357779m 377779m 377789m 377799m
237789m,237789m33z,メンツ＋ターツ＋不要牌,1m 4m,2,8,1,2,12,6.666667,"(8, 2, 2, 12, 6.66667)",1,21,223789m 227789m 233789m 235789m 236778m 236789m 237778m 237779m 237889m 237899m 257789m 267789m 277789m 277889m 277899m 337789m 357789m 367789m 377789m 377889m 377899m
237888m,237888m33z,メンツ＋ターツ＋不要牌,1m 4m,2,8,1,2,12,6.800000,"(8, 2, 2, 12, 6.8)",1,20,223888m 227888m 233888m 235888m 236788m 236888m 237889m 238888m 238889m 257888m 267888m 277888m 278888m 278889m 337888m 357888m 367888m 377888m 378888m 378889m
237889m,237889m33z,メンツ＋ターツ＋不要牌,1m 4m,2,8,1,2,12,6.200000,"(8, 2, 2, 12, 6.2)",1,20,223789m 227889m 233789m 235789m 236788m 236789m 237789m 237888m 237899m 238889m 267889m 277889m 278889m 278899m 337889m 357889m 367889m 377889m 378889m 378899m
237899m,237899m33z,メンツ＋ターツ＋不要牌,1m 4m,2,8,1,2,12,6.210526,"(8, 2, 2, 12, 6.21053)",1,19,223789m 227899m 233789m 235789m 236789m 237789m 237889m 237999m 238999m 267899m 277899m 278899m 278999m 337899m 357899m 367899m 377899m 378899m 378999m
237999m,237999m33z,メンツ＋ターツ＋不要牌,1m 4m,2,8,1,2,12,6.842105,"(8, 2, 2, 12, 6.84211)",1,19,223999m 227999m 233999m 235999m 236999m 237899m 238999m 239999m 257999m 267999m 277999m 278999m 279999m 337999m 357999m 367999m 377999m 378999m 379999m
238888m,238888m33z,メンツ＋ターツ＋不要牌,1m 4m,2,8,1,2,12,6.666667,"(8, 2, 2, 12, 6.66667)",1,15,223888m 228888m 233888m 235888m 236888m 237888m 238889m 268888m 278888m 288889m 338888m 358888m 368888m 378888m 388889m
238889m,238889m33z,メンツ＋ターツ＋不要牌,1m 4m,2,8,1,2,12,6.125000,"(8, 2, 2, 12, 6.125)",1,16,223888m 228889m 233888m 235888m 236888m 237888m 237889m 238888m 278889m 288889m 288899m 338889m 358889m 378889m 388889m 388899m
238999m,238999m33z,メンツ＋ターツ＋不要牌,1m 4m,2,8,1,2,12,6.333333,"(8, 2, 2, 12, 6.33333)",1,18,223999m 228999m 233999m 235999m 236999m 237899m 237999m 239999m 268999m 278999m 288999m 289999m 338999m 358999m 368999m 378999m 388999m 389999m
239999m,239999m33z,メンツ＋ターツ＋不要牌,1m 4m,2,8,1,2,12,6.461538,"(8, 2, 2, 12, 6.46154)",1,13,223999m 229999m 233999m 235999m 236999m 237999m 238999m 279999m 289999m 339999m 359999m 379999m 389999m
244445m,244445m33z,メンツ＋ターツ＋不要牌,3m 6m,2,8,1,1,12,6.000000,"(8, 2, 1, 12, 6)",1,14,124444m 124445m 144445m 224444m 224445m 244447m 244448m 244449m 244455m 244457m 444455m 444457m 444458m 444459m
244446m,244446m33z,メンツ＋リャンカン,3m 5m,2,8,0,0,8,5.333333,"(8, 2, 0, 8, 5.33333)",2,15,124444m 124446m 144446m 224444m 224446m 244447m 244448m 244449m 244466m 244467m 244468m 444466m 444467m 444468m 444469m
244467m,244467m33z,メンツ＋ターツ＋不要牌,5m 8m,2,8,1,3,12,6.777778,"(8, 2, 3, 12, 6.77778)",1,18,124446m 124447m 144467m 224446m 224447m 234446m 234447m 234467m 244446m 244447m 244466m 244477m 244479m 344467m 444467m 444667m 444677m 444679m
244478m,244478m33z,メンツ＋ターツ＋不要牌,6m 9m,2,8,1,2,12,6.333333,"(8, 2, 2, 12, 6.33333)",1,18,124447m 124448m 144478m 224447m 224448m 234447m 234448m 234478m 244447m 244448m 244457m 244477m 244488m 344478m 444478m 444578m 444778m 444788m
245555m,245555m33z,メンツ＋ターツ＋不要牌,3m 6m,2,8,1,1,12,6.285714,"(8, 2, 1, 12, 6.28571)",1,14,124555m 125555m 145555m 224555m 225555m 244555m 245557m 245558m 245559m 255557m 445555m 455557m 455558m 455559m
245679m,245679m33z,離れリャンカン,3m 8m,2,8,0,2,11,6.200000,"(8, 2, 2, 11, 6.2)",2,20,124567m 124569m 125679m 145679m 224567m 224569m 225679m 244567m 244569m 245567m 245667m 245677m 245699m 256779m 256799m 445679m 455679m 456679m 456779m 456799m
245777m,245777m33z,メンツ＋ターツ＋不要牌,3m 6m,2,8,1,2,12,6.500000,"(8, 2, 2, 12, 6.5)",1,16,124777m 125777m 145777m 224777m 225777m 244777m 247777m 247778m 247779m 255777m 257777m 445777m 455777m 457777m 457778m 457779m
245789m,245789m33z,メンツ＋ターツ＋不要牌,3m 6m,2,8,1,2,12,6.500000,"(8, 2, 2, 12, 6.5)",1,16,124789m 125789m 145789m 224789m 225789m 244789m 247789m 247889m 247899m 255789m 257789m 445789m 455789m 457789m 457889m 457899m
245888m,245888m33z,メンツ＋ターツ＋不要牌,3m 6m,2,8,1,2,12,6.500000,"(8, 2, 2, 12, 6.5)",1,16,124888m 125888m 145888m 224888m 225888m 244888m 247888m 248888m 248889m 255888m 257888m 445888m 455888m 457888m 458888m 458889m
245999m,245999m33z,メンツ＋ターツ＋不要牌,3m 6m,2,8,1,2,12,6.500000,"(8, 2, 2, 12, 6.5)",1,16,124999m 125999m 145999m 224999m 225999m 244999m 247999m 248999m 249999m 255999m 257999m 445999m 455999m 457999m 458999m 459999m
246666m,246666m33z,メンツ＋リャンカン,3m 5m,2,8,0,0,8,5.600000,"(8, 2, 0, 8, 5.6)",2,15,124666m 126666m 146666m 224666m 226666m 244666m 246667m 246668m 246669m 266667m 266668m 446666m 466667m 466668m 466669m
246678m,246678m33z,メンツ＋リャンカン,3m 5m,2,8,0,1,11,5.900000,"(8, 2, 1, 11, 5.9)",2,20,124678m 126678m 146678m 224678m 226678m 244678m 246667m 246668m 246778m 246788m 246789m 266678m 266778m 266788m 266789m 446678m 466678m 466778m 466788m 466789m
246777m,246777m33z,メンツ＋リャンカン,3m 5m,2,8,0,0,8,5.444444,"(8, 2, 0, 8, 5.44444)",2,18,124777m 126777m 146777m 224777m 226777m 244777m 246778m 247777m 247778m 247779m 266777m 267777m 267778m 446777m 466777m 467777m 467778m 467779m
246789m,246789m33z,メンツ＋リャンカン,3m 5m,2,8,0,0,8,5.666667,"(8, 2, 0, 8, 5.66667)",0,24,124678m 124789m 126789m 146789m 224678m 224789m 226789m 244678m 244789m 246678m 246778m 246788m 247789m 247889m 247899m 266789m 267789m 267889m 267899m 446789m 466789m 467789m 467889m 467899m
246888m,246888m33z,メンツ＋リャンカン,3m 5m,2,8,0,0,8,5.444444,"(8, 2, 0, 8, 5.44444)",0,18,124888m 126888m 146888m 224888m 226888m 244888m 246788m 247888m 248888m 248889m 266888m 267888m 268888m 446888m 466888m 467888m 468888m 468889m
246999m,246999m33z,メンツ＋リャンカン,3m 5m,2,8,0,0,8,5.647059,"(8, 2, 0, 8, 5.64706)",2,17,124999m 126999m 146999m 224999m 226999m 244999m 247999m 248999m 249999m 266999m 267999m 268999m 446999m 466999m 467999m 468999m 469999m
255556m,255556m33z,メンツ＋ターツ＋不要牌,4m 7m,2,8,1,1,12,6.461538,"(8, 2, 1, 12, 6.46154)",1,13,125555m 125556m 155556m 225555m 225556m 235555m 235556m 255566m 255568m 355556m 555566m 555568m 555569m
255578m,255578m33z,メンツ＋ターツ＋不要牌,6m 9m,2,8,1,2,12,6.352941,"(8, 2, 2, 12, 6.35294)",1,17,125557m 125558m 155578m 225557m 225558m 235557m 235558m 245557m 245558m 255557m 255577m 255588m 355578m 455578m 555578m 555778m 555788m
256666m,256666m33z,メンツ＋ターツ＋不要牌,4m 7m,2,8,1,1,12,6.461538,"(8, 2, 1, 12, 6.46154)",1,13,125666m 126666m 156666m 225666m 226666m 235666m 236666m 255666m 266668m 356666m 556666m 566668m 566669m
256888m,256888m33z,メンツ＋ターツ＋不要牌,4m 7m,2,8,1,2,12,6.666667,"(8, 2, 2, 12, 6.66667)",1,15,125888m 126888m 156888m 225888m 226888m 235888m 236888m 255888m 266888m 268888m 356888m 556888m 566888m 568888m 568889m
256999m,256999m33z,メンツ＋ターツ＋不要牌,4m 7m,2,8,1,2,12,6.666667,"(8, 2, 2, 12, 6.66667)",1,15,125999m 126999m 156999m 225999m 226999m 235999m 236999m 255999m 266999m 268999m 356999m 556999m 566999m 568999m 569999m
266667m,266667m33z,メンツ＋ターツ＋不要牌,5m 8m,2,8,1,1,12,6.400000,"(8, 2, 1, 12, 6.4)",1,15,126666m 126667m 166667m 226666m 226667m 236666m 236667m 246666m 246667m 266677m 266679m 366667m 466667m 666677m 666679m
267777m,267777m33z,メンツ＋ターツ＋不要牌,5m 8m,2,8,1,1,12,6.400000,"(8, 2, 1, 12, 6.4)",1,15,126777m 127777m 167777m 226777m 227777m 236777m 237777m 246777m 247777m 266777m 277779m 367777m 467777m 667777m 677779m
267999m,267999m33z,メンツ＋ターツ＋不要牌,5m 8m,2,8,1,2,12,6.588235,"(8, 2, 2, 12, 6.58824)",1,17,126999m 127999m 167999m 226999m 227999m 236999m 237999m 246999m 247999m 266999m 277999m 279999m 367999m 467999m 667999m 677999m 679999m
277778m,277778m33z,メンツ＋ターツ＋不要牌,6m 9m,2,8,1,1,12,6.133333,"(8, 2, 1, 12, 6.13333)",1,15,127777m 127778m 177778m 227777m 227778m 237777m 237778m 247777m 247778m 257777m 277788m 377778m 477778m 577778m 777788m
278888m,278888m33z,メンツ＋ターツ＋不要牌,6m 9m,2,8,1,1,12,6.133333,"(8, 2, 1, 12, 6.13333)",1,15,127888m 128888m 178888m 227888m 228888m 237888m 238888m 247888m 248888m 257888m 277888m 378888m 478888m 578888m 778888m
333346m,333346m33z,メンツ＋ターツ＋不要牌,2m 5m,2,8,1,1,12,6.933333,"(8, 2, 1, 12, 6.93333)",1,15,133334m 133336m 133346m 333344m 333347m 333348m 333349m 333366m 333367m 333368m 333446m 333466m 333467m 333468m 333469m
333347m,333347m33z,メンツ＋ターツ＋不要牌,2m 5m,2,8,1,1,12,6.666667,"(8, 2, 1, 12, 6.66667)",1,15,133334m 133337m 333344m 333346m 333348m 333349m 333367m 333377m 333378m 333379m 333447m 333467m 333477m 333478m 333479m
333348m,333348m33z,メンツ＋ターツ＋不要牌,2m 5m,2,8,1,1,12,6.400000,"(8, 2, 1, 12, 6.4)",1,15,133334m 133338m 333344m 333346m 333347m 333349m 333368m 333378m 333388m 333389m 333448m 333468m 333478m 333488m 333489m
333349m,333349m33z,メンツ＋ターツ＋不要牌,2m 5m,2,8,1,1,12,5.714286,"(8, 2, 1, 12, 5.71429)",1,14,133334m 133339m 333344m 333346m 333347m 333348m 333379m 333389m 333399m 333449m 333469m 333479m 333489m 333499m
333356m,333356m33z,メンツ＋ターツ＋不要牌,4m 7m,2,8,1,2,12,7.200000,"(8, 2, 2, 12, 7.2)",1,15,133335m 133336m 133356m 233335m 233336m 233356m 333355m 333358m 333359m 333366m 333368m 333556m 333566m 333568m 333569m
333357m,333357m33z,メンツ＋リャンカン,4m 6m,2,8,0,0,8,6.250000,"(8, 2, 0, 8, 6.25)",2,16,133335m 133337m 133357m 233335m 233337m 233357m 333355m 333358m 333359m 333377m 333378m 333379m 333557m 333577m 333578m 333579m
333367m,333367m33z,メンツ＋ターツ＋不要牌,5m 8m,2,8,1,2,12,7.200000,"(8, 2, 2, 12, 7.2)",1,15,133336m 133337m 133367m 233336m 233337m 233367m 333346m 333347m 333366m 333377m 333379m 333467m 333667m 333677m 333679m
333378m,333378m33z,メンツ＋ターツ＋不要牌,6m 9m,2,8,1,2,12,7.250000,"(8, 2, 2, 12, 7.25)",1,16,133337m 133338m 133378m 233337m 233338m 233378m 333347m 333348m 333357m 333358m 333377m 333388m 333478m 333578m 333778m 333788m
333467m,333467m33z,メンツ＋ターツ＋不要牌,5m 8m,2,8,1,2,12,7.000000,"(8, 2, 2, 12, 7)",1,18,133346m 133367m 233346m 233347m 233367m 233467m 333346m 333347m 333367m 333446m 333447m 333466m 333469m 333477m 333479m 333667m 333677m 333679m
333468m,333468m33z,メンツ＋リャンカン,5m 7m,2,8,0,0,8,5.444444,"(8, 2, 0, 8, 5.44444)",2,18,133346m 133368m 233346m 233348m 233368m 233468m 333346m 333348m 333368m 333446m 333448m 333466m 333469m 333488m 333489m 333668m 333688m 333689m
333478m,333478m33z,メンツ＋ターツ＋不要牌,6m 9m,2,8,1,2,12,6.888889,"(8, 2, 2, 12, 6.88889)",1,18,133378m 233347m 233348m 233378m 233478m 333347m 333348m 333378m 333447m 333448m 333457m 333458m 333477m 333488m 333578m 333778m 333788m 334578m
333568m,333568m33z,メンツ＋ターツ＋不要牌,4m 7m,2,8,1,2,12,6.500000,"(8, 2, 2, 12, 6.5)",1,16,133356m 133368m 233356m 233368m 333356m 333358m 333368m 333556m 333558m 333566m 333569m 333588m 333589m 333668m 333688m 333689m
333569m,333569m33z,メンツ＋ターツ＋不要牌,4m 7m,2,8,1,2,12,6.461538,"(8, 2, 2, 12, 6.46154)",1,13,133356m 233356m 333356m 333359m 333556m 333559m 333566m 333568m 333589m 333599m 333669m 333689m 333699m
333578m,333578m33z,メンツ＋ターツ＋不要牌,6m 9m,2,8,1,2,12,7.176471,"(8, 2, 2, 12, 7.17647)",1,17,133357m 133378m 233357m 233378m 333357m 333358m 333378m 333457m 333458m 333478m 333557m 333558m 333577m 333588m 333778m 333788m 334578m
333579m,333579m33z,メンツ＋リャンカン,6m 8m,2,8,0,0,8,5.529412,"(8, 2, 0, 8, 5.52941)",0,17,133357m 133379m 233357m 233379m 333357m 333359m 333379m 333457m 333459m 333479m 333557m 333559m 333577m 333599m 333779m 333799m 334579m
333679m,333679m33z,メンツ＋ターツ＋不要牌,5m 8m,2,8,1,2,12,6.666667,"(8, 2, 2, 12, 6.66667)",1,15,133367m 133379m 233367m 233379m 333367m 333379m 333467m 333469m 333479m 333667m 333669m 333677m 333699m 333779m 333799m
334578m,334578m33z,メンツ＋ターツ＋不要牌,6m 9m,2,8,1,3,12,7.238095,"(8, 2, 3, 12, 7.2381)",1,21,133457m 133458m 134578m 233457m 233458m 233478m 234578m 333457m 333458m 333478m 333578m 334457m 334458m 334557m 334558m 334577m 334588m 344578m 345578m 345778m 345788m
344446m,344446m33z,メンツ＋ターツ＋不要牌,2m 5m,2,8,1,1,12,6.666667,"(8, 2, 1, 12, 6.66667)",1,15,134444m 134446m 144446m 334444m 334446m 344447m 344448m 344449m 344466m 344467m 344468m 444466m 444467m 444468m 444469m
344447m,344447m33z,メンツ＋ターツ＋不要牌,2m 5m,2,8,1,1,12,6.666667,"(8, 2, 1, 12, 6.66667)",1,15,134444m 134447m 334444m 334447m 344446m 344448m 344449m 344467m 344477m 344478m 344479m 444467m 444477m 444478m 444479m
344448m,344448m33z,メンツ＋ターツ＋不要牌,2m 5m,2,8,1,1,12,6.400000,"(8, 2, 1, 12, 6.4)",1,15,134444m 134448m 334444m 334448m 344446m 344447m 344449m 344468m 344478m 344488m 344489m 444468m 444478m 444488m 444489m
344449m,344449m33z,メンツ＋ターツ＋不要牌,2m 5m,2,8,1,1,12,5.714286,"(8, 2, 1, 12, 5.71429)",1,14,134444m 134449m 334444m 334449m 344446m 344447m 344448m 344479m 344489m 344499m 444469m 444479m 444489m 444499m
344467m,344467m33z,メンツ＋ターツ＋不要牌,5m 8m,2,8,1,3,12,7.000000,"(8, 2, 3, 12, 7)",1,18,134446m 134447m 144467m 234446m 234447m 234467m 244467m 334446m 334447m 344446m 344447m 344466m 344477m 344479m 444467m 444667m 444677m 444679m
344478m,344478m33z,メンツ＋ターツ＋不要牌,6m 9m,2,8,1,2,12,6.800000,"(8, 2, 2, 12, 6.8)",1,20,134447m 134448m 144478m 234447m 234448m 234478m 244478m 334447m 334448m 344447m 344448m 344457m 344458m 344477m 344488m 344578m 444478m 444578m 444778m 444788m
344578m,344578m33z,メンツ＋ターツ＋不要牌,6m 9m,2,8,1,2,12,7.368421,"(8, 2, 2, 12, 7.36842)",1,19,134578m 234457m 234458m 234478m 234578m 334457m 334458m 334578m 344457m 344458m 344478m 344557m 344558m 344577m 344588m 345578m 345778m 345788m 444578m
345578m,345578m33z,メンツ＋ターツ＋不要牌,6m 9m,2,8,1,3,12,7.473684,"(8, 2, 3, 12, 7.47368)",1,19,134557m 134578m 234557m 234558m 234578m 334557m 334558m 334578m 344557m 344558m 344578m 345557m 345558m 345577m 345588m 345778m 345788m 355578m 455578m
345579m,345579m33z,メンツ＋リャンカン,6m 8m,2,8,0,1,11,6.000000,"(8, 2, 1, 11, 6)",2,19,134557m 134579m 234557m 234559m 234579m 334557m 334559m 334579m 344557m 344559m 344579m 345557m 345559m 345577m 345599m 345779m 345799m 355579m 455579m
346666m,346666m33z,メンツ＋ターツ＋不要牌,2m 5m,2,8,1,2,12,7.200000,"(8, 2, 2, 12, 7.2)",1,15,134666m 136666m 146666m 334666m 336666m 344666m 346667m 346668m 346669m 366667m 366668m 446666m 466667m 466668m 466669m
346667m,346667m33z,メンツ＋ターツ＋不要牌,2m 5m,2,8,1,3,12,7.000000,"(8, 2, 3, 12, 7)",1,18,134666m 136667m 334666m 336667m 344666m 346666m 346668m 346669m 346678m 366667m 366677m 366678m 366679m 446667m 466667m 466677m 466678m 466679m
346668m,346668m33z,メンツ＋ターツ＋不要牌,2m 5m,2,8,1,3,12,6.777778,"(8, 2, 3, 12, 6.77778)",1,18,134666m 136668m 334666m 336668m 344666m 346666m 346667m 346669m 346678m 366668m 366678m 366688m 366689m 446668m 466668m 466678m 466688m 466689m
346669m,346669m33z,メンツ＋ターツ＋不要牌,2m 5m,2,8,1,2,12,6.000000,"(8, 2, 2, 12, 6)",1,16,134666m 136669m 334666m 336669m 344666m 346666m 346667m 346668m 366679m 366689m 366699m 446669m 466669m 466679m 466689m 466699m
346678m,346678m33z,メンツ＋ターツ＋不要牌,2m 5m,2,8,1,3,12,7.300000,"(8, 2, 3, 12, 7.3)",1,20,134678m 136678m 146678m 334678m 336678m 344678m 346667m 346668m 346778m 346788m 346789m 366678m 366778m 366788m 366789m 446678m 466678m 466778m 466788m 466789m
346777m,346777m33z,メンツ＋ターツ＋不要牌,2m 5m,2,8,1,2,12,7.000000,"(8, 2, 2, 12, 7)",1,18,134777m 136777m 146777m 334777m 336777m 344777m 346778m 347777m 347778m 347779m 366777m 367777m 367778m 446777m 466777m 467777m 467778m 467779m
346778m,346778m33z,メンツ＋ターツ＋不要牌,2m 5m,2,8,1,2,12,7.200000,"(8, 2, 2, 12, 7.2)",1,20,134678m 136778m 334678m 336778m 344678m 346678m 346777m 346788m 346789m 347778m 347789m 366778m 367778m 367788m 367789m 446778m 466778m 467778m 467788m 467789m
346788m,346788m33z,メンツ＋ターツ＋不要牌,2m 5m,2,8,1,2,12,7.000000,"(8, 2, 2, 12, 7)",1,20,134678m 136788m 334678m 336788m 344678m 346678m 346778m 346789m 346888m 347888m 347889m 366788m 367788m 367888m 367889m 446788m 466788m 467788m 467888m 467889m
346789m,346789m33z,メンツ＋ターツ＋不要牌,2m 5m,2,8,1,4,12,7.500000,"(8, 2, 4, 12, 7.5)",1,24,134678m 134789m 136789m 146789m 334678m 334789m 336789m 344678m 344789m 346678m 346778m 346788m 347789m 347889m 347899m 366789m 367789m 367889m 367899m 446789m 466789m 467789m 467889m 467899m
346888m,346888m33z,メンツ＋ターツ＋不要牌,2m 5m,2,8,1,2,12,7.000000,"(8, 2, 2, 12, 7)",1,18,134888m 136888m 146888m 334888m 336888m 344888m 346788m 347888m 348888m 348889m 366888m 367888m 368888m 446888m 466888m 467888m 468888m 468889m
346999m,346999m33z,メンツ＋ターツ＋不要牌,2m 5m,2,8,1,2,12,7.058824,"(8, 2, 2, 12, 7.05882)",1,17,134999m 136999m 146999m 334999m 336999m 344999m 347999m 348999m 349999m 366999m 367999m 368999m 446999m 466999m 467999m 468999m 469999m
347777m,347777m33z,メンツ＋ターツ＋不要牌,2m 5m,2,8,1,2,12,7.200000,"(8, 2, 2, 12, 7.2)",1,15,134777m 137777m 334777m 337777m 344777m 346777m 347778m 347779m 367777m 377778m 377779m 447777m 467777m 477778m 477779m
347778m,347778m33z,メンツ＋ターツ＋不要牌,2m 5m,2,8,1,2,12,6.526316,"(8, 2, 2, 12, 6.52632)",1,19,134777m 137778m 334777m 337778m 344777m 346777m 346778m 347777m 347779m 347789m 367778m 377778m 377788m 377789m 447778m 467778m 477778m 477788m 477789m
347779m,347779m33z,メンツ＋ターツ＋不要牌,2m 5m,2,8,1,2,12,6.000000,"(8, 2, 2, 12, 6)",1,17,134777m 137779m 334777m 337779m 344777m 346777m 347777m 347778m 347789m 377779m 377789m 377799m 447779m 467779m 477779m 477789m 477799m
347789m,347789m33z,メンツ＋ターツ＋不要牌,2m 5m,2,8,1,2,12,6.600000,"(8, 2, 2, 12, 6.6)",1,20,134789m 137789m 334789m 337789m 344789m 346778m 346789m 347778m 347779m 347889m 347899m 367789m 377789m 377889m 377899m 447789m 467789m 477789m 477889m 477899m
347888m,347888m33z,メンツ＋ターツ＋不要牌,2m 5m,2,8,1,2,12,6.736842,"(8, 2, 2, 12, 6.73684)",1,19,134888m 137888m 334888m 337888m 344888m 346788m 346888m 347889m 348888m 348889m 367888m 377888m 378888m 378889m 447888m 467888m 477888m 478888m 478889m
347889m,347889m33z,メンツ＋ターツ＋不要牌,2m 5m,2,8,1,2,12,6.400000,"(8, 2, 2, 12, 6.4)",1,20,134789m 137889m 334789m 337889m 344789m 346788m 346789m 347789m 347888m 347899m 348889m 367889m 377889m 378889m 378899m 447889m 467889m 477889m 478889m 478899m
347899m,347899m33z,メンツ＋ターツ＋不要牌,2m 5m,2,8,1,2,12,6.421053,"(8, 2, 2, 12, 6.42105)",1,19,134789m 137899m 334789m 337899m 344789m 346789m 347789m 347889m 347999m 348999m 367899m 377899m 378899m 378999m 447899m 467899m 477899m 478899m 478999m
347999m,347999m33z,メンツ＋ターツ＋不要牌,2m 5m,2,8,1,2,12,6.777778,"(8, 2, 2, 12, 6.77778)",1,18,134999m 137999m 334999m 337999m 344999m 346999m 347899m 348999m 349999m 367999m 377999m 378999m 379999m 447999m 467999m 477999m 478999m 479999m
348888m,348888m33z,メンツ＋ターツ＋不要牌,2m 5m,2,8,1,2,12,6.933333,"(8, 2, 2, 12, 6.93333)",1,15,134888m 138888m 334888m 338888m 344888m 346888m 347888m 348889m 368888m 378888m 388889m 448888m 468888m 478888m 488889m
348889m,348889m33z,メンツ＋ターツ＋不要牌,2m 5m,2,8,1,2,12,6.000000,"(8, 2, 2, 12, 6)",1,17,134888m 138889m 334888m 338889m 344888m 346888m 347888m 347889m 348888m 378889m 388889m 388899m 448889m 468889m 478889m 488889m 488899m
348999m,348999m33z,メンツ＋ターツ＋不要牌,2m 5m,2,8,1,2,12,6.555556,"(8, 2, 2, 12, 6.55556)",1,18,134999m 138999m 334999m 338999m 344999m 346999m 347899m 347999m 349999m 368999m 378999m 388999m 389999m 448999m 468999m 478999m 488999m 489999m
349999m,349999m33z,メンツ＋ターツ＋不要牌,2m 5m,2,8,1,2,12,6.285714,"(8, 2, 2, 12, 6.28571)",1,14,134999m 139999m 334999m 339999m 344999m 346999m 347999m 348999m 379999m 389999m 449999m 469999m 479999m 489999m
355556m,355556m33z,メンツ＋ターツ＋不要牌,4m 7m,2,8,1,1,12,6.666667,"(8, 2, 1, 12, 6.66667)",1,15,135555m 135556m 155556m 235555m 235556m 255556m 335555m 335556m 355558m 355559m 355566m 355568m 555566m 555568m 555569m
355557m,355557m33z,メンツ＋リャンカン,4m 6m,2,8,0,0,8,6.000000,"(8, 2, 0, 8, 6)",2,16,135555m 135557m 155557m 235555m 235557m 255557m 335555m 335557m 355558m 355559m 355577m 355578m 355579m 555577m 555578m 555579m
355578m,355578m33z,メンツ＋ターツ＋不要牌,6m 9m,2,8,1,3,12,7.052632,"(8, 2, 3, 12, 7.05263)",1,19,135557m 135558m 155578m 235557m 235558m 255578m 335557m 335558m 345557m 345558m 345578m 355557m 355558m 355577m 355588m 455578m 555578m 555778m 555788m
356666m,356666m33z,メンツ＋ターツ＋不要牌,4m 7m,2,8,1,1,12,6.933333,"(8, 2, 1, 12, 6.93333)",1,15,135666m 136666m 156666m 235666m 236666m 256666m 335666m 336666m 355666m 356668m 356669m 366668m 556666m 566668m 566669m
356888m,356888m33z,メンツ＋ターツ＋不要牌,4m 7m,2,8,1,2,12,7.058824,"(8, 2, 2, 12, 7.05882)",1,17,135888m 136888m 156888m 235888m 236888m 256888m 335888m 336888m 355888m 358888m 358889m 366888m 368888m 556888m 566888m 568888m 568889m
356999m,356999m33z,メンツ＋ターツ＋不要牌,4m 7m,2,8,1,2,12,7.058824,"(8, 2, 2, 12, 7.05882)",1,17,135999m 136999m 156999m 235999m 236999m 256999m 335999m 336999m 355999m 358999m 359999m 366999m 368999m 556999m 566999m 568999m 569999m
357777m,357777m33z,メンツ＋リャンカン,4m 6m,2,8,0,0,8,6.250000,"(8, 2, 0, 8, 6.25)",2,16,135777m 137777m 157777m 235777m 237777m 257777m 335777m 337777m 355777m 357778m 357779m 377778m 377779m 557777m 577778m 577779m
357789m,357789m33z,メンツ＋リャンカン,4m 6m,2,8,0,0,8,5.700000,"(8, 2, 0, 8, 5.7)",2,20,135789m 137789m 157789m 235789m 237789m 257789m 335789m 337789m 355789m 357778m 357779m 357889m 357899m 377789m 377889m 377899m 557789m 577789m 577889m 577899m
357888m,357888m33z,メンツ＋リャンカン,4m 6m,2,8,0,0,8,6.000000,"(8, 2, 0, 8, 6)",2,19,135888m 137888m 157888m 235888m 237888m 257888m 335888m 337888m 355888m 357889m 358888m 358889m 377888m 378888m 378889m 557888m 577888m 578888m 578889m
357999m,357999m33z,メンツ＋リャンカン,4m 6m,2,8,0,0,8,6.000000,"(8, 2, 0, 8, 6)",2,19,135999m 137999m 157999m 235999m 237999m 257999m 335999m 337999m 355999m 357899m 358999m 359999m 377999m 378999m 379999m 557999m 577999m 578999m 579999m
366667m,366667m33z,メンツ＋ターツ＋不要牌,5m 8m,2,8,1,1,12,6.666667,"(8, 2, 1, 12, 6.66667)",1,15,136666m 136667m 166667m 236666m 236667m 266667m 336666m 336667m 346666m 346667m 366677m 366679m 466667m 666677m 666679m
367777m,367777m33z,メンツ＋ターツ＋不要牌,5m 8m,2,8,1,1,12,6.666667,"(8, 2, 1, 12, 6.66667)",1,15,136777m 137777m 167777m 236777m 237777m 267777m 336777m 337777m 346777m 347777m 366777m 377779m 467777m 667777m 677779m
367999m,367999m33z,メンツ＋ターツ＋不要牌,5m 8m,2,8,1,2,12,6.823529,"(8, 2, 2, 12, 6.82353)",1,17,136999m 137999m 167999m 236999m 237999m 267999m 336999m 337999m 346999m 347999m 366999m 377999m 379999m 467999m 667999m 677999m 679999m
377778m,377778m33z,メンツ＋ターツ＋不要牌,6m 9m,2,8,1,1,12,6.750000,"(8, 2, 1, 12, 6.75)",1,16,137777m 137778m 177778m 237777m 237778m 277778m 337777m 337778m 347777m 347778m 357777m 357778m 377788m 477778m 577778m 777788m
378888m,378888m33z,メンツ＋ターツ＋不要牌,6m 9m,2,8,1,1,12,6.750000,"(8, 2, 1, 12, 6.75)",1,16,137888m 138888m 178888m 237888m 238888m 278888m 337888m 338888m 347888m 348888m 357888m 358888m 377888m 478888m 578888m 778888m
444457m,444457m33z,メンツ＋ターツ＋不要牌,3m 6m,2,8,1,1,12,6.933333,"(8, 2, 1, 12, 6.93333)",1,15,144445m 144457m 244445m 244447m 244457m 444455m 444458m 444459m 444477m 444478m 444479m 444557m 444577m 444578m 444579m
444458m,444458m33z,メンツ＋ターツ＋不要牌,3m 6m,2,8,1,1,12,6.461538,"(8, 2, 1, 12, 6.46154)",1,13,144445m 244445m 244448m 444455m 444457m 444459m 444478m 444488m 444489m 444558m 444578m 444588m 444589m
444459m,444459m33z,メンツ＋ターツ＋不要牌,3m 6m,2,8,1,1,12,6.153846,"(8, 2, 1, 12, 6.15385)",1,13,144445m 244445m 244449m 444455m 444457m 444458m 444479m 444489m 444499m 444559m 444579m 444589m 444599m
444467m,444467m33z,メンツ＋ターツ＋不要牌,5m 8m,2,8,1,2,12,7.200000,"(8, 2, 2, 12, 7.2)",1,15,144446m 144467m 244446m 244447m 244467m 344446m 344447m 344467m 444466m 444469m 444477m 444479m 444667m 444677m 444679m
444468m,444468m33z,メンツ＋リャンカン,5m 7m,2,8,0,0,8,5.600000,"(8, 2, 0, 8, 5.6)",2,15,144446m 144468m 244446m 244448m 244468m 344446m 344448m 344468m 444466m 444469m 444488m 444489m 444668m 444688m 444689m
444478m,444478m33z,メンツ＋ターツ＋不要牌,6m 9m,2,8,1,2,12,7.428571,"(8, 2, 2, 12, 7.42857)",1,14,144478m 244447m 244448m 244478m 344447m 344448m 344478m 444457m 444458m 444477m 444488m 444578m 444778m 444788m
444578m,444578m33z,メンツ＋ターツ＋不要牌,6m 9m,2,8,1,2,12,7.176471,"(8, 2, 2, 12, 7.17647)",1,17,144457m 144478m 244457m 244478m 344457m 344458m 344478m 344578m 444457m 444458m 444478m 444557m 444558m 444577m 444588m 444778m 444788m
444579m,444579m33z,メンツ＋リャンカン,6m 8m,2,8,0,0,8,5.529412,"(8, 2, 0, 8, 5.52941)",2,17,144457m 144479m 244457m 244479m 344457m 344459m 344479m 344579m 444457m 444459m 444479m 444557m 444559m 444577m 444599m 444779m 444799m
444679m,444679m33z,メンツ＋ターツ＋不要牌,5m 8m,2,8,1,2,12,6.666667,"(8, 2, 2, 12, 6.66667)",1,15,144467m 144479m 244467m 244479m 344467m 344479m 444467m 444469m 444479m 444667m 444669m 444677m 444699m 444779m 444799m
455557m,455557m33z,メンツ＋ターツ＋不要牌,3m 6m,2,8,1,1,12,6.666667,"(8, 2, 1, 12, 6.66667)",1,15,145555m 155557m 245555m 245557m 255557m 445555m 445557m 455558m 455559m 455577m 455578m 455579m 555577m 555578m 555579m
455558m,455558m33z,メンツ＋ターツ＋不要牌,3m 6m,2,8,1,1,12,6.461538,"(8, 2, 1, 12, 6.46154)",1,13,145555m 245555m 245558m 445555m 445558m 455557m 455559m 455578m 455588m 455589m 555578m 555588m 555589m
455559m,455559m33z,メンツ＋ターツ＋不要牌,3m 6m,2,8,1,1,12,6.153846,"(8, 2, 1, 12, 6.15385)",1,13,145555m 245555m 245559m 445555m 445559m 455557m 455558m 455579m 455589m 455599m 555579m 555589m 555599m
455578m,455578m33z,メンツ＋ターツ＋不要牌,6m 9m,2,8,1,3,12,7.176471,"(8, 2, 3, 12, 7.17647)",1,17,155578m 245557m 245558m 255578m 345557m 345558m 345578m 355578m 445557m 445558m 455557m 455558m 455577m 455588m 555578m 555778m 555788m
457777m,457777m33z,メンツ＋ターツ＋不要牌,3m 6m,2,8,1,2,12,7.200000,"(8, 2, 2, 12, 7.2)",1,15,145777m 157777m 245777m 247777m 257777m 445777m 447777m 455777m 457778m 457779m 477778m 477779m 557777m 577778m 577779m
457778m,457778m33z,メンツ＋ターツ＋不要牌,3m 6m,2,8,1,2,12,6.875000,"(8, 2, 2, 12, 6.875)",1,16,145777m 245777m 247778m 445777m 447778m 455777m 457777m 457779m 457789m 477778m 477788m 477789m 557778m 577778m 577788m 577789m
457779m,457779m33z,メンツ＋ターツ＋不要牌,3m 6m,2,8,1,2,12,6.625000,"(8, 2, 2, 12, 6.625)",1,16,145777m 245777m 247779m 445777m 447779m 455777m 457777m 457778m 457789m 477779m 477789m 477799m 557779m 577779m 577789m 577799m
457789m,457789m33z,メンツ＋ターツ＋不要牌,3m 6m,2,8,1,2,12,6.842105,"(8, 2, 2, 12, 6.84211)",1,19,145789m 157789m 245789m 247789m 257789m 445789m 447789m 455789m 457778m 457779m 457889m 457899m 477789m 477889m 477899m 557789m 577789m 577889m 577899m
457888m,457888m33z,メンツ＋ターツ＋不要牌,3m 6m,2,8,1,2,12,7.000000,"(8, 2, 2, 12, 7)",1,18,145888m 157888m 245888m 247888m 257888m 445888m 447888m 455888m 457889m 458888m 458889m 477888m 478888m 478889m 557888m 577888m 578888m 578889m
457889m,457889m33z,メンツ＋ターツ＋不要牌,3m 6m,2,8,1,2,12,6.705882,"(8, 2, 2, 12, 6.70588)",1,17,145789m 245789m 247889m 445789m 447889m 455789m 457789m 457888m 457899m 458889m 477889m 478889m 478899m 557889m 577889m 578889m 578899m
457899m,457899m33z,メンツ＋ターツ＋不要牌,3m 6m,2,8,1,2,12,6.705882,"(8, 2, 2, 12, 6.70588)",1,17,145789m 245789m 247899m 445789m 447899m 455789m 457789m 457889m 457999m 458999m 477899m 478899m 478999m 557899m 577899m 578899m 578999m
457999m,457999m33z,メンツ＋ターツ＋不要牌,3m 6m,2,8,1,2,12,7.000000,"(8, 2, 2, 12, 7)",1,18,145999m 157999m 245999m 247999m 257999m 445999m 447999m 455999m 457899m 458999m 459999m 477999m 478999m 479999m 557999m 577999m 578999m 579999m
458888m,458888m33z,メンツ＋ターツ＋不要牌,3m 6m,2,8,1,2,12,7.076923,"(8, 2, 2, 12, 7.07692)",1,13,145888m 245888m 248888m 445888m 448888m 455888m 457888m 458889m 478888m 488889m 558888m 578888m 588889m
458889m,458889m33z,メンツ＋ターツ＋不要牌,3m 6m,2,8,1,2,12,6.375000,"(8, 2, 2, 12, 6.375)",1,16,145888m 245888m 248889m 445888m 448889m 455888m 457888m 457889m 458888m 478889m 488889m 488899m 558889m 578889m 588889m 588899m
458999m,458999m33z,メンツ＋ターツ＋不要牌,3m 6m,2,8,1,2,12,6.625000,"(8, 2, 2, 12, 6.625)",1,16,145999m 245999m 248999m 445999m 448999m 455999m 457899m 457999m 459999m 478999m 488999m 489999m 558999m 578999m 588999m 589999m
459999m,459999m33z,メンツ＋ターツ＋不要牌,3m 6m,2,8,1,2,12,6.769231,"(8, 2, 2, 12, 6.76923)",1,13,145999m 245999m 249999m 445999m 449999m 455999m 457999m 458999m 479999m 489999m 559999m 579999m 589999m
466667m,466667m33z,メンツ＋ターツ＋不要牌,5m 8m,2,8,1,1,12,6.666667,"(8, 2, 1, 12, 6.66667)",1,15,146666m 166667m 246666m 246667m 266667m 346666m 346667m 366667m 446666m 446667m 466669m 466677m 466679m 666677m 666679m
466668m,466668m33z,メンツ＋リャンカン,5m 7m,2,8,0,0,8,5.333333,"(8, 2, 0, 8, 5.33333)",2,15,146666m 166668m 246666m 246668m 266668m 346666m 346668m 366668m 446666m 446668m 466669m 466688m 466689m 666688m 666689m
467777m,467777m33z,メンツ＋ターツ＋不要牌,5m 8m,2,8,1,1,12,6.933333,"(8, 2, 1, 12, 6.93333)",1,15,146777m 167777m 246777m 247777m 267777m 346777m 347777m 367777m 446777m 447777m 466777m 467779m 477779m 667777m 677779m
467999m,467999m33z,メンツ＋ターツ＋不要牌,5m 8m,2,8,1,2,12,7.058824,"(8, 2, 2, 12, 7.05882)",1,17,146999m 167999m 246999m 247999m 267999m 346999m 347999m 367999m 446999m 447999m 466999m 469999m 477999m 479999m 667999m 677999m 679999m
468888m,468888m33z,メンツ＋リャンカン,5m 7m,2,8,0,0,8,5.600000,"(8, 2, 0, 8, 5.6)",2,15,146888m 168888m 246888m 248888m 268888m 346888m 348888m 368888m 446888m 448888m 466888m 468889m 488889m 668888m 688889m
468999m,468999m33z,メンツ＋リャンカン,5m 7m,2,8,0,0,8,5.647059,"(8, 2, 0, 8, 5.64706)",2,17,146999m 168999m 246999m 248999m 268999m 346999m 348999m 368999m 446999m 448999m 466999m 469999m 488999m 489999m 668999m 688999m 689999m
477778m,477778m33z,メンツ＋ターツ＋不要牌,6m 9m,2,8,1,1,12,6.857143,"(8, 2, 1, 12, 6.85714)",1,14,177778m 247777m 247778m 277778m 347777m 347778m 377778m 447777m 447778m 457777m 457778m 477788m 577778m 777788m
478888m,478888m33z,メンツ＋ターツ＋不要牌,6m 9m,2,8,1,1,12,6.857143,"(8, 2, 1, 12, 6.85714)",1,14,178888m 247888m 248888m 278888m 347888m 348888m 378888m 447888m 448888m 457888m 458888m 477888m 578888m 778888m
555568m,555568m33z,メンツ＋ターツ＋不要牌,4m 7m,2,8,1,1,12,6.285714,"(8, 2, 1, 12, 6.28571)",1,14,155556m 155568m 255556m 255568m 355556m 355558m 355568m 555566m 555569m 555588m 555589m 555668m 555688m 555689m
555569m,555569m33z,メンツ＋ターツ＋不要牌,4m 7m,2,8,1,1,12,6.181818,"(8, 2, 1, 12, 6.18182)",1,11,155556m 255556m 355556m 355559m 555566m 555568m 555589m 555599m 555669m 555689m 555699m
555578m,555578m33z,メンツ＋ターツ＋不要牌,6m 9m,2,8,1,2,12,7.428571,"(8, 2, 2, 12, 7.42857)",1,14,155557m 155578m 255557m 255578m 355557m 355558m 355578m 455557m 455558m 455578m 555577m 555588m 555778m 555788m
555579m,555579m33z,メンツ＋リャンカン,6m 8m,2,8,0,0,8,5.714286,"(8, 2, 0, 8, 5.71429)",2,14,155557m 155579m 255557m 255579m 355557m 355559m 355579m 455557m 455559m 455579m 555577m 555599m 555779m 555799m
566668m,566668m33z,メンツ＋ターツ＋不要牌,4m 7m,2,8,1,1,12,6.000000,"(8, 2, 1, 12, 6)",1,14,156666m 166668m 256666m 266668m 356666m 356668m 366668m 556666m 556668m 566669m 566688m 566689m 666688m 666689m
566669m,566669m33z,メンツ＋ターツ＋不要牌,4m 7m,2,8,1,1,12,6.181818,"(8, 2, 1, 12, 6.18182)",1,11,156666m 256666m 356666m 356669m 556666m 556669m 566668m 566689m 566699m 666689m 666699m
568888m,568888m33z,メンツ＋ターツ＋不要牌,4m 7m,2,8,1,2,12,6.571429,"(8, 2, 2, 12, 6.57143)",1,14,156888m 168888m 256888m 268888m 356888m 358888m 368888m 556888m 558888m 566888m 568889m 588889m 668888m 688889m
568889m,568889m33z,メンツ＋ターツ＋不要牌,4m 7m,2,8,1,2,12,6.461538,"(8, 2, 2, 12, 6.46154)",1,13,156888m 256888m 356888m 358889m 556888m 558889m 566888m 568888m 588889m 588899m 668889m 688889m 688899m
568999m,568999m33z,メンツ＋ターツ＋不要牌,4m 7m,2,8,1,2,12,6.500000,"(8, 2, 2, 12, 6.5)",1,16,156999m 168999m 256999m 268999m 356999m 358999m 368999m 556999m 558999m 566999m 569999m 588999m 589999m 668999m 688999m 689999m
569999m,569999m33z,メンツ＋ターツ＋不要牌,4m 7m,2,8,1,2,12,6.909091,"(8, 2, 2, 12, 6.90909)",1,11,156999m 256999m 356999m 359999m 556999m 559999m 566999m 568999m 589999m 669999m 689999m
577778m,577778m33z,メンツ＋ターツ＋不要牌,6m 9m,2,8,1,1,12,6.857143,"(8, 2, 1, 12, 6.85714)",1,14,157777m 177778m 257777m 277778m 357777m 357778m 377778m 457777m 457778m 477778m 557777m 557778m 577788m 777788m
577779m,577779m33z,メンツ＋リャンカン,6m 8m,2,8,0,0,8,5.428571,"(8, 2, 0, 8, 5.42857)",2,14,157777m 177779m 257777m 277779m 357777m 357779m 377779m 457777m 457779m 477779m 557777m 557779m 577799m 777799m
578888m,578888m33z,メンツ＋ターツ＋不要牌,6m 9m,2,8,1,1,12,7.142857,"(8, 2, 1, 12, 7.14286)",1,14,157888m 178888m 257888m 278888m 357888m 358888m 378888m 457888m 458888m 478888m 557888m 558888m 577888m 778888m
579999m,579999m33z,メンツ＋リャンカン,6m 8m,2,8,0,0,8,5.714286,"(8, 2, 0, 8, 5.71429)",2,14,157999m 179999m 257999m 279999m 357999m 359999m 379999m 457999m 459999m 479999m 557999m 559999m 577999m 779999m
666679m,666679m33z,メンツ＋ターツ＋不要牌,5m 8m,2,8,1,1,12,6.461538,"(8, 2, 1, 12, 6.46154)",1,13,166667m 166679m 266667m 266679m 366667m 366679m 466667m 466669m 466679m 666677m 666699m 666779m 666799m
677779m,677779m33z,メンツ＋ターツ＋不要牌,5m 8m,2,8,1,1,12,6.153846,"(8, 2, 1, 12, 6.15385)",1,13,167777m 177779m 267777m 277779m 367777m 377779m 467777m 467779m 477779m 667777m 667779m 677799m 777799m
679999m,679999m33z,メンツ＋ターツ＋不要牌,5m 8m,2,8,1,2,12,6.769231,"(8, 2, 2, 12, 6.76923)",1,13,167999m 179999m 267999m 279999m 367999m 379999m 467999m 469999m 479999m 667999m 669999m 677999m 779999m
111235m,111235m33z,メンツ＋ターツ＋不要牌,1m 4m 3z,3,7,1,8,12,6.571429,"(7, 3, 8, 12, 6.57143)",1,21,111223m 111225m 111233m 111236m 111237m 111238m 111239m 111255m 111256m 111257m 111335m 111355m 111356m 111357m 111358m 111359m 112235m 112335m 112355m 112356m 112357m
111236m,111236m33z,メンツ＋ターツ＋不要牌,1m 4m 3z,3,7,1,8,12,6.272727,"(7, 3, 8, 12, 6.27273)",1,22,111223m 111226m 111233m 111235m 111237m 111238m 111239m 111256m 111266m 111267m 111268m 111336m 111356m 111366m 111367m 111368m 112236m 112336m 112356m 112366m 112367m 112368m
111237m,111237m33z,メンツ＋ターツ＋不要牌,1m 4m 3z,3,7,1,9,12,6.160000,"(7, 3, 9, 12, 6.16)",1,25,111223m 111227m 111233m 111235m 111236m 111238m 111239m 111257m 111267m 111277m 111278m 111279m 111337m 111357m 111367m 111377m 111378m 111379m 112237m 112337m 112357m 112367m 112377m 112378m 112379m
111238m,111238m33z,メンツ＋ターツ＋不要牌,1m 4m 3z,3,7,1,5,12,5.652174,"(7, 3, 5, 12, 5.65217)",1,23,111223m 111228m 111233m 111235m 111236m 111237m 111239m 111268m 111278m 111288m 111289m 111338m 111358m 111368m 111378m 111388m 111389m 112238m 112338m 112368m 112378m 112388m 112389m
111239m,111239m33z,メンツ＋ターツ＋不要牌,1m 4m 3z,3,7,1,2,12,5.300000,"(7, 3, 2, 12, 5.3)",1,20,111223m 111229m 111233m 111235m 111236m 111237m 111238m 111279m 111289m 111299m 111339m 111359m 111379m 111389m 111399m 112239m 112339m 112379m 112389m 112399m
112234m,112234m33z,リャンメンシャンポン・2211型,1m 3m 3z,3,7,0,5,11,5.400000,"(7, 3, 5, 11, 5.4)",1,20,112223m 112224m 112235m 112236m 112237m 112238m 112239m 112344m 112345m 112346m 112347m 112348m 112349m 122234m 122344m 122345m 122346m 122347m 122348m 122349m
122235m,122235m33z,中ぶくれカンチャン,2m 4m 3z,3,7,0,8,12,5.619048,"(7, 3, 8, 12, 5.61905)",1,21,112223m 112225m 112235m 122233m 122236m 122237m 122238m 122239m 122255m 122256m 122257m 122335m 122355m 122356m 122357m 222335m 222355m 222356m 222357m 222358m 222359m
122344m,122344m33z,リャンメンシャンポン・2121型,3m 4m 3z,3,7,0,6,12,6.200000,"(7, 3, 6, 12, 6.2)",1,20,112234m 112344m 122234m 122244m 122345m 122346m 122347m 122348m 122349m 123445m 123446m 123447m 123448m 123449m 222344m 223445m 223446m 223447m 223448m 223449m
123335m,123335m33z,エントツカンチャン,3m 4m 3z,3,7,0,7,12,5.619048,"(7, 3, 7, 12, 5.61905)",1,21,112333m 112335m 113335m 122333m 122335m 123336m 123337m 123338m 123339m 123355m 123356m 123357m 123358m 123359m 133355m 133356m 133357m 223335m 233355m 233356m 233357m
134445m,134445m33z,中ぶくれカンチャン,2m 4m 3z,3,7,0,5,14,6.350000,"(7, 3, 5, 14, 6.35)",1,20,113444m 113445m 114445m 133444m 133445m 134446m 134447m 134448m 134449m 134455m 134456m 144455m 144456m 144457m 334445m 344455m 344456m 344457m 344458m 344459m
134555m,134555m33z,メンツ＋ターツ＋不要牌,2m 5m 3z,3,7,1,7,16,7.150000,"(7, 3, 7, 16, 7.15)",1,20,113455m 113555m 114555m 133455m 133555m 134455m 134556m 134557m 135556m 135557m 135558m 135559m 144555m 145556m 334555m 344555m 345556m 345557m 345558m 345559m
144456m,144456m33z,メンツ＋ターツ＋不要牌,4m 7m 3z,3,7,1,4,16,6.550000,"(7, 3, 4, 16, 6.55)",1,20,114445m 114446m 114456m 124445m 124446m 124456m 134445m 134446m 134456m 144455m 144466m 144468m 144556m 144566m 244456m 344456m 444556m 444566m 444568m 444569m
145666m,145666m33z,メンツ＋ターツ＋不要牌,3m 6m 3z,3,7,1,4,16,6.473684,"(7, 3, 4, 16, 6.47368)",1,19,114566m 114666m 115666m 124566m 124666m 125666m 144566m 144666m 145566m 145667m 145668m 155666m 156667m 245666m 445666m 455666m 456667m 456668m 456669m
155567m,155567m33z,メンツ＋ターツ＋不要牌,5m 8m 3z,3,7,1,5,16,6.318182,"(7, 3, 5, 16, 6.31818)",1,22,115556m 115557m 115567m 125556m 125557m 125567m 135556m 135557m 135567m 145556m 145567m 155566m 155577m 155579m 155667m 155677m 255567m 355567m 455567m 555667m 555677m 555679m
156777m,156777m33z,メンツ＋ターツ＋不要牌,4m 7m 3z,3,7,1,5,16,6.318182,"(7, 3, 5, 16, 6.31818)",1,22,115677m 115777m 116777m 125677m 125777m 126777m 135677m 135777m 136777m 155677m 155777m 156677m 156778m 156779m 166777m 167778m 256777m 356777m 556777m 566777m 567778m 567779m
166678m,166678m33z,メンツ＋ターツ＋不要牌,6m 9m 3z,3,7,1,4,16,6.136364,"(7, 3, 4, 16, 6.13636)",1,22,116667m 116668m 116678m 126667m 126668m 126678m 136667m 136668m 136678m 146678m 156667m 156678m 166677m 166688m 166778m 166788m 266678m 366678m 466678m 566678m 666778m 666788m
167888m,167888m33z,メンツ＋ターツ＋不要牌,5m 8m 3z,3,7,1,3,16,5.590909,"(7, 3, 3, 16, 5.59091)",1,22,116788m 116888m 117888m 126788m 126888m 127888m 136788m 136888m 137888m 146888m 166788m 166888m 167788m 167889m 177888m 178889m 267888m 367888m 467888m 667888m 677888m 678889m
178999m,178999m33z,メンツ＋ターツ＋不要牌,6m 9m 3z,3,7,1,2,12,5.300000,"(7, 3, 2, 12, 5.3)",1,20,117899m 117999m 118999m 127899m 127999m 128999m 137899m 137999m 138999m 157999m 177899m 177999m 178899m 188999m 278999m 378999m 478999m 578999m 778999m 788999m
222346m,222346m33z,メンツ＋ターツ＋不要牌,2m 5m 3z,3,7,1,9,16,6.913043,"(7, 3, 9, 16, 6.91304)",1,23,122234m 122236m 122246m 122346m 222334m 222336m 222344m 222347m 222348m 222349m 222366m 222367m 222368m 222446m 222466m 222467m 222468m 222469m 223346m 223446m 223466m 223467m 223468m
222347m,222347m33z,メンツ＋ターツ＋不要牌,2m 5m 3z,3,7,1,9,16,6.458333,"(7, 3, 9, 16, 6.45833)",1,24,122234m 122237m 122347m 222334m 222337m 222344m 222346m 222348m 222349m 222367m 222377m 222378m 222379m 222447m 222467m 222477m 222478m 222479m 223347m 223447m 223467m 223477m 223478m 223479m
222348m,222348m33z,メンツ＋ターツ＋不要牌,2m 5m 3z,3,7,1,7,16,6.125000,"(7, 3, 7, 16, 6.125)",1,24,122234m 122238m 122348m 222334m 222338m 222344m 222346m 222347m 222349m 222368m 222378m 222388m 222389m 222448m 222468m 222478m 222488m 222489m 223348m 223448m 223468m 223478m 223488m 223489m
222349m,222349m33z,メンツ＋ターツ＋不要牌,2m 5m 3z,3,7,1,3,16,5.590909,"(7, 3, 3, 16, 5.59091)",1,22,122234m 122239m 122349m 222334m 222339m 222344m 222346m 222347m 222348m 222379m 222389m 222399m 222449m 222469m 222479m 222489m 222499m 223349m 223449m 223479m 223489m 223499m
233346m,233346m33z,中ぶくれカンチャン,3m 5m 3z,3,7,0,9,12,6.217391,"(7, 3, 9, 12, 6.21739)",1,23,123334m 123336m 123346m 133346m 223334m 223336m 223346m 233344m 233347m 233348m 233349m 233366m 233367m 233368m 233446m 233466m 233467m 233468m 333446m 333466m 333467m 333468m 333469m
234447m,234447m33z,メンツ＋ターツ＋不要牌,1m 4m 3z,3,7,1,10,16,7.000000,"(7, 3, 10, 16, 7)",1,25,223444m 223447m 224447m 233444m 233447m 234445m 234446m 234448m 234449m 234457m 234467m 234477m 234478m 234479m 244457m 244467m 244477m 244478m 244479m 334447m 344457m 344467m 344477m 344478m 344479m
234448m,234448m33z,メンツ＋ターツ＋不要牌,1m 4m 3z,3,7,1,8,16,6.625000,"(7, 3, 8, 16, 6.625)",1,24,223444m 223448m 224448m 233444m 233448m 234445m 234446m 234447m 234449m 234458m 234468m 234478m 234488m 234489m 244468m 244478m 244488m 244489m 334448m 344458m 344468m 344478m 344488m 344489m
234449m,234449m33z,メンツ＋ターツ＋不要牌,1m 4m 3z,3,7,1,4,16,6.136364,"(7, 3, 4, 16, 6.13636)",1,22,223444m 223449m 224449m 233444m 233449m 234445m 234446m 234447m 234448m 234459m 234469m 234479m 234489m 234499m 244479m 244489m 244499m 334449m 344459m 344479m 344489m 344499m
245556m,245556m33z,中ぶくれカンチャン,3m 5m 3z,3,7,0,5,14,6.136364,"(7, 3, 5, 14, 6.13636)",1,22,124555m 124556m 125556m 145556m 224555m 224556m 225556m 244555m 244556m 245557m 245558m 245559m 245566m 245567m 255566m 255567m 255568m 445556m 455566m 455567m 455568m 455569m
245666m,245666m33z,メンツ＋ターツ＋不要牌,3m 6m 3z,3,7,1,7,16,6.863636,"(7, 3, 7, 16, 6.86364)",1,22,124566m 124666m 125666m 145666m 224566m 224666m 225666m 244566m 244666m 245566m 245667m 245668m 246667m 246668m 246669m 255666m 256667m 445666m 455666m 456667m 456668m 456669m
255567m,255567m33z,メンツ＋ターツ＋不要牌,5m 8m 3z,3,7,1,7,16,6.739130,"(7, 3, 7, 16, 6.73913)",1,23,125556m 125557m 125567m 155567m 225556m 225557m 225567m 235556m 235557m 235567m 245556m 245557m 245567m 255566m 255577m 255579m 255667m 255677m 355567m 455567m 555667m 555677m 555679m
256777m,256777m33z,メンツ＋ターツ＋不要牌,4m 7m 3z,3,7,1,7,16,6.681818,"(7, 3, 7, 16, 6.68182)",1,22,125677m 125777m 126777m 156777m 225677m 225777m 226777m 235677m 235777m 236777m 255677m 255777m 256677m 256778m 256779m 266777m 267778m 356777m 556777m 566777m 567778m 567779m
266678m,266678m33z,メンツ＋ターツ＋不要牌,6m 9m 3z,3,7,1,8,16,6.625000,"(7, 3, 8, 16, 6.625)",1,24,126667m 126668m 126678m 166678m 226667m 226668m 226678m 236667m 236668m 236678m 246667m 246668m 246678m 256667m 256678m 266677m 266688m 266778m 266788m 366678m 466678m 566678m 666778m 666788m
267888m,267888m33z,メンツ＋ターツ＋不要牌,5m 8m 3z,3,7,1,7,16,6.125000,"(7, 3, 7, 16, 6.125)",1,24,126788m 126888m 127888m 167888m 226788m 226888m 227888m 236788m 236888m 237888m 246788m 246888m 247888m 266788m 266888m 267788m 267889m 277888m 278889m 367888m 467888m 667888m 677888m 678889m
278999m,278999m33z,メンツ＋ターツ＋不要牌,6m 9m 3z,3,7,1,5,12,5.652174,"(7, 3, 5, 12, 5.65217)",1,23,127899m 127999m 128999m 178999m 227899m 227999m 228999m 237899m 237999m 238999m 247899m 247999m 248999m 257999m 277899m 277999m 278899m 288999m 378999m 478999m 578999m 778999m 788999m
333457m,333457m33z,メンツ＋ターツ＋不要牌,3m 6m 3z,3,7,1,11,16,7.291667,"(7, 3, 11, 16, 7.29167)",1,24,133345m 133357m 133457m 233345m 233347m 233357m 233457m 333445m 333447m 333455m 333458m 333459m 333477m 333478m 333479m 333557m 333577m 333578m 333579m 334457m 334557m 334577m 334578m 334579m
333458m,333458m33z,メンツ＋ターツ＋不要牌,3m 6m 3z,3,7,1,7,16,6.681818,"(7, 3, 7, 16, 6.68182)",1,22,133345m 133458m 233345m 233348m 233458m 333445m 333448m 333455m 333457m 333459m 333478m 333488m 333489m 333558m 333578m 333588m 333589m 334458m 334558m 334578m 334588m 334589m
333459m,333459m33z,メンツ＋ターツ＋不要牌,3m 6m 3z,3,7,1,5,16,6.318182,"(7, 3, 5, 16, 6.31818)",1,22,133345m 133459m 233345m 233349m 233459m 333445m 333449m 333455m 333457m 333458m 333479m 333489m 333499m 333559m 333579m 333589m 333599m 334459m 334559m 334579m 334589m 334599m
344457m,344457m33z,中ぶくれカンチャン,4m 6m 3z,3,7,0,9,14,6.625000,"(7, 3, 9, 14, 6.625)",1,24,134445m 134447m 144457m 234445m 234447m 234457m 244457m 334445m 334447m 334457m 344455m 344458m 344459m 344477m 344478m 344479m 344557m 344577m 344578m 344579m 444557m 444577m 444578m 444579m
345558m,345558m33z,メンツ＋ターツ＋不要牌,2m 5m 3z,3,7,1,7,16,6.739130,"(7, 3, 7, 16, 6.73913)",1,23,134555m 135558m 334555m 334558m 335558m 344555m 344558m 345556m 345557m 345559m 345568m 345578m 345588m 345589m 355568m 355578m 355588m 355589m 445558m 455568m 455578m 455588m 455589m
345559m,345559m33z,メンツ＋ターツ＋不要牌,2m 5m 3z,3,7,1,5,16,6.318182,"(7, 3, 5, 16, 6.31818)",1,22,134555m 135559m 334555m 334559m 335559m 344555m 344559m 345556m 345557m 345558m 345569m 345579m 345589m 345599m 355579m 355589m 355599m 445559m 455569m 455579m 455589m 455599m
356667m,356667m33z,中ぶくれカンチャン,4m 6m 3z,3,7,0,9,14,6.625000,"(7, 3, 9, 14, 6.625)",1,24,135666m 135667m 136667m 156667m 235666m 235667m 236667m 256667m 335666m 335667m 336667m 355666m 355667m 356668m 356669m 356677m 356678m 366677m 366678m 366679m 556667m 566677m 566678m 566679m
356777m,356777m33z,メンツ＋ターツ＋不要牌,4m 7m 3z,3,7,1,11,16,7.291667,"(7, 3, 11, 16, 7.29167)",1,24,135677m 135777m 136777m 156777m 235677m 235777m 236777m 256777m 335677m 335777m 336777m 355677m 355777m 356677m 356778m 356779m 357778m 357779m 366777m 367778m 556777m 566777m 567778m 567779m
366678m,366678m33z,メンツ＋ターツ＋不要牌,6m 9m 3z,3,7,1,10,16,7.000000,"(7, 3, 10, 16, 7)",1,25,136667m 136668m 136678m 166678m 236667m 236668m 236678m 266678m 336667m 336668m 336678m 346667m 346668m 346678m 356667m 356668m 356678m 366677m 366688m 366778m 366788m 466678m 566678m 666778m 666788m
367888m,367888m33z,メンツ＋ターツ＋不要牌,5m 8m 3z,3,7,1,9,16,6.458333,"(7, 3, 9, 16, 6.45833)",1,24,136788m 136888m 137888m 167888m 236788m 236888m 237888m 267888m 336788m 336888m 337888m 346788m 346888m 347888m 366788m 366888m 367788m 367889m 377888m 378889m 467888m 667888m 677888m 678889m
378999m,378999m33z,メンツ＋ターツ＋不要牌,6m 9m 3z,3,7,1,9,12,6.160000,"(7, 3, 9, 12, 6.16)",1,25,137899m 137999m 138999m 178999m 237899m 237999m 238999m 278999m 337899m 337999m 338999m 347899m 347999m 348999m 357899m 357999m 358999m 377899m 377999m 378899m 388999m 478999m 578999m 778999m 788999m
444568m,444568m33z,メンツ＋ターツ＋不要牌,4m 7m 3z,3,7,1,7,16,6.863636,"(7, 3, 7, 16, 6.86364)",1,22,144456m 144468m 244456m 244468m 244568m 344456m 344458m 344468m 344568m 444556m 444558m 444566m 444569m 444588m 444589m 444668m 444688m 444689m 445568m 445668m 445688m 445689m
444569m,444569m33z,メンツ＋ターツ＋不要牌,4m 7m 3z,3,7,1,4,16,6.473684,"(7, 3, 4, 16, 6.47368)",1,19,144456m 244456m 244569m 344456m 344459m 344569m 444556m 444559m 444566m 444568m 444589m 444599m 444669m 444689m 444699m 445569m 445669m 445689m 445699m
455568m,455568m33z,中ぶくれカンチャン,5m 7m 3z,3,7,0,5,14,6.136364,"(7, 3, 5, 14, 6.13636)",1,22,145556m 155568m 245556m 245558m 255568m 345556m 345558m 345568m 355568m 445556m 445558m 445568m 455566m 455569m 455588m 455589m 455668m 455688m 455689m 555668m 555688m 555689m
456669m,456669m33z,メンツ＋ターツ＋不要牌,3m 6m 3z,3,7,1,4,16,6.550000,"(7, 3, 4, 16, 6.55)",1,20,145666m 245666m 246669m 445666m 445669m 446669m 455666m 455669m 456667m 456668m 456679m 456689m 456699m 466679m 466689m 466699m 556669m 566679m 566689m 566699m
467778m,467778m33z,中ぶくれカンチャン,5m 7m 3z,3,7,0,9,12,6.217391,"(7, 3, 9, 12, 6.21739)",1,23,146777m 167778m 246777m 246778m 247778m 267778m 346777m 346778m 347778m 367778m 446777m 446778m 447778m 466777m 466778m 467779m 467788m 467789m 477788m 477789m 667778m 677788m 677789m
467888m,467888m33z,メンツ＋ターツ＋不要牌,5m 8m 3z,3,7,1,9,16,6.913043,"(7, 3, 9, 16, 6.91304)",1,23,146888m 167888m 246788m 246888m 247888m 267888m 346788m 346888m 347888m 367888m 446788m 446888m 447888m 466788m 466888m 467788m 467889m 468889m 477888m 478889m 667888m 677888m 678889m
478999m,478999m33z,メンツ＋ターツ＋不要牌,6m 9m 3z,3,7,1,8,12,6.272727,"(7, 3, 8, 12, 6.27273)",1,22,178999m 247899m 247999m 248999m 278999m 347899m 347999m 348999m 378999m 447899m 447999m 448999m 457899m 457999m 458999m 477899m 477999m 478899m 488999m 578999m 778999m 788999m
555679m,555679m33z,メンツ＋ターツ＋不要牌,5m 8m 3z,3,7,1,7,16,7.150000,"(7, 3, 7, 16, 7.15)",1,20,155567m 155579m 255567m 255579m 355567m 355579m 355679m 455567m 455569m 455579m 455679m 555667m 555669m 555677m 555699m 555779m 555799m 556679m 556779m 556799m
566679m,566679m33z,中ぶくれカンチャン,6m 8m 3z,3,7,0,5,14,6.350000,"(7, 3, 5, 14, 6.35)",1,20,156667m 166679m 256667m 266679m 356667m 356669m 366679m 456667m 456669m 456679m 466679m 556667m 556669m 556679m 566677m 566699m 566779m 566799m 666779m 666799m
577789m,577789m33z,エントツカンチャン,6m 7m 3z,3,7,0,7,12,5.619048,"(7, 3, 7, 12, 5.61905)",1,21,157789m 177789m 257789m 277789m 357778m 357779m 357789m 377789m 457778m 457779m 457789m 477789m 557778m 557779m 557789m 577788m 577799m 577889m 577899m 777889m 777899m
578889m,578889m33z,中ぶくれカンチャン,6m 8m 3z,3,7,0,8,12,5.619048,"(7, 3, 8, 12, 5.61905)",1,21,157888m 178889m 257888m 278889m 357888m 357889m 358889m 378889m 457888m 457889m 458889m 478889m 557888m 557889m 558889m 577888m 577889m 578899m 588899m 778889m 788899m
578999m,578999m33z,メンツ＋ターツ＋不要牌,6m 9m 3z,3,7,1,8,12,6.571429,"(7, 3, 8, 12, 6.57143)",1,21,157999m 178999m 257999m 278999m 357899m 357999m 358999m 378999m 457899m 457999m 458999m 478999m 557899m 557999m 558999m 577899m 577999m 578899m 588999m 778999m 788999m
667889m,667889m33z,リャンメンシャンポン・2121型,6m 7m 3z,3,7,0,6,12,6.200000,"(7, 3, 6, 12, 6.2)",1,20,166788m 166789m 167889m 266788m 266789m 267889m 366788m 366789m 367889m 466788m 466789m 467889m 566788m 566789m 567889m 667888m 667899m 668889m 678889m 678899m
678899m,678899m33z,リャンメンシャンポン・2211型,7m 9m 3z,3,7,0,5,11,5.400000,"(7, 3, 5, 11, 5.4)",1,20,167889m 167899m 178899m 267889m 267899m 278899m 367889m 367899m 378899m 467889m 467899m 478899m 567889m 567899m 578899m 667889m 667899m 678889m 688899m 788899m
112335m,112335m33z,イーペーリャンカン,2m 4m,2,7,0,7,12,5.888889,"(7, 2, 7, 12, 5.88889)",1,18,111233m 111235m 111335m 112333m 112336m 112337m 112338m 112339m 112355m 112356m 112357m 113335m 123335m 123355m 123356m 123357m 123358m 123359m
122335m,122335m33z,メンツ＋ターツ＋不要牌,1m 4m,2,7,1,7,12,7.000000,"(7, 2, 7, 12, 7)",1,18,122233m 122235m 122333m 122336m 122337m 122338m 122339m 122355m 122356m 122357m 123335m 123355m 123356m 123357m 123358m 123359m 222335m 223335m
122336m,122336m33z,メンツ＋ターツ＋不要牌,1m 4m,2,7,1,6,12,6.333333,"(7, 2, 6, 12, 6.33333)",1,18,122233m 122236m 122333m 122335m 122337m 122338m 122339m 122356m 122366m 122367m 122368m 123336m 123356m 123366m 123367m 123368m 222336m 223336m
122337m,122337m33z,メンツ＋ターツ＋不要牌,1m 4m,2,7,1,7,12,6.300000,"(7, 2, 7, 12, 6.3)",1,20,122233m 122237m 122333m 122335m 122336m 122338m 122339m 122357m 122367m 122377m 122378m 122379m 123337m 123357m 123367m 123377m 123378m 123379m 222337m 223337m
122338m,122338m33z,メンツ＋ターツ＋不要牌,1m 4m,2,7,1,4,12,5.789474,"(7, 2, 4, 12, 5.78947)",1,19,122233m 122238m 122333m 122335m 122336m 122337m 122339m 122368m 122378m 122388m 122389m 123338m 123358m 123368m 123378m 123388m 123389m 222338m 223338m
122339m,122339m33z,メンツ＋ターツ＋不要牌,1m 4m,2,7,1,2,12,5.529412,"(7, 2, 2, 12, 5.52941)",1,17,122233m 122239m 122333m 122335m 122336m 122337m 122338m 122379m 122389m 122399m 123339m 123359m 123379m 123389m 123399m 222339m 223339m
122346m,122346m33z,リャンメンカンチャン,3m 5m,2,7,0,8,10,5.782609,"(7, 2, 8, 10, 5.78261)",1,23,112234m 112236m 112346m 122234m 122236m 122246m 122344m 122347m 122348m 122349m 122366m 122367m 122368m 123446m 123466m 123467m 123468m 123469m 222346m 223446m 223466m 223467m 223468m
123346m,123346m33z,メンツ＋ターツ＋不要牌,2m 5m,2,7,1,10,11,6.652174,"(7, 2, 10, 11, 6.65217)",1,23,112334m 112336m 112346m 123334m 123336m 123344m 123347m 123348m 123349m 123366m 123367m 123368m 123446m 123466m 123467m 123468m 123469m 133346m 233346m 233446m 233466m 233467m 233468m
123347m,123347m33z,メンツ＋ターツ＋不要牌,2m 5m,2,7,1,9,11,6.208333,"(7, 2, 9, 11, 6.20833)",1,24,112334m 112337m 112347m 123334m 123337m 123344m 123346m 123348m 123349m 123367m 123377m 123378m 123379m 123447m 123467m 123477m 123478m 123479m 233347m 233447m 233467m 233477m 233478m 233479m
123348m,123348m33z,メンツ＋ターツ＋不要牌,2m 5m,2,7,1,7,11,5.875000,"(7, 2, 7, 11, 5.875)",1,24,112334m 112338m 112348m 123334m 123338m 123344m 123346m 123347m 123349m 123368m 123378m 123388m 123389m 123448m 123468m 123478m 123488m 123489m 233348m 233448m 233468m 233478m 233488m 233489m
123349m,123349m33z,メンツ＋ターツ＋不要牌,2m 5m,2,7,1,3,11,5.318182,"(7, 2, 3, 11, 5.31818)",1,22,112334m 112339m 112349m 123334m 123339m 123344m 123346m 123347m 123348m 123379m 123389m 123399m 123449m 123469m 123479m 123489m 123499m 233349m 233449m 233479m 233489m 233499m
123457m,123457m33z,三面張＋不要牌,3m 6m,2,7,1,15,11,6.758621,"(7, 2, 15, 11, 6.75862)",1,29,112345m 112347m 112357m 113457m 122345m 122347m 122357m 123445m 123447m 123455m 123458m 123459m 123477m 123478m 123479m 123557m 123577m 123578m 123579m 134557m 134577m 134578m 134579m 223457m 234457m 234557m 234577m 234578m 234579m
123458m,123458m33z,三面張＋不要牌,3m 6m,2,7,1,8,11,6.000000,"(7, 2, 8, 11, 6)",1,26,112345m 112348m 113458m 122345m 122348m 123445m 123448m 123455m 123457m 123459m 123478m 123488m 123489m 123558m 123578m 123588m 123589m 134578m 134588m 134589m 223458m 234458m 234558m 234578m 234588m 234589m
123459m,123459m33z,三面張＋不要牌,3m 6m,2,7,1,6,11,5.692308,"(7, 2, 6, 11, 5.69231)",1,26,112345m 112349m 113459m 122345m 122349m 123445m 123449m 123455m 123457m 123458m 123479m 123489m 123499m 123559m 123579m 123589m 123599m 134579m 134589m 134599m 223459m 234459m 234559m 234579m 234589m 234599m
133445m,133445m33z,メンツ＋ターツ＋不要牌,2m 5m,2,7,1,7,16,7.588235,"(7, 2, 7, 16, 7.58824)",1,17,113345m 113445m 133344m 133345m 133444m 133456m 133457m 133458m 133459m 134445m 134456m 333445m 334445m 334456m 334457m 334458m 334459m
133455m,133455m33z,イーペーリャンカン,2m 4m,2,7,0,8,12,6.944444,"(7, 2, 8, 12, 6.94444)",2,18,113345m 113455m 133345m 133355m 133456m 133457m 133458m 133459m 133555m 134555m 134556m 134557m 333455m 334555m 334556m 334557m 334558m 334559m
134455m,134455m33z,メンツ＋ターツ＋不要牌,3m 6m,2,7,1,5,16,7.733333,"(7, 2, 5, 16, 7.73333)",1,15,113445m 113455m 123445m 123455m 134445m 134555m 134557m 144455m 144555m 234455m 344455m 344555m 344557m 344558m 344559m
134456m,134456m33z,メンツ＋ターツ＋不要牌,2m 5m,2,7,1,10,15,7.800000,"(7, 2, 10, 15, 7.8)",1,20,113445m 113456m 114456m 133445m 133456m 134445m 134446m 134566m 134567m 134568m 134569m 144456m 144566m 144567m 334456m 344456m 344566m 344567m 344568m 344569m
144556m,144556m33z,メンツ＋ターツ＋不要牌,3m 6m,2,7,1,3,16,6.562500,"(7, 2, 3, 16, 6.5625)",1,16,114456m 114556m 124456m 124556m 144455m 144456m 144555m 144567m 145556m 145567m 244556m 444556m 445556m 445567m 445568m 445569m
145566m,145566m33z,メンツ＋ターツ＋不要牌,4m 7m,2,7,1,5,16,6.882353,"(7, 2, 5, 16, 6.88235)",1,17,114556m 114566m 124556m 124566m 134556m 134566m 145556m 145666m 145668m 155566m 155666m 245566m 345566m 455566m 455666m 455668m 455669m
145567m,145567m33z,メンツ＋ターツ＋不要牌,3m 6m,2,7,1,6,15,6.666667,"(7, 2, 6, 15, 6.66667)",1,21,114556m 114567m 115567m 124556m 124567m 125567m 144556m 144567m 145556m 145677m 145678m 145679m 155567m 155677m 155678m 245567m 445567m 455567m 455677m 455678m 455679m
145667m,145667m33z,メンツ＋ターツ＋不要牌,5m 8m,2,7,1,7,15,6.727273,"(7, 2, 7, 15, 6.72727)",1,22,114566m 114567m 115667m 124566m 124567m 125667m 134566m 134567m 135667m 144566m 144567m 145666m 145677m 145679m 156667m 156677m 245667m 345667m 445667m 456667m 456677m 456679m
155667m,155667m33z,メンツ＋ターツ＋不要牌,4m 7m,2,7,1,4,16,6.500000,"(7, 2, 4, 16, 6.5)",1,18,115567m 115667m 125567m 125667m 135567m 135667m 155566m 155567m 155666m 155678m 156667m 156678m 255667m 355667m 555667m 556667m 556678m 556679m
156677m,156677m33z,メンツ＋ターツ＋不要牌,5m 8m,2,7,1,3,16,6.157895,"(7, 2, 3, 16, 6.15789)",1,19,115667m 115677m 125667m 125677m 135667m 135677m 145667m 145677m 156667m 156777m 156779m 166677m 166777m 256677m 356677m 456677m 566677m 566777m 566779m
156678m,156678m33z,メンツ＋ターツ＋不要牌,4m 7m,2,7,1,5,14,6.086957,"(7, 2, 5, 14, 6.08696)",1,23,115667m 115678m 116678m 125667m 125678m 126678m 135667m 135678m 136678m 155667m 155678m 156667m 156788m 156789m 166678m 166788m 166789m 256678m 356678m 556678m 566678m 566788m 566789m
156778m,156778m33z,メンツ＋ターツ＋不要牌,6m 9m,2,7,1,7,15,6.608696,"(7, 2, 7, 15, 6.6087)",1,23,115677m 115678m 116778m 125677m 125678m 126778m 135677m 135678m 136778m 145677m 145678m 155677m 155678m 156777m 156788m 167778m 167788m 256778m 356778m 456778m 556778m 567778m 567788m
156789m,156789m33z,三面張＋不要牌,4m 7m,2,7,1,6,11,5.692308,"(7, 2, 6, 11, 5.69231)",1,26,115678m 115679m 115789m 116789m 125678m 125679m 125789m 126789m 135678m 135679m 135789m 136789m 155678m 155789m 156678m 156788m 156799m 166789m 167889m 167899m 256789m 356789m 556789m 566789m 567889m 567899m
166778m,166778m33z,メンツ＋ターツ＋不要牌,5m 8m,2,7,1,3,16,6.157895,"(7, 2, 3, 16, 6.15789)",1,19,116678m 116778m 126678m 126778m 136678m 136778m 146678m 166677m 166678m 166777m 166789m 167778m 167789m 266778m 366778m 466778m 666778m 667778m 667789m
167788m,167788m33z,メンツ＋ターツ＋不要牌,6m 9m,2,7,1,3,16,6.277778,"(7, 2, 3, 16, 6.27778)",1,18,116778m 116788m 126778m 126788m 136778m 136788m 156778m 156788m 167778m 167888m 177788m 177888m 267788m 367788m 467788m 567788m 677788m 677888m
167789m,167789m33z,メンツ＋ターツ＋不要牌,5m 8m,2,7,1,3,11,5.318182,"(7, 2, 3, 11, 5.31818)",1,22,116778m 116789m 117789m 126778m 126789m 127789m 136778m 136789m 137789m 146789m 166778m 166789m 167778m 167899m 177789m 177899m 267789m 367789m 467789m 667789m 677789m 677899m
177889m,177889m33z,メンツ＋ターツ＋不要牌,6m 9m,2,7,1,2,12,5.529412,"(7, 2, 2, 12, 5.52941)",1,17,117789m 117889m 127789m 127889m 137789m 137889m 157789m 177788m 177789m 177888m 178889m 277889m 377889m 477889m 577889m 777889m 778889m
223346m,223346m33z,メンツ＋ターツ＋不要牌,1m 4m,2,7,1,7,16,8.000000,"(7, 2, 7, 16, 8)",1,18,222334m 222336m 222346m 223334m 223336m 223345m 223347m 223348m 223349m 223456m 223466m 223467m 223468m 233346m 233456m 233466m 233467m 233468m
223347m,223347m33z,メンツ＋ターツ＋不要牌,1m 4m,2,7,1,9,16,7.250000,"(7, 2, 9, 16, 7.25)",1,20,222334m 222337m 222347m 223334m 223337m 223345m 223346m 223348m 223349m 223457m 223467m 223477m 223478m 223479m 233347m 233457m 233467m 233477m 233478m 233479m
223348m,223348m33z,メンツ＋ターツ＋不要牌,1m 4m,2,7,1,5,16,6.450000,"(7, 2, 5, 16, 6.45)",1,20,222334m 222338m 222348m 223334m 223338m 223345m 223346m 223347m 223349m 223458m 223468m 223478m 223488m 223489m 233348m 233458m 233468m 233478m 233488m 233489m
223349m,223349m33z,メンツ＋ターツ＋不要牌,1m 4m,2,7,1,3,16,6.277778,"(7, 2, 3, 16, 6.27778)",1,18,222334m 222339m 222349m 223334m 223339m 223345m 223346m 223347m 223348m 223459m 223479m 223489m 223499m 233349m 233459m 233479m 233489m 233499m
223446m,223446m33z,イーペーリャンカン,3m 5m,2,7,0,9,12,6.789474,"(7, 2, 9, 12, 6.78947)",1,19,122344m 122346m 123446m 222344m 222346m 222446m 223444m 223447m 223448m 223449m 223466m 223467m 223468m 224446m 234446m 234466m 234467m 234468m 234469m
233446m,233446m33z,メンツ＋ターツ＋不要牌,2m 5m,2,7,1,10,16,7.842105,"(7, 2, 10, 16, 7.84211)",1,19,123344m 123346m 123446m 233344m 233346m 233444m 233447m 233448m 233449m 233466m 233467m 233468m 234446m 234466m 234467m 234468m 234469m 333446m 334446m
233447m,233447m33z,メンツ＋ターツ＋不要牌,2m 5m,2,7,1,7,16,6.850000,"(7, 2, 7, 16, 6.85)",1,20,123344m 123347m 123447m 233344m 233347m 233444m 233446m 233448m 233449m 233467m 233477m 233478m 233479m 234447m 234467m 234477m 234478m 234479m 333447m 334447m
233448m,233448m33z,メンツ＋ターツ＋不要牌,2m 5m,2,7,1,6,16,6.650000,"(7, 2, 6, 16, 6.65)",1,20,123344m 123348m 123448m 233344m 233348m 233444m 233446m 233447m 233449m 233468m 233478m 233488m 233489m 234448m 234468m 234478m 234488m 234489m 333448m 334448m
233449m,233449m33z,メンツ＋ターツ＋不要牌,2m 5m,2,7,1,3,16,6.157895,"(7, 2, 3, 16, 6.15789)",1,19,123344m 123349m 123449m 233344m 233349m 233444m 233446m 233447m 233448m 233479m 233489m 233499m 234449m 234469m 234479m 234489m 234499m 333449m 334449m
233458m,233458m33z,メンツ＋ターツ＋不要牌,1m 4m,2,7,1,10,15,7.000000,"(7, 2, 10, 15, 7)",1,24,223345m 223348m 223458m 233345m 233348m 233455m 233456m 233457m 233459m 233468m 233478m 233488m 233489m 234558m 234568m 234578m 234588m 234589m 333458m 334558m 334568m 334578m 334588m 334589m
233459m,233459m33z,メンツ＋ターツ＋不要牌,1m 4m,2,7,1,7,15,6.608696,"(7, 2, 7, 15, 6.6087)",1,23,223345m 223349m 223459m 233345m 233349m 233455m 233456m 233457m 233458m 233479m 233489m 233499m 234559m 234569m 234579m 234589m 234599m 333459m 334559m 334569m 334579m 334589m 334599m
234457m,234457m33z,メンツ＋ターツ＋不要牌,3m 6m,2,7,1,11,14,7.166667,"(7, 2, 11, 14, 7.16667)",1,24,123445m 123447m 123457m 223445m 223447m 223457m 234445m 234447m 234455m 234458m 234459m 234477m 234478m 234479m 234557m 234577m 234578m 234579m 244457m 344457m 344557m 344577m 344578m 344579m
234458m,234458m33z,メンツ＋ターツ＋不要牌,3m 6m,2,7,1,7,14,6.434783,"(7, 2, 7, 14, 6.43478)",1,23,123445m 123448m 123458m 223445m 223448m 223458m 234445m 234448m 234455m 234457m 234459m 234478m 234488m 234489m 234558m 234578m 234588m 234589m 344458m 344558m 344578m 344588m 344589m
234459m,234459m33z,メンツ＋ターツ＋不要牌,3m 6m,2,7,1,5,14,6.086957,"(7, 2, 5, 14, 6.08696)",1,23,123445m 123449m 123459m 223445m 223449m 223459m 234445m 234449m 234455m 234457m 234458m 234479m 234489m 234499m 234559m 234579m 234589m 234599m 344459m 344559m 344579m 344589m 344599m
244556m,244556m33z,メンツ＋ターツ＋不要牌,3m 6m,2,7,1,7,16,7.388889,"(7, 2, 7, 16, 7.38889)",1,18,124456m 124556m 144556m 224456m 224556m 244455m 244456m 244555m 244567m 244568m 244569m 245556m 245567m 444556m 445556m 445567m 445568m 445569m
244566m,244566m33z,イーペーリャンカン,3m 5m,2,7,0,8,12,6.789474,"(7, 2, 8, 12, 6.78947)",2,19,124456m 124566m 144566m 224456m 224566m 244456m 244466m 244567m 244568m 244569m 244666m 245666m 245667m 245668m 444566m 445666m 445667m 445668m 445669m
245566m,245566m33z,メンツ＋ターツ＋不要牌,4m 7m,2,7,1,5,16,7.764706,"(7, 2, 5, 16, 7.76471)",1,17,124556m 124566m 145566m 224556m 224566m 234556m 234566m 245556m 245666m 245668m 255566m 255666m 345566m 455566m 455666m 455668m 455669m
245567m,245567m33z,メンツ＋ターツ＋不要牌,3m 6m,2,7,1,10,15,7.454545,"(7, 2, 10, 15, 7.45455)",1,22,124556m 124567m 125567m 145567m 224556m 224567m 225567m 244556m 244567m 245556m 245557m 245677m 245678m 245679m 255567m 255677m 255678m 445567m 455567m 455677m 455678m 455679m
255667m,255667m33z,メンツ＋ターツ＋不要牌,4m 7m,2,7,1,5,16,6.722222,"(7, 2, 5, 16, 6.72222)",1,18,125567m 125667m 155667m 225567m 225667m 235567m 235667m 255566m 255567m 255666m 255678m 256667m 256678m 355667m 555667m 556667m 556678m 556679m
256677m,256677m33z,メンツ＋ターツ＋不要牌,5m 8m,2,7,1,7,16,7.000000,"(7, 2, 7, 16, 7)",1,19,125667m 125677m 156677m 225667m 225677m 235667m 235677m 245667m 245677m 256667m 256777m 256779m 266677m 266777m 356677m 456677m 566677m 566777m 566779m
256678m,256678m33z,メンツ＋ターツ＋不要牌,4m 7m,2,7,1,7,14,6.434783,"(7, 2, 7, 14, 6.43478)",1,23,125667m 125678m 126678m 156678m 225667m 225678m 226678m 235667m 235678m 236678m 255667m 255678m 256667m 256788m 256789m 266678m 266788m 266789m 356678m 556678m 566678m 566788m 566789m
256778m,256778m33z,メンツ＋ターツ＋不要牌,6m 9m,2,7,1,10,15,7.000000,"(7, 2, 10, 15, 7)",1,24,125677m 125678m 126778m 156778m 225677m 225678m 226778m 235677m 235678m 236778m 245677m 245678m 246778m 255677m 255678m 256777m 256788m 267778m 267788m 356778m 456778m 556778m 567778m 567788m
256789m,256789m33z,三面張＋不要牌,4m 7m,2,7,1,8,11,6.000000,"(7, 2, 8, 11, 6)",1,26,125678m 125679m 125789m 126789m 156789m 225678m 225679m 225789m 226789m 235678m 235679m 235789m 236789m 255678m 255789m 256678m 256788m 256799m 266789m 267889m 267899m 356789m 556789m 566789m 567889m 567899m
266778m,266778m33z,メンツ＋ターツ＋不要牌,5m 8m,2,7,1,6,16,6.650000,"(7, 2, 6, 16, 6.65)",1,20,126678m 126778m 166778m 226678m 226778m 236678m 236778m 246678m 246778m 266677m 266678m 266777m 266789m 267778m 267789m 366778m 466778m 666778m 667778m 667789m
267788m,267788m33z,メンツ＋ターツ＋不要牌,6m 9m,2,7,1,5,16,6.450000,"(7, 2, 5, 16, 6.45)",1,20,126778m 126788m 167788m 226778m 226788m 236778m 236788m 246778m 246788m 256778m 256788m 267778m 267888m 277788m 277888m 367788m 467788m 567788m 677788m 677888m
267789m,267789m33z,メンツ＋ターツ＋不要牌,5m 8m,2,7,1,7,11,5.875000,"(7, 2, 7, 11, 5.875)",1,24,126778m 126789m 127789m 167789m 226778m 226789m 227789m 236778m 236789m 237789m 246778m 246789m 247789m 266778m 266789m 267778m 267899m 277789m 277899m 367789m 467789m 667789m 677789m 677899m
277889m,277889m33z,メンツ＋ターツ＋不要牌,6m 9m,2,7,1,4,12,5.789474,"(7, 2, 4, 12, 5.78947)",1,19,127789m 127889m 177889m 227789m 227889m 237789m 237889m 247789m 247889m 257789m 277788m 277789m 277888m 278889m 377889m 477889m 577889m 777889m 778889m
334457m,334457m33z,メンツ＋ターツ＋不要牌,2m 5m,2,7,1,7,16,7.789474,"(7, 2, 7, 16, 7.78947)",1,19,133445m 133457m 333445m 333447m 333457m 334445m 334447m 334456m 334458m 334459m 334567m 334577m 334578m 334579m 344457m 344567m 344577m 344578m 344579m
334458m,334458m33z,メンツ＋ターツ＋不要牌,2m 5m,2,7,1,7,16,7.000000,"(7, 2, 7, 16, 7)",1,19,133445m 133458m 333445m 333448m 333458m 334445m 334448m 334456m 334457m 334459m 334568m 334578m 334588m 334589m 344458m 344568m 344578m 344588m 344589m
334459m,334459m33z,メンツ＋ターツ＋不要牌,2m 5m,2,7,1,3,16,6.157895,"(7, 2, 3, 16, 6.15789)",1,19,133445m 133459m 333445m 333449m 333459m 334445m 334449m 334456m 334457m 334458m 334569m 334579m 334589m 334599m 344459m 344569m 344579m 344589m 344599m
334557m,334557m33z,イーペーリャンカン,4m 6m,2,7,0,11,12,7.250000,"(7, 2, 11, 12, 7.25)",2,20,133455m 133457m 134557m 233455m 233457m 234557m 333455m 333457m 333557m 334555m 334558m 334559m 334577m 334578m 334579m 335557m 345557m 345577m 345578m 345579m
344557m,344557m33z,メンツ＋ターツ＋不要牌,3m 6m,2,7,1,10,16,7.842105,"(7, 2, 10, 16, 7.84211)",1,19,134455m 134557m 234455m 234457m 234557m 344455m 344457m 344555m 344558m 344559m 344577m 344578m 344579m 345557m 345577m 345578m 345579m 444557m 445557m
344558m,344558m33z,メンツ＋ターツ＋不要牌,3m 6m,2,7,1,5,16,6.722222,"(7, 2, 5, 16, 6.72222)",1,18,134455m 234455m 234458m 234558m 344455m 344458m 344555m 344557m 344559m 344578m 344588m 344589m 345558m 345578m 345588m 345589m 444558m 445558m
344559m,344559m33z,メンツ＋ターツ＋不要牌,3m 6m,2,7,1,4,16,6.500000,"(7, 2, 4, 16, 6.5)",1,18,134455m 234455m 234459m 234559m 344455m 344459m 344555m 344557m 344558m 344579m 344589m 344599m 345559m 345579m 345589m 345599m 444559m 445559m
344569m,344569m33z,メンツ＋ターツ＋不要牌,2m 5m,2,7,1,7,15,6.727273,"(7, 2, 7, 15, 6.72727)",1,22,134456m 134569m 334456m 334459m 334569m 344456m 344459m 344566m 344567m 344568m 344579m 344589m 344599m 345669m 345679m 345689m 345699m 444569m 445669m 445679m 445689m 445699m
345568m,345568m33z,メンツ＋ターツ＋不要牌,4m 7m,2,7,1,10,15,7.454545,"(7, 2, 10, 15, 7.45455)",1,22,134556m 134568m 234556m 234558m 234568m 334556m 334558m 334568m 345556m 345558m 345566m 345569m 345588m 345589m 345668m 345688m 345689m 355568m 455568m 455668m 455688m 455689m
345569m,345569m33z,メンツ＋ターツ＋不要牌,4m 7m,2,7,1,6,15,6.666667,"(7, 2, 6, 15, 6.66667)",1,21,134556m 134569m 234556m 234559m 234569m 334556m 334559m 334569m 345556m 345559m 345566m 345568m 345589m 345599m 345669m 345689m 345699m 455569m 455669m 455689m 455699m
355667m,355667m33z,メンツ＋ターツ＋不要牌,4m 7m,2,7,1,10,16,7.842105,"(7, 2, 10, 16, 7.84211)",1,19,135567m 135667m 155667m 235567m 235667m 255667m 335567m 335667m 355566m 355567m 355666m 355678m 355679m 356667m 356678m 555667m 556667m 556678m 556679m
355677m,355677m33z,イーペーリャンカン,4m 6m,2,7,0,11,12,7.250000,"(7, 2, 11, 12, 7.25)",2,20,135567m 135677m 155677m 235567m 235677m 255677m 335567m 335677m 355567m 355577m 355678m 355679m 355777m 356777m 356778m 356779m 555677m 556777m 556778m 556779m
356677m,356677m33z,メンツ＋ターツ＋不要牌,5m 8m,2,7,1,7,16,7.789474,"(7, 2, 7, 16, 7.78947)",1,19,135667m 135677m 156677m 235667m 235677m 256677m 335667m 335677m 345667m 345677m 356667m 356777m 356779m 366677m 366777m 456677m 566677m 566777m 566779m
356678m,356678m33z,メンツ＋ターツ＋不要牌,4m 7m,2,7,1,11,14,7.166667,"(7, 2, 11, 14, 7.16667)",1,24,135667m 135678m 136678m 156678m 235667m 235678m 236678m 256678m 335667m 335678m 336678m 355667m 355678m 356667m 356668m 356788m 356789m 366678m 366788m 366789m 556678m 566678m 566788m 566789m
356789m,356789m33z,三面張＋不要牌,4m 7m,2,7,1,15,11,6.758621,"(7, 2, 15, 11, 6.75862)",1,29,135678m 135679m 135789m 136789m 156789m 235678m 235679m 235789m 236789m 256789m 335678m 335679m 335789m 336789m 355678m 355679m 355789m 356678m 356788m 356799m 357889m 357899m 366789m 367889m 367899m 556789m 566789m 567889m 567899m
366778m,366778m33z,メンツ＋ターツ＋不要牌,5m 8m,2,7,1,7,16,6.850000,"(7, 2, 7, 16, 6.85)",1,20,136678m 136778m 166778m 236678m 236778m 266778m 336678m 336778m 346678m 346778m 366677m 366678m 366777m 366789m 367778m 367789m 466778m 666778m 667778m 667789m
367788m,367788m33z,メンツ＋ターツ＋不要牌,6m 9m,2,7,1,9,16,7.250000,"(7, 2, 9, 16, 7.25)",1,20,136778m 136788m 167788m 236778m 236788m 267788m 336778m 336788m 346778m 346788m 356778m 356788m 367778m 367888m 377788m 377888m 467788m 567788m 677788m 677888m
367789m,367789m33z,メンツ＋ターツ＋不要牌,5m 8m,2,7,1,9,11,6.208333,"(7, 2, 9, 11, 6.20833)",1,24,136778m 136789m 137789m 167789m 236778m 236789m 237789m 267789m 336778m 336789m 337789m 346778m 346789m 347789m 366778m 366789m 367778m 367899m 377789m 377899m 467789m 667789m 677789m 677899m
377889m,377889m33z,メンツ＋ターツ＋不要牌,6m 9m,2,7,1,7,12,6.300000,"(7, 2, 7, 12, 6.3)",1,20,137789m 137889m 177889m 237789m 237889m 277889m 337789m 337889m 347789m 347889m 357789m 357889m 377788m 377789m 377888m 378889m 477889m 577889m 777889m 778889m
445568m,445568m33z,メンツ＋ターツ＋不要牌,3m 6m,2,7,1,5,16,7.764706,"(7, 2, 5, 16, 7.76471)",1,17,144556m 244556m 244568m 444556m 444558m 444568m 445556m 445558m 445567m 445569m 445678m 445688m 445689m 455568m 455678m 455688m 455689m
445569m,445569m33z,メンツ＋ターツ＋不要牌,3m 6m,2,7,1,5,16,6.882353,"(7, 2, 5, 16, 6.88235)",1,17,144556m 244556m 244569m 444556m 444559m 444569m 445556m 445559m 445567m 445568m 445679m 445689m 445699m 455569m 455679m 455689m 455699m
445668m,445668m33z,イーペーリャンカン,5m 7m,2,7,0,8,12,6.789474,"(7, 2, 8, 12, 6.78947)",2,19,144566m 145668m 244566m 244568m 245668m 344566m 344568m 345668m 444566m 444568m 444668m 445666m 445669m 445688m 445689m 446668m 456668m 456688m 456689m
455668m,455668m33z,メンツ＋ターツ＋不要牌,4m 7m,2,7,1,7,16,7.388889,"(7, 2, 7, 16, 7.38889)",1,18,145566m 145668m 245566m 245668m 345566m 345568m 345668m 455566m 455568m 455666m 455669m 455688m 455689m 456668m 456688m 456689m 555668m 556668m
455669m,455669m33z,メンツ＋ターツ＋不要牌,4m 7m,2,7,1,3,16,6.562500,"(7, 2, 3, 16, 6.5625)",1,16,145566m 245566m 345566m 345569m 345669m 455566m 455569m 455666m 455668m 455689m 455699m 456669m 456689m 456699m 555669m 556669m
456679m,456679m33z,メンツ＋ターツ＋不要牌,5m 8m,2,7,1,10,15,7.800000,"(7, 2, 10, 15, 7.8)",1,20,145667m 145679m 245667m 245679m 345667m 345669m 345679m 445667m 445669m 445679m 456667m 456669m 456677m 456699m 456779m 456799m 466679m 566679m 566779m 566799m
466778m,466778m33z,メンツ＋ターツ＋不要牌,5m 8m,2,7,1,10,16,7.842105,"(7, 2, 10, 16, 7.84211)",1,19,146678m 166778m 246678m 246778m 266778m 346678m 346778m 366778m 446678m 446778m 466677m 466678m 466777m 466789m 467778m 467789m 666778m 667778m 667789m
466788m,466788m33z,イーペーリャンカン,5m 7m,2,7,0,9,12,6.789474,"(7, 2, 9, 12, 6.78947)",1,19,146678m 166788m 246678m 246788m 266788m 346678m 346788m 366788m 446678m 446788m 466678m 466688m 466789m 466888m 467888m 467889m 666788m 667888m 667889m
467788m,467788m33z,メンツ＋ターツ＋不要牌,6m 9m,2,7,1,7,16,8.000000,"(7, 2, 7, 16, 8)",1,18,167788m 246778m 246788m 267788m 346778m 346788m 367788m 446778m 446788m 456778m 456788m 467778m 467888m 477788m 477888m 567788m 677788m 677888m
467789m,467789m33z,メンツ＋ターツ＋不要牌,5m 8m,2,7,1,10,11,6.652174,"(7, 2, 10, 11, 6.65217)",1,23,146789m 167789m 246778m 246789m 247789m 267789m 346778m 346789m 347789m 367789m 446778m 446789m 447789m 466778m 466789m 467778m 467779m 467899m 477789m 477899m 667789m 677789m 677899m
467889m,467889m33z,リャンメンカンチャン,5m 7m,2,7,0,8,10,5.782609,"(7, 2, 8, 10, 5.78261)",1,23,146789m 167889m 246788m 246789m 247889m 267889m 346788m 346789m 347889m 367889m 446788m 446789m 447889m 466788m 466789m 467888m 467899m 468889m 478889m 478899m 667889m 678889m 678899m
477889m,477889m33z,メンツ＋ターツ＋不要牌,6m 9m,2,7,1,6,12,6.333333,"(7, 2, 6, 12, 6.33333)",1,18,177889m 247789m 247889m 277889m 347789m 347889m 377889m 447789m 447889m 457789m 457889m 477788m 477789m 477888m 478889m 577889m 777889m 778889m
556679m,556679m33z,メンツ＋ターツ＋不要牌,4m 7m,2,7,1,5,16,7.733333,"(7, 2, 5, 16, 7.73333)",1,15,155667m 255667m 355667m 355679m 555667m 555669m 555679m 556667m 556669m 556678m 556789m 556799m 566679m 566789m 566799m
556779m,556779m33z,イーペーリャンカン,6m 8m,2,7,0,8,12,6.944444,"(7, 2, 8, 12, 6.94444)",2,18,155677m 156779m 255677m 256779m 355677m 355679m 356779m 455677m 455679m 456779m 555677m 555679m 555779m 556777m 556799m 557779m 567779m 567799m
566779m,566779m33z,メンツ＋ターツ＋不要牌,5m 8m,2,7,1,7,16,7.588235,"(7, 2, 7, 16, 7.58824)",1,17,156677m 156779m 256677m 256779m 356677m 356779m 456677m 456679m 456779m 566677m 566679m 566777m 566799m 567779m 567799m 666779m 667779m
577889m,577889m33z,メンツ＋ターツ＋不要牌,6m 9m,2,7,1,7,12,7.000000,"(7, 2, 7, 12, 7)",1,18,157789m 177889m 257789m 277889m 357789m 357889m 377889m 457789m 457889m 477889m 557789m 557889m 577788m 577789m 577888m 578889m 777889m 778889m
577899m,577899m33z,イーペーリャンカン,6m 8m,2,7,0,7,12,5.888889,"(7, 2, 7, 12, 5.88889)",1,18,157789m 177899m 257789m 277899m 357789m 357899m 377899m 457789m 457899m 477899m 557789m 557899m 577789m 577799m 577999m 578999m 777899m 778999m
112344m,112344m33z,離れシャンポン,1m 4m 3z,3,6,0,8,11,6.800000,"(6, 3, 8, 11, 6.8)",1,15,112234m 112334m 112345m 112346m 112347m 112348m 112349m 113445m 122344m 123344m 123445m 123446m 123447m 123448m 123449m
223455m,223455m33z,離れシャンポン,2m 5m 3z,3,6,0,10,15,8.500000,"(6, 3, 10, 15, 8.5)",1,16,122345m 122355m 123455m 223345m 223445m 223456m 223457m 223458m 223459m 224556m 233455m 234455m 234556m 234557m 234558m 234559m
334566m,334566m33z,離れシャンポン,3m 6m 3z,3,6,0,12,15,9.500000,"(6, 3, 12, 15, 9.5)",1,16,133456m 134566m 233456m 233466m 234566m 334456m 334556m 334567m 334568m 334569m 335667m 344566m 345566m 345667m 345668m 345669m
445677m,445677m33z,離れシャンポン,4m 7m 3z,3,6,0,12,15,9.500000,"(6, 3, 12, 15, 9.5)",1,16,144567m 145677m 244567m 245677m 344567m 344577m 345677m 445567m 445667m 445678m 445679m 446778m 455677m 456677m 456778m 456779m
556788m,556788m33z,離れシャンポン,5m 8m 3z,3,6,0,10,15,8.500000,"(6, 3, 10, 15, 8.5)",1,16,155678m 156788m 255678m 256788m 355678m 356788m 455678m 455688m 456788m 556678m 556778m 556789m 557889m 566788m 567788m 567889m
667899m,667899m33z,離れシャンポン,6m 9m 3z,3,6,0,8,11,6.800000,"(6, 3, 8, 11, 6.8)",1,15,166789m 167899m 266789m 267899m 366789m 367899m 466789m 467899m 566789m 566799m 567899m 667789m 667889m 677899m 678899m
111144m,111144m33z,メンツ＋トイツ＋不要牌,4m 3z,2,4,0,6,12,6.909091,"(4, 2, 6, 12, 6.90909)",1,11,111124m 111134m 111145m 111146m 111244m 111344m 111445m 111446m 111447m 111448m 111449m
111155m,111155m33z,メンツ＋トイツ＋不要牌,5m 3z,2,4,0,7,12,7.000000,"(4, 2, 7, 12, 7)",1,12,111125m 111135m 111145m 111156m 111157m 111255m 111355m 111455m 111556m 111557m 111558m 111559m
111166m,111166m33z,メンツ＋トイツ＋不要牌,6m 3z,2,4,0,6,12,6.461538,"(4, 2, 6, 12, 6.46154)",1,13,111126m 111136m 111146m 111156m 111167m 111168m 111266m 111366m 111466m 111566m 111667m 111668m 111669m
111177m,111177m33z,メンツ＋トイツ＋不要牌,7m 3z,2,4,0,6,12,6.461538,"(4, 2, 6, 12, 6.46154)",1,13,111127m 111137m 111157m 111167m 111178m 111179m 111277m 111377m 111477m 111577m 111677m 111778m 111779m
111188m,111188m33z,メンツ＋トイツ＋不要牌,8m 3z,2,4,0,4,12,5.666667,"(4, 2, 4, 12, 5.66667)",1,12,111128m 111138m 111168m 111178m 111189m 111288m 111388m 111488m 111588m 111688m 111788m 111889m
111199m,111199m33z,メンツ＋トイツ＋不要牌,9m 3z,2,4,0,2,8,4.727273,"(4, 2, 2, 8, 4.72727)",1,11,111129m 111139m 111179m 111189m 111299m 111399m 111499m 111599m 111699m 111799m 111899m
111225m,111225m33z,メンツ＋トイツ＋不要牌,2m 3z,2,4,0,6,12,5.857143,"(4, 2, 6, 12, 5.85714)",1,14,111122m 111125m 111223m 111224m 111226m 111227m 111228m 111229m 111235m 111245m 111255m 111256m 111257m 112235m
111226m,111226m33z,メンツ＋トイツ＋不要牌,2m 3z,2,4,0,7,12,6.000000,"(4, 2, 7, 12, 6)",1,15,111122m 111126m 111223m 111224m 111225m 111227m 111228m 111229m 111236m 111246m 111256m 111266m 111267m 111268m 112236m
111227m,111227m33z,メンツ＋トイツ＋不要牌,2m 3z,2,4,0,6,12,5.625000,"(4, 2, 6, 12, 5.625)",1,16,111122m 111127m 111223m 111224m 111225m 111226m 111228m 111229m 111237m 111247m 111257m 111267m 111277m 111278m 111279m 112237m
111228m,111228m33z,メンツ＋トイツ＋不要牌,2m 3z,2,4,0,5,12,5.466667,"(4, 2, 5, 12, 5.46667)",1,15,111122m 111128m 111223m 111224m 111225m 111226m 111227m 111229m 111238m 111248m 111268m 111278m 111288m 111289m 112238m
111229m,111229m33z,メンツ＋トイツ＋不要牌,2m 3z,2,4,0,4,12,5.285714,"(4, 2, 4, 12, 5.28571)",1,14,111122m 111129m 111223m 111224m 111225m 111226m 111227m 111228m 111239m 111249m 111279m 111289m 111299m 112239m
111255m,111255m33z,メンツ＋トイツ＋不要牌,5m 3z,2,4,0,7,12,6.500000,"(4, 2, 7, 12, 6.5)",1,14,111125m 111155m 111225m 111235m 111245m 111256m 111257m 111355m 111455m 111556m 111557m 111558m 111559m 112355m
111266m,111266m33z,メンツ＋トイツ＋不要牌,6m 3z,2,4,0,8,12,6.600000,"(4, 2, 8, 12, 6.6)",1,15,111126m 111166m 111226m 111236m 111246m 111256m 111267m 111268m 111366m 111466m 111566m 111667m 111668m 111669m 112366m
111277m,111277m33z,メンツ＋トイツ＋不要牌,7m 3z,2,4,0,7,12,6.187500,"(4, 2, 7, 12, 6.1875)",1,16,111127m 111177m 111227m 111237m 111247m 111257m 111267m 111278m 111279m 111377m 111477m 111577m 111677m 111778m 111779m 112377m
111288m,111288m33z,メンツ＋トイツ＋不要牌,8m 3z,2,4,0,5,12,5.533333,"(4, 2, 5, 12, 5.53333)",1,15,111128m 111188m 111228m 111238m 111248m 111268m 111278m 111289m 111388m 111488m 111588m 111688m 111788m 111889m 112388m
111299m,111299m33z,メンツ＋トイツ＋不要牌,9m 3z,2,4,0,3,8,4.785714,"(4, 2, 3, 8, 4.78571)",1,14,111129m 111199m 111229m 111239m 111249m 111279m 111289m 111399m 111499m 111599m 111699m 111799m 111899m 112399m
111336m,111336m33z,メンツ＋トイツ＋不要牌,3m 3z,2,4,0,8,12,6.533333,"(4, 2, 8, 12, 6.53333)",1,15,111133m 111136m 111233m 111236m 111334m 111335m 111337m 111338m 111339m 111346m 111356m 111366m 111367m 111368m 112336m
111337m,111337m33z,メンツ＋トイツ＋不要牌,3m 3z,2,4,0,9,12,6.625000,"(4, 2, 9, 12, 6.625)",1,16,111133m 111137m 111233m 111237m 111334m 111335m 111336m 111338m 111339m 111347m 111357m 111367m 111377m 111378m 111379m 112337m
111338m,111338m33z,メンツ＋トイツ＋不要牌,3m 3z,2,4,0,7,12,6.125000,"(4, 2, 7, 12, 6.125)",1,16,111133m 111138m 111233m 111238m 111334m 111335m 111336m 111337m 111339m 111348m 111358m 111368m 111378m 111388m 111389m 112338m
111339m,111339m33z,メンツ＋トイツ＋不要牌,3m 3z,2,4,0,6,12,6.000000,"(4, 2, 6, 12, 6)",1,15,111133m 111139m 111233m 111239m 111334m 111335m 111336m 111337m 111338m 111349m 111359m 111379m 111389m 111399m 112339m
111366m,111366m33z,メンツ＋トイツ＋不要牌,6m 3z,2,4,0,8,12,6.600000,"(4, 2, 8, 12, 6.6)",1,15,111136m 111166m 111236m 111266m 111336m 111346m 111356m 111367m 111368m 111466m 111566m 111667m 111668m 111669m 112366m
111377m,111377m33z,メンツ＋トイツ＋不要牌,7m 3z,2,4,0,9,12,6.687500,"(4, 2, 9, 12, 6.6875)",1,16,111137m 111177m 111237m 111277m 111337m 111347m 111357m 111367m 111378m 111379m 111477m 111577m 111677m 111778m 111779m 112377m
111388m,111388m33z,メンツ＋トイツ＋不要牌,8m 3z,2,4,0,6,12,5.687500,"(4, 2, 6, 12, 5.6875)",1,16,111138m 111188m 111238m 111288m 111338m 111348m 111358m 111368m 111378m 111389m 111488m 111588m 111688m 111788m 111889m 112388m
111399m,111399m33z,メンツ＋トイツ＋不要牌,9m 3z,2,4,0,4,8,5.000000,"(4, 2, 4, 8, 5)",1,15,111139m 111199m 111239m 111299m 111339m 111349m 111359m 111379m 111389m 111499m 111599m 111699m 111799m 111899m 112399m
111447m,111447m33z,メンツ＋トイツ＋不要牌,4m 3z,2,4,0,8,12,6.857143,"(4, 2, 8, 12, 6.85714)",1,14,111144m 111244m 111247m 111344m 111347m 111445m 111446m 111448m 111449m 111457m 111467m 111477m 111478m 111479m
111448m,111448m33z,メンツ＋トイツ＋不要牌,4m 3z,2,4,0,8,12,6.857143,"(4, 2, 8, 12, 6.85714)",1,14,111144m 111244m 111248m 111344m 111348m 111445m 111446m 111447m 111449m 111458m 111468m 111478m 111488m 111489m
111449m,111449m33z,メンツ＋トイツ＋不要牌,4m 3z,2,4,0,6,12,6.285714,"(4, 2, 6, 12, 6.28571)",1,14,111144m 111244m 111249m 111344m 111349m 111445m 111446m 111447m 111448m 111459m 111469m 111479m 111489m 111499m
111477m,111477m33z,メンツ＋トイツ＋不要牌,7m 3z,2,4,0,8,12,6.857143,"(4, 2, 8, 12, 6.85714)",1,14,111177m 111247m 111277m 111347m 111377m 111447m 111457m 111467m 111478m 111479m 111577m 111677m 111778m 111779m
111488m,111488m33z,メンツ＋トイツ＋不要牌,8m 3z,2,4,0,7,12,6.285714,"(4, 2, 7, 12, 6.28571)",1,14,111188m 111248m 111288m 111348m 111388m 111448m 111458m 111468m 111478m 111489m 111588m 111688m 111788m 111889m
111499m,111499m33z,メンツ＋トイツ＋不要牌,9m 3z,2,4,0,4,8,5.142857,"(4, 2, 4, 8, 5.14286)",1,14,111199m 111249m 111299m 111349m 111399m 111449m 111459m 111469m 111479m 111489m 111599m 111699m 111799m 111899m
111558m,111558m33z,メンツ＋トイツ＋不要牌,5m 3z,2,4,0,7,12,6.769231,"(4, 2, 7, 12, 6.76923)",1,13,111155m 111255m 111355m 111358m 111455m 111458m 111556m 111557m 111559m 111568m 111578m 111588m 111589m
111559m,111559m33z,メンツ＋トイツ＋不要牌,5m 3z,2,4,0,7,12,6.769231,"(4, 2, 7, 12, 6.76923)",1,13,111155m 111255m 111355m 111359m 111455m 111459m 111556m 111557m 111558m 111569m 111579m 111589m 111599m
111588m,111588m33z,メンツ＋トイツ＋不要牌,8m 3z,2,4,0,6,12,6.153846,"(4, 2, 6, 12, 6.15385)",1,13,111188m 111288m 111358m 111388m 111458m 111488m 111558m 111568m 111578m 111589m 111688m 111788m 111889m
111599m,111599m33z,メンツ＋トイツ＋不要牌,9m 3z,2,4,0,5,8,5.538462,"(4, 2, 5, 8, 5.53846)",1,13,111199m 111299m 111359m 111399m 111459m 111499m 111559m 111569m 111579m 111589m 111699m 111799m 111899m
111669m,111669m33z,メンツ＋トイツ＋不要牌,6m 3z,2,4,0,6,12,6.666667,"(4, 2, 6, 12, 6.66667)",1,12,111166m 111266m 111366m 111466m 111469m 111566m 111569m 111667m 111668m 111679m 111689m 111699m
111699m,111699m33z,メンツ＋トイツ＋不要牌,9m 3z,2,4,0,4,8,5.333333,"(4, 2, 4, 8, 5.33333)",1,12,111199m 111299m 111399m 111469m 111499m 111569m 111599m 111669m 111679m 111689m 111799m 111899m
112224m,112224m33z,メンツ＋トイツ＋不要牌,1m 3z,2,4,0,5,10,5.615385,"(4, 2, 5, 10, 5.61538)",1,13,112222m 112223m 112225m 112226m 112227m 112228m 112229m 112234m 122224m 122234m 122244m 122245m 122246m
112225m,112225m33z,メンツ＋トイツ＋不要牌,1m 3z,2,4,0,5,8,5.285714,"(4, 2, 5, 8, 5.28571)",1,14,112222m 112223m 112224m 112226m 112227m 112228m 112229m 112235m 122225m 122235m 122245m 122255m 122256m 122257m
112226m,112226m33z,メンツ＋トイツ＋不要牌,1m 3z,2,4,0,4,8,4.933333,"(4, 2, 4, 8, 4.93333)",1,15,112222m 112223m 112224m 112225m 112227m 112228m 112229m 112236m 122226m 122236m 122246m 122256m 122266m 122267m 122268m
112227m,112227m33z,メンツ＋トイツ＋不要牌,1m 3z,2,4,0,4,8,4.933333,"(4, 2, 4, 8, 4.93333)",1,15,112222m 112223m 112224m 112225m 112226m 112228m 112229m 112237m 122227m 122237m 122257m 122267m 122277m 122278m 122279m
112228m,112228m33z,メンツ＋トイツ＋不要牌,1m 3z,2,4,0,3,8,4.714286,"(4, 2, 3, 8, 4.71429)",1,14,112222m 112223m 112224m 112225m 112226m 112227m 112229m 112238m 122228m 122238m 122268m 122278m 122288m 122289m
112229m,112229m33z,メンツ＋トイツ＋不要牌,1m 3z,2,4,0,2,8,4.461538,"(4, 2, 2, 8, 4.46154)",1,13,112222m 112223m 112224m 112225m 112226m 112227m 112228m 112239m 122229m 122239m 122279m 122289m 122299m
112347m,112347m33z,メンツ＋トイツ＋不要牌,1m 3z,2,4,0,11,11,5.826087,"(4, 2, 11, 11, 5.82609)",1,23,112234m 112237m 112334m 112337m 112344m 112345m 112346m 112348m 112349m 112357m 112367m 112377m 112378m 112379m 113457m 122347m 123347m 123447m 123457m 123467m 123477m 123478m 123479m
112348m,112348m33z,メンツ＋トイツ＋不要牌,1m 3z,2,4,0,10,11,5.727273,"(4, 2, 10, 11, 5.72727)",1,22,112234m 112238m 112334m 112338m 112344m 112345m 112346m 112347m 112349m 112368m 112378m 112388m 112389m 113458m 122348m 123348m 123448m 123458m 123468m 123478m 123488m 123489m
112349m,112349m33z,メンツ＋トイツ＋不要牌,1m 3z,2,4,0,7,11,5.238095,"(4, 2, 7, 11, 5.2381)",1,21,112234m 112239m 112334m 112339m 112344m 112345m 112346m 112347m 112348m 112379m 112389m 112399m 113459m 122349m 123349m 123449m 123459m 123469m 123479m 123489m 123499m
112355m,112355m33z,メンツ＋トイツ＋不要牌,5m 3z,2,4,0,9,12,6.687500,"(4, 2, 9, 12, 6.6875)",1,16,111235m 111255m 111355m 112235m 112335m 112345m 112356m 112357m 113455m 122355m 123355m 123455m 123556m 123557m 123558m 123559m
112366m,112366m33z,メンツ＋トイツ＋不要牌,6m 3z,2,4,0,8,12,6.312500,"(4, 2, 8, 12, 6.3125)",1,16,111236m 111266m 111366m 112236m 112336m 112346m 112356m 112367m 112368m 122366m 123366m 123466m 123566m 123667m 123668m 123669m
112377m,112377m33z,メンツ＋トイツ＋不要牌,7m 3z,2,4,0,7,12,5.941176,"(4, 2, 7, 12, 5.94118)",1,17,111237m 111277m 111377m 112237m 112337m 112347m 112357m 112367m 112378m 112379m 122377m 123377m 123477m 123577m 123677m 123778m 123779m
112388m,112388m33z,メンツ＋トイツ＋不要牌,8m 3z,2,4,0,5,12,5.312500,"(4, 2, 5, 12, 5.3125)",1,16,111238m 111288m 111388m 112238m 112338m 112348m 112368m 112378m 112389m 122388m 123388m 123488m 123588m 123688m 123788m 123889m
112399m,112399m33z,メンツ＋トイツ＋不要牌,9m 3z,2,4,0,3,8,4.600000,"(4, 2, 3, 8, 4.6)",1,15,111239m 111299m 111399m 112239m 112339m 112349m 112379m 112389m 122399m 123399m 123499m 123599m 123699m 123799m 123899m
113334m,113334m33z,メンツ＋トイツ＋不要牌,1m 3z,2,4,0,7,11,6.571429,"(4, 2, 7, 11, 6.57143)",1,14,112333m 112334m 113333m 113335m 113336m 113337m 113338m 113339m 113345m 123334m 133334m 133344m 133345m 133346m
113335m,113335m33z,メンツ＋トイツ＋不要牌,1m 3z,2,4,0,8,11,6.200000,"(4, 2, 8, 11, 6.2)",2,15,112333m 112335m 113333m 113334m 113336m 113337m 113338m 113339m 113345m 123335m 133335m 133345m 133355m 133356m 133357m
113336m,113336m33z,メンツ＋トイツ＋不要牌,1m 3z,2,4,0,4,8,4.933333,"(4, 2, 4, 8, 4.93333)",2,15,112333m 112336m 113333m 113334m 113335m 113337m 113338m 113339m 123336m 133336m 133346m 133356m 133366m 133367m 133368m
113337m,113337m33z,メンツ＋トイツ＋不要牌,1m 3z,2,4,0,4,8,4.933333,"(4, 2, 4, 8, 4.93333)",2,15,112333m 112337m 113333m 113334m 113335m 113336m 113338m 113339m 123337m 133337m 133357m 133367m 133377m 133378m 133379m
113338m,113338m33z,メンツ＋トイツ＋不要牌,1m 3z,2,4,0,3,8,4.714286,"(4, 2, 3, 8, 4.71429)",2,14,112333m 112338m 113333m 113334m 113335m 113336m 113337m 113339m 123338m 133338m 133368m 133378m 133388m 133389m
113339m,113339m33z,メンツ＋トイツ＋不要牌,1m 3z,2,4,0,2,8,4.461538,"(4, 2, 2, 8, 4.46154)",2,13,112333m 112339m 113333m 113334m 113335m 113336m 113337m 113338m 123339m 133339m 133379m 133389m 133399m
113445m,113445m33z,メンツ＋トイツ＋不要牌,1m 3z,2,4,0,10,11,6.500000,"(4, 2, 10, 11, 6.5)",1,16,112344m 112345m 113345m 113444m 113455m 113456m 113457m 113458m 113459m 114445m 114456m 123445m 133445m 134445m 134455m 134456m
113455m,113455m33z,メンツ＋トイツ＋不要牌,1m 3z,2,4,0,9,11,6.470588,"(4, 2, 9, 11, 6.47059)",1,17,112345m 112355m 113345m 113445m 113456m 113457m 113458m 113459m 113555m 114555m 114556m 123455m 133455m 134455m 134555m 134556m 134557m
113457m,113457m33z,メンツ＋トイツ＋不要牌,1m 3z,2,4,0,7,11,5.833333,"(4, 2, 7, 11, 5.83333)",1,18,112345m 112347m 112357m 113345m 113445m 113455m 113456m 113458m 113459m 113567m 114567m 123457m 133457m 134557m 134567m 134577m 134578m 134579m
113458m,113458m33z,メンツ＋トイツ＋不要牌,1m 3z,2,4,0,6,11,5.733333,"(4, 2, 6, 11, 5.73333)",1,15,112345m 112348m 113345m 113445m 113455m 113456m 113457m 113459m 114568m 123458m 133458m 134568m 134578m 134588m 134589m
113459m,113459m33z,メンツ＋トイツ＋不要牌,1m 3z,2,4,0,4,11,5.200000,"(4, 2, 4, 11, 5.2)",1,15,112345m 112349m 113345m 113445m 113455m 113456m 113457m 113458m 114569m 123459m 133459m 134569m 134579m 134589m 134599m
114444m,114444m33z,メンツ＋トイツ＋不要牌,1m 3z,2,4,0,4,8,5.454545,"(4, 2, 4, 8, 5.45455)",1,11,112444m 113444m 114445m 114446m 114447m 114448m 114449m 124444m 134444m 144445m 144446m
114445m,114445m33z,メンツ＋トイツ＋不要牌,1m 3z,2,4,0,5,8,5.200000,"(4, 2, 5, 8, 5.2)",1,15,112444m 113444m 113445m 114444m 114446m 114447m 114448m 114449m 114456m 124445m 134445m 144445m 144455m 144456m 144457m
114446m,114446m33z,メンツ＋トイツ＋不要牌,1m 3z,2,4,0,4,8,5.000000,"(4, 2, 4, 8, 5)",1,15,112444m 113444m 114444m 114445m 114447m 114448m 114449m 114456m 124446m 134446m 144446m 144456m 144466m 144467m 144468m
114447m,114447m33z,メンツ＋トイツ＋不要牌,1m 3z,2,4,0,4,8,5.142857,"(4, 2, 4, 8, 5.14286)",1,14,112444m 113444m 114444m 114445m 114446m 114448m 114449m 124447m 134447m 144457m 144467m 144477m 144478m 144479m
114448m,114448m33z,メンツ＋トイツ＋不要牌,1m 3z,2,4,0,3,8,4.923077,"(4, 2, 3, 8, 4.92308)",1,13,112444m 113444m 114444m 114445m 114446m 114447m 114449m 124448m 134448m 144468m 144478m 144488m 144489m
114449m,114449m33z,メンツ＋トイツ＋不要牌,1m 3z,2,4,0,2,8,4.666667,"(4, 2, 2, 8, 4.66667)",1,12,112444m 113444m 114444m 114445m 114446m 114447m 114448m 124449m 134449m 144479m 144489m 144499m
114456m,114456m33z,メンツ＋トイツ＋不要牌,1m 3z,2,4,0,5,8,5.000000,"(4, 2, 5, 8, 5)",1,16,112456m 113445m 113456m 114445m 114446m 114556m 114566m 114567m 114568m 114569m 124456m 134456m 144456m 144556m 144566m 144567m
114555m,114555m33z,メンツ＋トイツ＋不要牌,1m 3z,2,4,0,4,8,5.000000,"(4, 2, 4, 8, 5)",1,14,112555m 113455m 113555m 114556m 115555m 115556m 115557m 115558m 115559m 124555m 134555m 144555m 145555m 145556m
114556m,114556m33z,メンツ＋トイツ＋不要牌,1m 3z,2,4,0,6,11,5.352941,"(4, 2, 6, 11, 5.35294)",1,17,112456m 113455m 113456m 114456m 114555m 114566m 114567m 114568m 114569m 115556m 115567m 124556m 134556m 144556m 145556m 145566m 145567m
114566m,114566m33z,メンツ＋トイツ＋不要牌,1m 3z,2,4,0,6,8,5.176471,"(4, 2, 6, 8, 5.17647)",1,17,112456m 113456m 114456m 114556m 114567m 114568m 114569m 114666m 115666m 115667m 124566m 134566m 144566m 145566m 145666m 145667m 145668m
114567m,114567m33z,メンツ＋トイツ＋不要牌,1m 3z,2,4,0,8,11,5.500000,"(4, 2, 8, 11, 5.5)",1,24,112456m 112567m 113456m 113457m 113567m 114456m 114556m 114566m 114568m 114569m 114678m 115567m 115667m 115677m 115678m 115679m 124567m 134567m 144567m 145567m 145667m 145677m 145678m 145679m
114568m,114568m33z,メンツ＋トイツ＋不要牌,1m 3z,2,4,0,4,11,5.187500,"(4, 2, 4, 11, 5.1875)",1,16,112456m 113456m 113458m 114456m 114556m 114566m 114567m 114569m 114678m 115678m 124568m 134568m 145668m 145678m 145688m 145689m
114569m,114569m33z,メンツ＋トイツ＋不要牌,1m 3z,2,4,0,2,8,4.571429,"(4, 2, 2, 8, 4.57143)",1,14,112456m 113456m 113459m 114456m 114556m 114566m 114567m 114568m 115679m 124569m 134569m 145679m 145689m 145699m
114666m,114666m33z,メンツ＋トイツ＋不要牌,1m 3z,2,4,0,4,8,5.153846,"(4, 2, 4, 8, 5.15385)",1,13,112666m 113666m 114566m 115666m 116666m 116667m 116668m 116669m 124666m 134666m 144666m 145666m 146666m
114678m,114678m33z,メンツ＋トイツ＋不要牌,1m 3z,2,4,0,4,11,5.187500,"(4, 2, 4, 11, 5.1875)",1,16,112678m 113678m 114567m 114568m 114789m 115678m 116678m 116778m 116788m 116789m 124678m 134678m 144678m 145678m 146678m 146789m
114777m,114777m33z,メンツ＋トイツ＋不要牌,1m 3z,2,4,0,4,8,5.333333,"(4, 2, 4, 8, 5.33333)",1,12,112777m 113777m 115777m 116777m 117777m 117778m 117779m 124777m 134777m 144777m 145777m 146777m
114789m,114789m33z,メンツ＋トイツ＋不要牌,1m 3z,2,4,0,4,8,5.230769,"(4, 2, 4, 8, 5.23077)",1,13,112789m 113789m 114678m 115789m 116789m 117789m 117889m 117899m 124789m 134789m 144789m 145789m 146789m
114888m,114888m33z,メンツ＋トイツ＋不要牌,1m 3z,2,4,0,4,8,5.333333,"(4, 2, 4, 8, 5.33333)",1,12,112888m 113888m 115888m 116888m 117888m 118888m 118889m 124888m 134888m 144888m 145888m 146888m
114999m,114999m33z,メンツ＋トイツ＋不要牌,1m 3z,2,4,0,4,8,5.333333,"(4, 2, 4, 8, 5.33333)",1,12,112999m 113999m 115999m 116999m 117999m 118999m 119999m 124999m 134999m 144999m 145999m 146999m
115555m,115555m33z,メンツ＋トイツ＋不要牌,1m 3z,2,4,0,5,8,5.666667,"(4, 2, 5, 8, 5.66667)",1,12,112555m 113555m 114555m 115556m 115557m 115558m 115559m 125555m 135555m 145555m 155556m 155557m
115556m,115556m33z,メンツ＋トイツ＋不要牌,1m 3z,2,4,0,4,8,4.875000,"(4, 2, 4, 8, 4.875)",1,16,112555m 113555m 114555m 114556m 115555m 115557m 115558m 115559m 115567m 125556m 135556m 145556m 155556m 155566m 155567m 155568m
115557m,115557m33z,メンツ＋トイツ＋不要牌,1m 3z,2,4,0,4,8,5.000000,"(4, 2, 4, 8, 5)",1,15,112555m 113555m 114555m 115555m 115556m 115558m 115559m 115567m 125557m 135557m 155557m 155567m 155577m 155578m 155579m
115558m,115558m33z,メンツ＋トイツ＋不要牌,1m 3z,2,4,0,3,8,4.923077,"(4, 2, 3, 8, 4.92308)",1,13,112555m 113555m 114555m 115555m 115556m 115557m 115559m 125558m 135558m 155568m 155578m 155588m 155589m
115559m,115559m33z,メンツ＋トイツ＋不要牌,1m 3z,2,4,0,2,8,4.666667,"(4, 2, 2, 8, 4.66667)",1,12,112555m 113555m 114555m 115555m 115556m 115557m 115558m 125559m 135559m 155579m 155589m 155599m
115567m,115567m33z,メンツ＋トイツ＋不要牌,1m 3z,2,4,0,6,8,5.176471,"(4, 2, 6, 8, 5.17647)",1,17,112567m 113567m 114556m 114567m 115556m 115557m 115667m 115677m 115678m 115679m 125567m 135567m 145567m 155567m 155667m 155677m 155678m
115666m,115666m33z,メンツ＋トイツ＋不要牌,1m 3z,2,4,0,5,8,5.200000,"(4, 2, 5, 8, 5.2)",1,15,112666m 113666m 114566m 114666m 115667m 116666m 116667m 116668m 116669m 125666m 135666m 145666m 155666m 156666m 156667m
115667m,115667m33z,メンツ＋トイツ＋不要牌,1m 3z,2,4,0,6,8,5.055556,"(4, 2, 6, 8, 5.05556)",1,18,112567m 113567m 114566m 114567m 115567m 115666m 115677m 115678m 115679m 116667m 116678m 125667m 135667m 145667m 155667m 156667m 156677m 156678m
115677m,115677m33z,メンツ＋トイツ＋不要牌,1m 3z,2,4,0,5,8,4.888889,"(4, 2, 5, 8, 4.88889)",1,18,112567m 113567m 114567m 115567m 115667m 115678m 115679m 115777m 116777m 116778m 125677m 135677m 145677m 155677m 156677m 156777m 156778m 156779m
115678m,115678m33z,メンツ＋トイツ＋不要牌,1m 3z,2,4,0,9,11,5.500000,"(4, 2, 9, 11, 5.5)",1,24,112567m 112678m 113567m 113678m 114567m 114568m 114678m 115567m 115667m 115677m 115679m 115789m 116678m 116778m 116788m 116789m 125678m 135678m 145678m 155678m 156678m 156778m 156788m 156789m
115679m,115679m33z,メンツ＋トイツ＋不要牌,1m 3z,2,4,0,3,8,4.687500,"(4, 2, 3, 8, 4.6875)",1,16,112567m 113567m 114567m 114569m 115567m 115667m 115677m 115678m 115789m 116789m 125679m 135679m 145679m 156779m 156789m 156799m
115777m,115777m33z,メンツ＋トイツ＋不要牌,1m 3z,2,4,0,5,8,5.357143,"(4, 2, 5, 8, 5.35714)",1,14,112777m 113777m 114777m 115677m 116777m 117777m 117778m 117779m 125777m 135777m 145777m 155777m 156777m 157777m
115789m,115789m33z,メンツ＋トイツ＋不要牌,1m 3z,2,4,0,5,8,5.266667,"(4, 2, 5, 8, 5.26667)",1,15,112789m 113789m 114789m 115678m 115679m 116789m 117789m 117889m 117899m 125789m 135789m 145789m 155789m 156789m 157789m
115888m,115888m33z,メンツ＋トイツ＋不要牌,1m 3z,2,4,0,5,8,5.538462,"(4, 2, 5, 8, 5.53846)",1,13,112888m 113888m 114888m 116888m 117888m 118888m 118889m 125888m 135888m 145888m 155888m 156888m 157888m
115999m,115999m33z,メンツ＋トイツ＋不要牌,1m 3z,2,4,0,5,8,5.538462,"(4, 2, 5, 8, 5.53846)",1,13,112999m 113999m 114999m 116999m 117999m 118999m 119999m 125999m 135999m 145999m 155999m 156999m 157999m
116666m,116666m33z,メンツ＋トイツ＋不要牌,1m 3z,2,4,0,4,8,5.230769,"(4, 2, 4, 8, 5.23077)",1,13,112666m 113666m 114666m 115666m 116667m 116668m 116669m 126666m 136666m 146666m 156666m 166667m 166668m
116667m,116667m33z,メンツ＋トイツ＋不要牌,1m 3z,2,4,0,4,8,4.875000,"(4, 2, 4, 8, 4.875)",1,16,112666m 113666m 114666m 115666m 115667m 116666m 116668m 116669m 116678m 126667m 136667m 156667m 166667m 166677m 166678m 166679m
116668m,116668m33z,メンツ＋トイツ＋不要牌,1m 3z,2,4,0,3,8,4.785714,"(4, 2, 3, 8, 4.78571)",1,14,112666m 113666m 114666m 115666m 116666m 116667m 116669m 116678m 126668m 136668m 166668m 166678m 166688m 166689m
116669m,116669m33z,メンツ＋トイツ＋不要牌,1m 3z,2,4,0,2,8,4.666667,"(4, 2, 2, 8, 4.66667)",1,12,112666m 113666m 114666m 115666m 116666m 116667m 116668m 126669m 136669m 166679m 166689m 166699m
116678m,116678m33z,メンツ＋トイツ＋不要牌,1m 3z,2,4,0,5,8,4.888889,"(4, 2, 5, 8, 4.88889)",1,18,112678m 113678m 114678m 115667m 115678m 116667m 116668m 116778m 116788m 116789m 126678m 136678m 146678m 156678m 166678m 166778m 166788m 166789m
116777m,116777m33z,メンツ＋トイツ＋不要牌,1m 3z,2,4,0,4,8,4.875000,"(4, 2, 4, 8, 4.875)",1,16,112777m 113777m 114777m 115677m 115777m 116778m 117777m 117778m 117779m 126777m 136777m 146777m 156777m 166777m 167777m 167778m
116778m,116778m33z,メンツ＋トイツ＋不要牌,1m 3z,2,4,0,6,8,5.055556,"(4, 2, 6, 8, 5.05556)",1,18,112678m 113678m 114678m 115677m 115678m 116678m 116777m 116788m 116789m 117778m 117789m 126778m 136778m 156778m 166778m 167778m 167788m 167789m
116788m,116788m33z,メンツ＋トイツ＋不要牌,1m 3z,2,4,0,4,8,4.705882,"(4, 2, 4, 8, 4.70588)",1,17,112678m 113678m 114678m 115678m 116678m 116778m 116789m 116888m 117888m 117889m 126788m 136788m 156788m 166788m 167788m 167888m 167889m
116789m,116789m33z,メンツ＋トイツ＋不要牌,1m 3z,2,4,0,6,8,4.913043,"(4, 2, 6, 8, 4.91304)",1,23,112678m 112789m 113678m 113789m 114678m 114789m 115678m 115679m 115789m 116678m 116778m 116788m 117789m 117889m 117899m 126789m 136789m 146789m 156789m 166789m 167789m 167889m 167899m
116888m,116888m33z,メンツ＋トイツ＋不要牌,1m 3z,2,4,0,4,8,5.000000,"(4, 2, 4, 8, 5)",1,15,112888m 113888m 114888m 115888m 116788m 117888m 118888m 118889m 126888m 136888m 146888m 156888m 166888m 167888m 168888m
116999m,116999m33z,メンツ＋トイツ＋不要牌,1m 3z,2,4,0,4,8,5.142857,"(4, 2, 4, 8, 5.14286)",1,14,112999m 113999m 114999m 115999m 117999m 118999m 119999m 126999m 136999m 146999m 156999m 166999m 167999m 168999m
117777m,117777m33z,メンツ＋トイツ＋不要牌,1m 3z,2,4,0,4,8,5.230769,"(4, 2, 4, 8, 5.23077)",1,13,112777m 113777m 114777m 115777m 116777m 117778m 117779m 127777m 137777m 157777m 167777m 177778m 177779m
117778m,117778m33z,メンツ＋トイツ＋不要牌,1m 3z,2,4,0,3,8,4.666667,"(4, 2, 3, 8, 4.66667)",1,15,112777m 113777m 114777m 115777m 116777m 116778m 117777m 117779m 117789m 127778m 137778m 167778m 177778m 177788m 177789m
117779m,117779m33z,メンツ＋トイツ＋不要牌,1m 3z,2,4,0,2,8,4.538462,"(4, 2, 2, 8, 4.53846)",1,13,112777m 113777m 114777m 115777m 116777m 117777m 117778m 117789m 127779m 137779m 177779m 177789m 177799m
117789m,117789m33z,メンツ＋トイツ＋不要牌,1m 3z,2,4,0,4,8,4.705882,"(4, 2, 4, 8, 4.70588)",1,17,112789m 113789m 114789m 115789m 116778m 116789m 117778m 117779m 117889m 117899m 127789m 137789m 157789m 167789m 177789m 177889m 177899m
117888m,117888m33z,メンツ＋トイツ＋不要牌,1m 3z,2,4,0,4,8,4.875000,"(4, 2, 4, 8, 4.875)",1,16,112888m 113888m 114888m 115888m 116788m 116888m 117889m 118888m 118889m 127888m 137888m 157888m 167888m 177888m 178888m 178889m
117889m,117889m33z,メンツ＋トイツ＋不要牌,1m 3z,2,4,0,3,8,4.500000,"(4, 2, 3, 8, 4.5)",1,16,112789m 113789m 114789m 115789m 116788m 116789m 117789m 117888m 117899m 118889m 127889m 137889m 167889m 177889m 178889m 178899m
117899m,117899m33z,メンツ＋トイツ＋不要牌,1m 3z,2,4,0,3,8,4.600000,"(4, 2, 3, 8, 4.6)",1,15,112789m 113789m 114789m 115789m 116789m 117789m 117889m 117999m 118999m 127899m 137899m 167899m 177899m 178899m 178999m
117999m,117999m33z,メンツ＋トイツ＋不要牌,1m 3z,2,4,0,4,8,5.000000,"(4, 2, 4, 8, 5)",1,15,112999m 113999m 114999m 115999m 116999m 117899m 118999m 119999m 127999m 137999m 157999m 167999m 177999m 178999m 179999m
118888m,118888m33z,メンツ＋トイツ＋不要牌,1m 3z,2,4,0,3,8,5.000000,"(4, 2, 3, 8, 5)",1,12,112888m 113888m 114888m 115888m 116888m 117888m 118889m 128888m 138888m 168888m 178888m 188889m
118889m,118889m33z,メンツ＋トイツ＋不要牌,1m 3z,2,4,0,2,8,4.538462,"(4, 2, 2, 8, 4.53846)",1,13,112888m 113888m 114888m 115888m 116888m 117888m 117889m 118888m 128889m 138889m 178889m 188889m 188899m
118999m,118999m33z,メンツ＋トイツ＋不要牌,1m 3z,2,4,0,3,8,4.785714,"(4, 2, 3, 8, 4.78571)",1,14,112999m 113999m 114999m 115999m 116999m 117899m 117999m 119999m 128999m 138999m 168999m 178999m 188999m 189999m
119999m,119999m33z,メンツ＋トイツ＋不要牌,1m 3z,2,4,0,2,8,4.727273,"(4, 2, 2, 8, 4.72727)",1,11,112999m 113999m 114999m 115999m 116999m 117999m 118999m 129999m 139999m 179999m 189999m
122244m,122244m33z,メンツ＋トイツ＋不要牌,4m 3z,2,4,0,7,12,6.846154,"(4, 2, 7, 12, 6.84615)",1,13,112224m 122224m 122234m 122245m 122246m 122344m 222244m 222344m 222445m 222446m 222447m 222448m 222449m
122255m,122255m33z,メンツ＋トイツ＋不要牌,5m 3z,2,4,0,7,12,6.500000,"(4, 2, 7, 12, 6.5)",1,14,112225m 122225m 122235m 122245m 122256m 122257m 122355m 222255m 222355m 222455m 222556m 222557m 222558m 222559m
122266m,122266m33z,メンツ＋トイツ＋不要牌,6m 3z,2,4,0,6,12,6.066667,"(4, 2, 6, 12, 6.06667)",1,15,112226m 122226m 122236m 122246m 122256m 122267m 122268m 122366m 222266m 222366m 222466m 222566m 222667m 222668m 222669m
122277m,122277m33z,メンツ＋トイツ＋不要牌,7m 3z,2,4,0,6,12,6.066667,"(4, 2, 6, 12, 6.06667)",1,15,112227m 122227m 122237m 122257m 122267m 122278m 122279m 122377m 222277m 222377m 222477m 222577m 222677m 222778m 222779m
122288m,122288m33z,メンツ＋トイツ＋不要牌,8m 3z,2,4,0,4,12,5.357143,"(4, 2, 4, 12, 5.35714)",1,14,112228m 122228m 122238m 122268m 122278m 122289m 122388m 222288m 222388m 222488m 222588m 222688m 222788m 222889m
122299m,122299m33z,メンツ＋トイツ＋不要牌,9m 3z,2,4,0,2,8,4.538462,"(4, 2, 2, 8, 4.53846)",1,13,112229m 122229m 122239m 122279m 122289m 122399m 222299m 222399m 222499m 222599m 222699m 222799m 222899m
122355m,122355m33z,メンツ＋トイツ＋不要牌,5m 3z,2,4,0,10,12,6.812500,"(4, 2, 10, 12, 6.8125)",1,16,112235m 112355m 122235m 122255m 122335m 122345m 122356m 122357m 123355m 123455m 123556m 123557m 123558m 123559m 222355m 223455m
122366m,122366m33z,メンツ＋トイツ＋不要牌,6m 3z,2,4,0,8,12,6.117647,"(4, 2, 8, 12, 6.11765)",1,17,112236m 112366m 122236m 122266m 122336m 122346m 122356m 122367m 122368m 123366m 123466m 123566m 123667m 123668m 123669m 222366m 223466m
122377m,122377m33z,メンツ＋トイツ＋不要牌,7m 3z,2,4,0,7,12,5.777778,"(4, 2, 7, 12, 5.77778)",1,18,112237m 112377m 122237m 122277m 122337m 122347m 122357m 122367m 122378m 122379m 123377m 123477m 123577m 123677m 123778m 123779m 222377m 223477m
122388m,122388m33z,メンツ＋トイツ＋不要牌,8m 3z,2,4,0,5,12,5.176471,"(4, 2, 5, 12, 5.17647)",1,17,112238m 112388m 122238m 122288m 122338m 122348m 122368m 122378m 122389m 123388m 123488m 123588m 123688m 123788m 123889m 222388m 223488m
122399m,122399m33z,メンツ＋トイツ＋不要牌,9m 3z,2,4,0,3,8,4.500000,"(4, 2, 3, 8, 4.5)",1,16,112239m 112399m 122239m 122299m 122339m 122349m 122379m 122389m 123399m 123499m 123599m 123699m 123799m 123899m 222399m 223499m
123366m,123366m33z,メンツ＋トイツ＋不要牌,6m 3z,2,4,0,8,12,6.117647,"(4, 2, 8, 12, 6.11765)",1,17,112336m 112366m 122336m 122366m 123336m 123346m 123356m 123367m 123368m 123466m 123566m 123667m 123668m 123669m 133366m 233366m 233466m
123377m,123377m33z,メンツ＋トイツ＋不要牌,7m 3z,2,4,0,9,12,6.222222,"(4, 2, 9, 12, 6.22222)",1,18,112337m 112377m 122337m 122377m 123337m 123347m 123357m 123367m 123378m 123379m 123477m 123577m 123677m 123778m 123779m 133377m 233377m 233477m
123388m,123388m33z,メンツ＋トイツ＋不要牌,8m 3z,2,4,0,6,12,5.333333,"(4, 2, 6, 12, 5.33333)",1,18,112338m 112388m 122338m 122388m 123338m 123348m 123358m 123368m 123378m 123389m 123488m 123588m 123688m 123788m 123889m 133388m 233388m 233488m
123399m,123399m33z,メンツ＋トイツ＋不要牌,9m 3z,2,4,0,4,8,4.705882,"(4, 2, 4, 8, 4.70588)",1,17,112339m 112399m 122339m 122399m 123339m 123349m 123359m 123379m 123389m 123499m 123599m 123699m 123799m 123899m 133399m 233399m 233499m
123447m,123447m33z,メンツ＋トイツ＋不要牌,4m 3z,2,4,0,13,11,6.227273,"(4, 2, 13, 11, 6.22727)",1,22,112344m 112347m 122344m 122347m 123344m 123347m 123445m 123446m 123448m 123449m 123457m 123467m 123477m 123478m 123479m 223447m 233447m 234457m 234467m 234477m 234478m 234479m
123448m,123448m33z,メンツ＋トイツ＋不要牌,4m 3z,2,4,0,13,11,6.227273,"(4, 2, 13, 11, 6.22727)",1,22,112344m 112348m 122344m 122348m 123344m 123348m 123445m 123446m 123447m 123449m 123458m 123468m 123478m 123488m 123489m 223448m 233448m 234458m 234468m 234478m 234488m 234489m
123449m,123449m33z,メンツ＋トイツ＋不要牌,4m 3z,2,4,0,9,11,5.500000,"(4, 2, 9, 11, 5.5)",1,22,112344m 112349m 122344m 122349m 123344m 123349m 123445m 123446m 123447m 123448m 123459m 123469m 123479m 123489m 123499m 223449m 233449m 234459m 234469m 234479m 234489m 234499m
123477m,123477m33z,メンツ＋トイツ＋不要牌,7m 3z,2,4,0,12,12,6.652174,"(4, 2, 12, 12, 6.65217)",1,23,112347m 112377m 122347m 122377m 123347m 123377m 123447m 123457m 123467m 123478m 123479m 123577m 123677m 123778m 123779m 134577m 223477m 233477m 234477m 234577m 234677m 234778m 234779m
123488m,123488m33z,メンツ＋トイツ＋不要牌,8m 3z,2,4,0,10,12,5.956522,"(4, 2, 10, 12, 5.95652)",1,23,112348m 112388m 122348m 122388m 123348m 123388m 123448m 123458m 123468m 123478m 123489m 123588m 123688m 123788m 123889m 134588m 223488m 233488m 234488m 234588m 234688m 234788m 234889m
123499m,123499m33z,メンツ＋トイツ＋不要牌,9m 3z,2,4,0,6,8,4.913043,"(4, 2, 6, 8, 4.91304)",1,23,112349m 112399m 122349m 122399m 123349m 123399m 123449m 123459m 123469m 123479m 123489m 123599m 123699m 123799m 123899m 134599m 223499m 233499m 234499m 234599m 234699m 234799m 234899m
123558m,123558m33z,メンツ＋トイツ＋不要牌,5m 3z,2,4,0,7,12,6.428571,"(4, 2, 7, 12, 6.42857)",1,14,112355m 122355m 123355m 123358m 123455m 123458m 123556m 123557m 123559m 123568m 123578m 123588m 123589m 234558m
123559m,123559m33z,メンツ＋トイツ＋不要牌,5m 3z,2,4,0,7,12,6.428571,"(4, 2, 7, 12, 6.42857)",1,14,112355m 122355m 123355m 123359m 123455m 123459m 123556m 123557m 123558m 123569m 123579m 123589m 123599m 234559m
123588m,123588m33z,メンツ＋トイツ＋不要牌,8m 3z,2,4,0,6,12,5.800000,"(4, 2, 6, 12, 5.8)",1,15,112388m 122388m 123358m 123388m 123458m 123488m 123558m 123568m 123578m 123589m 123688m 123788m 123889m 134588m 234588m
123599m,123599m33z,メンツ＋トイツ＋不要牌,9m 3z,2,4,0,5,8,5.266667,"(4, 2, 5, 8, 5.26667)",1,15,112399m 122399m 123359m 123399m 123459m 123499m 123559m 123569m 123579m 123589m 123699m 123799m 123899m 134599m 234599m
123669m,123669m33z,メンツ＋トイツ＋不要牌,6m 3z,2,4,0,6,12,6.461538,"(4, 2, 6, 12, 6.46154)",1,13,112366m 122366m 123366m 123466m 123469m 123566m 123569m 123667m 123668m 123679m 123689m 123699m 234669m
123699m,123699m33z,メンツ＋トイツ＋不要牌,9m 3z,2,4,0,4,8,5.230769,"(4, 2, 4, 8, 5.23077)",1,13,112399m 122399m 123399m 123469m 123499m 123569m 123599m 123669m 123679m 123689m 123799m 123899m 234699m
133344m,133344m33z,メンツ＋トイツ＋不要牌,4m 3z,2,4,0,9,16,8.214286,"(4, 2, 9, 16, 8.21429)",1,14,113334m 123334m 123344m 133334m 133345m 133346m 133445m 233344m 333344m 333445m 333446m 333447m 333448m 333449m
133355m,133355m33z,メンツ＋トイツ＋不要牌,5m 3z,2,4,0,10,12,7.266667,"(4, 2, 10, 12, 7.26667)",1,15,113335m 123335m 123355m 133335m 133345m 133356m 133357m 133455m 233355m 333355m 333455m 333556m 333557m 333558m 333559m
133366m,133366m33z,メンツ＋トイツ＋不要牌,6m 3z,2,4,0,6,12,6.066667,"(4, 2, 6, 12, 6.06667)",1,15,113336m 123336m 123366m 133336m 133346m 133356m 133367m 133368m 233366m 333366m 333466m 333566m 333667m 333668m 333669m
133377m,133377m33z,メンツ＋トイツ＋不要牌,7m 3z,2,4,0,6,12,6.066667,"(4, 2, 6, 12, 6.06667)",1,15,113337m 123337m 123377m 133337m 133357m 133367m 133378m 133379m 233377m 333377m 333477m 333577m 333677m 333778m 333779m
133388m,133388m33z,メンツ＋トイツ＋不要牌,8m 3z,2,4,0,4,12,5.357143,"(4, 2, 4, 12, 5.35714)",1,14,113338m 123338m 123388m 133338m 133368m 133378m 133389m 233388m 333388m 333488m 333588m 333688m 333788m 333889m
133399m,133399m33z,メンツ＋トイツ＋不要牌,9m 3z,2,4,0,2,8,4.538462,"(4, 2, 2, 8, 4.53846)",1,13,113339m 123339m 123399m 133339m 133379m 133389m 233399m 333399m 333499m 333599m 333699m 333799m 333899m
134577m,134577m33z,メンツ＋トイツ＋不要牌,7m 3z,2,4,0,9,15,6.722222,"(4, 2, 9, 15, 6.72222)",1,18,113457m 123457m 123477m 123577m 133457m 134557m 134567m 134578m 134579m 135677m 145677m 234577m 334577m 344577m 345577m 345677m 345778m 345779m
134588m,134588m33z,メンツ＋トイツ＋不要牌,8m 3z,2,4,0,6,12,5.687500,"(4, 2, 6, 12, 5.6875)",1,16,113458m 123458m 123488m 123588m 133458m 134568m 134578m 134589m 145688m 234588m 334588m 344588m 345588m 345688m 345788m 345889m
134599m,134599m33z,メンツ＋トイツ＋不要牌,9m 3z,2,4,0,3,8,4.687500,"(4, 2, 3, 8, 4.6875)",1,16,113459m 123459m 123499m 123599m 133459m 134569m 134579m 134589m 145699m 234599m 334599m 344599m 345599m 345699m 345799m 345899m
144455m,144455m33z,メンツ＋トイツ＋不要牌,5m 3z,2,4,0,9,16,7.200000,"(4, 2, 9, 16, 7.2)",1,15,114445m 124445m 134445m 134455m 144445m 144456m 144457m 144556m 244455m 344455m 444455m 444556m 444557m 444558m 444559m
144466m,144466m33z,メンツ＋トイツ＋不要牌,6m 3z,2,4,0,6,12,6.000000,"(4, 2, 6, 12, 6)",1,15,114446m 124446m 134446m 144446m 144456m 144467m 144468m 144566m 244466m 344466m 444466m 444566m 444667m 444668m 444669m
144477m,144477m33z,メンツ＋トイツ＋不要牌,7m 3z,2,4,0,6,12,6.285714,"(4, 2, 6, 12, 6.28571)",1,14,114447m 124447m 134447m 144457m 144467m 144478m 144479m 244477m 344477m 444477m 444577m 444677m 444778m 444779m
144488m,144488m33z,メンツ＋トイツ＋不要牌,8m 3z,2,4,0,4,12,5.538462,"(4, 2, 4, 12, 5.53846)",1,13,114448m 124448m 134448m 144468m 144478m 144489m 244488m 344488m 444488m 444588m 444688m 444788m 444889m
144499m,144499m33z,メンツ＋トイツ＋不要牌,9m 3z,2,4,0,2,8,4.666667,"(4, 2, 2, 8, 4.66667)",1,12,114449m 124449m 134449m 144479m 144489m 244499m 344499m 444499m 444599m 444699m 444799m 444899m
144555m,144555m33z,メンツ＋トイツ＋不要牌,4m 3z,2,4,0,8,16,7.142857,"(4, 2, 8, 16, 7.14286)",1,14,114555m 124555m 134455m 134555m 144556m 145555m 145556m 244555m 344555m 445555m 445556m 445557m 445558m 445559m
144567m,144567m33z,メンツ＋トイツ＋不要牌,4m 3z,2,4,0,13,15,7.380952,"(4, 2, 13, 15, 7.38095)",1,21,114456m 114567m 124456m 124567m 134456m 134567m 144556m 144566m 144678m 145567m 145667m 145677m 145678m 145679m 244567m 344567m 445567m 445667m 445677m 445678m 445679m
144666m,144666m33z,メンツ＋トイツ＋不要牌,4m 3z,2,4,0,6,12,6.307692,"(4, 2, 6, 12, 6.30769)",1,13,114666m 124666m 134666m 144566m 145666m 146666m 244666m 344666m 445666m 446666m 446667m 446668m 446669m
144678m,144678m33z,メンツ＋トイツ＋不要牌,4m 3z,2,4,0,7,15,6.800000,"(4, 2, 7, 15, 6.8)",1,15,114678m 124678m 134678m 144567m 144789m 145678m 146678m 146789m 244678m 344678m 445678m 446678m 446778m 446788m 446789m
144777m,144777m33z,メンツ＋トイツ＋不要牌,4m 3z,2,4,0,6,12,6.666667,"(4, 2, 6, 12, 6.66667)",1,12,114777m 124777m 134777m 145777m 146777m 244777m 344777m 445777m 446777m 447777m 447778m 447779m
144789m,144789m33z,メンツ＋トイツ＋不要牌,4m 3z,2,4,0,6,12,6.461538,"(4, 2, 6, 12, 6.46154)",1,13,114789m 124789m 134789m 144678m 145789m 146789m 244789m 344789m 445789m 446789m 447789m 447889m 447899m
144888m,144888m33z,メンツ＋トイツ＋不要牌,4m 3z,2,4,0,6,12,6.666667,"(4, 2, 6, 12, 6.66667)",1,12,114888m 124888m 134888m 145888m 146888m 244888m 344888m 445888m 446888m 447888m 448888m 448889m
144999m,144999m33z,メンツ＋トイツ＋不要牌,4m 3z,2,4,0,6,12,6.666667,"(4, 2, 6, 12, 6.66667)",1,12,114999m 124999m 134999m 145999m 146999m 244999m 344999m 445999m 446999m 447999m 448999m 449999m
145677m,145677m33z,メンツ＋トイツ＋不要牌,7m 3z,2,4,0,13,15,7.086957,"(4, 2, 13, 15, 7.08696)",1,23,114567m 115677m 124567m 125677m 134567m 134577m 135677m 144567m 145567m 145667m 145678m 145679m 155677m 156677m 156778m 156779m 245677m 345677m 445677m 455677m 456677m 456778m 456779m
145688m,145688m33z,メンツ＋トイツ＋不要牌,8m 3z,2,4,0,6,15,6.266667,"(4, 2, 6, 15, 6.26667)",1,15,114568m 124568m 134568m 134588m 145668m 145678m 145689m 156788m 245688m 345688m 445688m 455688m 456688m 456788m 456889m
145699m,145699m33z,メンツ＋トイツ＋不要牌,9m 3z,2,4,0,2,8,4.571429,"(4, 2, 2, 8, 4.57143)",1,14,114569m 124569m 134569m 134599m 145679m 145689m 156799m 245699m 345699m 445699m 455699m 456699m 456799m 456899m
155566m,155566m33z,メンツ＋トイツ＋不要牌,6m 3z,2,4,0,8,16,6.750000,"(4, 2, 8, 16, 6.75)",1,16,115556m 125556m 135556m 145556m 145566m 155556m 155567m 155568m 155667m 255566m 355566m 455566m 555566m 555667m 555668m 555669m
155577m,155577m33z,メンツ＋トイツ＋不要牌,7m 3z,2,4,0,6,12,6.000000,"(4, 2, 6, 12, 6)",1,15,115557m 125557m 135557m 155557m 155567m 155578m 155579m 155677m 255577m 355577m 455577m 555577m 555677m 555778m 555779m
155588m,155588m33z,メンツ＋トイツ＋不要牌,8m 3z,2,4,0,4,12,5.538462,"(4, 2, 4, 12, 5.53846)",1,13,115558m 125558m 135558m 155568m 155578m 155589m 255588m 355588m 455588m 555588m 555688m 555788m 555889m
155599m,155599m33z,メンツ＋トイツ＋不要牌,9m 3z,2,4,0,2,8,4.666667,"(4, 2, 2, 8, 4.66667)",1,12,115559m 125559m 135559m 155579m 155589m 255599m 355599m 455599m 555599m 555699m 555799m 555899m
155666m,155666m33z,メンツ＋トイツ＋不要牌,5m 3z,2,4,0,9,16,7.200000,"(4, 2, 9, 16, 7.2)",1,15,115666m 125666m 135666m 145566m 145666m 155667m 156666m 156667m 255666m 355666m 455666m 556666m 556667m 556668m 556669m
155678m,155678m33z,メンツ＋トイツ＋不要牌,5m 3z,2,4,0,14,15,7.045455,"(4, 2, 14, 15, 7.04545)",1,22,115567m 115678m 125567m 125678m 135567m 135678m 145567m 145678m 155667m 155677m 155789m 156678m 156778m 156788m 156789m 255678m 355678m 455678m 556678m 556778m 556788m 556789m
155777m,155777m33z,メンツ＋トイツ＋不要牌,5m 3z,2,4,0,7,12,6.428571,"(4, 2, 7, 12, 6.42857)",1,14,115777m 125777m 135777m 145777m 155677m 156777m 157777m 255777m 355777m 455777m 556777m 557777m 557778m 557779m
155789m,155789m33z,メンツ＋トイツ＋不要牌,5m 3z,2,4,0,7,12,6.428571,"(4, 2, 7, 12, 6.42857)",1,14,115789m 125789m 135789m 145789m 155678m 156789m 157789m 255789m 355789m 455789m 556789m 557789m 557889m 557899m
155888m,155888m33z,メンツ＋トイツ＋不要牌,5m 3z,2,4,0,7,12,6.769231,"(4, 2, 7, 12, 6.76923)",1,13,115888m 125888m 135888m 145888m 156888m 157888m 255888m 355888m 455888m 556888m 557888m 558888m 558889m
155999m,155999m33z,メンツ＋トイツ＋不要牌,5m 3z,2,4,0,7,12,6.769231,"(4, 2, 7, 12, 6.76923)",1,13,115999m 125999m 135999m 145999m 156999m 157999m 255999m 355999m 455999m 556999m 557999m 558999m 559999m
156788m,156788m33z,メンツ＋トイツ＋不要牌,8m 3z,2,4,0,12,15,6.681818,"(4, 2, 12, 15, 6.68182)",1,22,115678m 116788m 125678m 126788m 135678m 136788m 145678m 145688m 155678m 156678m 156778m 156789m 166788m 167788m 167889m 256788m 356788m 456788m 556788m 566788m 567788m 567889m
156799m,156799m33z,メンツ＋トイツ＋不要牌,9m 3z,2,4,0,4,11,5.200000,"(4, 2, 4, 11, 5.2)",1,15,115679m 125679m 135679m 145679m 145699m 156779m 156789m 167899m 256799m 356799m 456799m 556799m 566799m 567799m 567899m
166677m,166677m33z,メンツ＋トイツ＋不要牌,7m 3z,2,4,0,8,16,6.750000,"(4, 2, 8, 16, 6.75)",1,16,116667m 126667m 136667m 156667m 156677m 166667m 166678m 166679m 166778m 266677m 366677m 466677m 566677m 666677m 666778m 666779m
166688m,166688m33z,メンツ＋トイツ＋不要牌,8m 3z,2,4,0,4,12,5.285714,"(4, 2, 4, 12, 5.28571)",1,14,116668m 126668m 136668m 166668m 166678m 166689m 166788m 266688m 366688m 466688m 566688m 666688m 666788m 666889m
166699m,166699m33z,メンツ＋トイツ＋不要牌,9m 3z,2,4,0,2,8,4.666667,"(4, 2, 2, 8, 4.66667)",1,12,116669m 126669m 136669m 166679m 166689m 266699m 366699m 466699m 566699m 666699m 666799m 666899m
166777m,166777m33z,メンツ＋トイツ＋不要牌,6m 3z,2,4,0,8,16,6.750000,"(4, 2, 8, 16, 6.75)",1,16,116777m 126777m 136777m 146777m 156677m 156777m 166778m 167777m 167778m 266777m 366777m 466777m 566777m 667777m 667778m 667779m
166789m,166789m33z,メンツ＋トイツ＋不要牌,6m 3z,2,4,0,9,11,5.500000,"(4, 2, 9, 11, 5.5)",1,22,116678m 116789m 126678m 126789m 136678m 136789m 146678m 146789m 156678m 156789m 166778m 166788m 167789m 167889m 167899m 266789m 366789m 466789m 566789m 667789m 667889m 667899m
166888m,166888m33z,メンツ＋トイツ＋不要牌,6m 3z,2,4,0,6,12,6.000000,"(4, 2, 6, 12, 6)",1,15,116888m 126888m 136888m 146888m 156888m 166788m 167888m 168888m 266888m 366888m 466888m 566888m 667888m 668888m 668889m
166999m,166999m33z,メンツ＋トイツ＋不要牌,6m 3z,2,4,0,6,12,6.285714,"(4, 2, 6, 12, 6.28571)",1,14,116999m 126999m 136999m 146999m 156999m 167999m 168999m 266999m 366999m 466999m 566999m 667999m 668999m 669999m
167899m,167899m33z,メンツ＋トイツ＋不要牌,9m 3z,2,4,0,7,11,5.238095,"(4, 2, 7, 11, 5.2381)",1,21,116789m 117899m 126789m 127899m 136789m 137899m 146789m 156789m 156799m 166789m 167789m 167889m 177899m 178899m 267899m 367899m 467899m 567899m 667899m 677899m 678899m
177788m,177788m33z,メンツ＋トイツ＋不要牌,8m 3z,2,4,0,6,12,6.133333,"(4, 2, 6, 12, 6.13333)",1,15,117778m 127778m 137778m 167778m 167788m 177778m 177789m 177889m 277788m 377788m 477788m 577788m 677788m 777788m 777889m
177799m,177799m33z,メンツ＋トイツ＋不要牌,9m 3z,2,4,0,2,8,4.461538,"(4, 2, 2, 8, 4.46154)",2,13,117779m 127779m 137779m 177779m 177789m 177899m 277799m 377799m 477799m 577799m 677799m 777799m 777899m
177888m,177888m33z,メンツ＋トイツ＋不要牌,7m 3z,2,4,0,8,16,6.750000,"(4, 2, 8, 16, 6.75)",1,16,117888m 127888m 137888m 157888m 167788m 167888m 177889m 178888m 178889m 277888m 377888m 477888m 577888m 677888m 778888m 778889m
177999m,177999m33z,メンツ＋トイツ＋不要牌,7m 3z,2,4,0,6,12,6.000000,"(4, 2, 6, 12, 6)",1,15,117999m 127999m 137999m 157999m 167999m 177899m 178999m 179999m 277999m 377999m 477999m 577999m 677999m 778999m 779999m
188899m,188899m33z,メンツ＋トイツ＋不要牌,9m 3z,2,4,0,2,8,4.461538,"(4, 2, 2, 8, 4.46154)",1,13,118889m 128889m 138889m 178889m 178899m 188889m 288899m 388899m 488899m 588899m 688899m 788899m 888899m
188999m,188999m33z,メンツ＋トイツ＋不要牌,8m 3z,2,4,0,4,12,5.285714,"(4, 2, 4, 12, 5.28571)",1,14,118999m 128999m 138999m 168999m 178899m 178999m 189999m 288999m 388999m 488999m 588999m 688999m 788999m 889999m
222255m,222255m33z,メンツ＋トイツ＋不要牌,5m 3z,2,4,0,7,12,7.000000,"(4, 2, 7, 12, 7)",1,12,122225m 122255m 222235m 222245m 222256m 222257m 222355m 222455m 222556m 222557m 222558m 222559m
222266m,222266m33z,メンツ＋トイツ＋不要牌,6m 3z,2,4,0,8,12,7.076923,"(4, 2, 8, 12, 7.07692)",1,13,122226m 122266m 222236m 222246m 222256m 222267m 222268m 222366m 222466m 222566m 222667m 222668m 222669m
222277m,222277m33z,メンツ＋トイツ＋不要牌,7m 3z,2,4,0,7,12,6.571429,"(4, 2, 7, 12, 6.57143)",1,14,122227m 122277m 222237m 222247m 222257m 222267m 222278m 222279m 222377m 222477m 222577m 222677m 222778m 222779m
222288m,222288m33z,メンツ＋トイツ＋不要牌,8m 3z,2,4,0,5,12,5.846154,"(4, 2, 5, 12, 5.84615)",1,13,122228m 122288m 222238m 222248m 222268m 222278m 222289m 222388m 222488m 222588m 222688m 222788m 222889m
222299m,222299m33z,メンツ＋トイツ＋不要牌,9m 3z,2,4,0,3,8,5.000000,"(4, 2, 3, 8, 5)",1,12,122229m 122299m 222239m 222249m 222279m 222289m 222399m 222499m 222599m 222699m 222799m 222899m
222336m,222336m33z,メンツ＋トイツ＋不要牌,3m 3z,2,4,0,10,16,7.250000,"(4, 2, 10, 16, 7.25)",1,16,122233m 122236m 122336m 222233m 222236m 222334m 222335m 222337m 222338m 222339m 222346m 222356m 222366m 222367m 222368m 223346m
222337m,222337m33z,メンツ＋トイツ＋不要牌,3m 3z,2,4,0,11,16,7.294118,"(4, 2, 11, 16, 7.29412)",1,17,122233m 122237m 122337m 222233m 222237m 222334m 222335m 222336m 222338m 222339m 222347m 222357m 222367m 222377m 222378m 222379m 223347m
222338m,222338m33z,メンツ＋トイツ＋不要牌,3m 3z,2,4,0,9,16,6.823529,"(4, 2, 9, 16, 6.82353)",1,17,122233m 122238m 122338m 222233m 222238m 222334m 222335m 222336m 222337m 222339m 222348m 222358m 222368m 222378m 222388m 222389m 223348m
222339m,222339m33z,メンツ＋トイツ＋不要牌,3m 3z,2,4,0,8,16,6.750000,"(4, 2, 8, 16, 6.75)",1,16,122233m 122239m 122339m 222233m 222239m 222334m 222335m 222336m 222337m 222338m 222349m 222359m 222379m 222389m 222399m 223349m
222366m,222366m33z,メンツ＋トイツ＋不要牌,6m 3z,2,4,0,8,12,6.375000,"(4, 2, 8, 12, 6.375)",1,16,122236m 122266m 122366m 222236m 222266m 222336m 222346m 222356m 222367m 222368m 222466m 222566m 222667m 222668m 222669m 223466m
222377m,222377m33z,メンツ＋トイツ＋不要牌,7m 3z,2,4,0,9,12,6.470588,"(4, 2, 9, 12, 6.47059)",1,17,122237m 122277m 122377m 222237m 222277m 222337m 222347m 222357m 222367m 222378m 222379m 222477m 222577m 222677m 222778m 222779m 223477m
222388m,222388m33z,メンツ＋トイツ＋不要牌,8m 3z,2,4,0,6,12,5.529412,"(4, 2, 6, 12, 5.52941)",1,17,122238m 122288m 122388m 222238m 222288m 222338m 222348m 222358m 222368m 222378m 222389m 222488m 222588m 222688m 222788m 222889m 223488m
222399m,222399m33z,メンツ＋トイツ＋不要牌,9m 3z,2,4,0,4,8,4.875000,"(4, 2, 4, 8, 4.875)",1,16,122239m 122299m 122399m 222239m 222299m 222339m 222349m 222359m 222379m 222389m 222499m 222599m 222699m 222799m 222899m 223499m
222447m,222447m33z,メンツ＋トイツ＋不要牌,4m 3z,2,4,0,8,12,6.533333,"(4, 2, 8, 12, 6.53333)",1,15,122244m 222244m 222247m 222344m 222347m 222445m 222446m 222448m 222449m 222457m 222467m 222477m 222478m 222479m 223447m
222448m,222448m33z,メンツ＋トイツ＋不要牌,4m 3z,2,4,0,8,12,6.533333,"(4, 2, 8, 12, 6.53333)",1,15,122244m 222244m 222248m 222344m 222348m 222445m 222446m 222447m 222449m 222458m 222468m 222478m 222488m 222489m 223448m
222449m,222449m33z,メンツ＋トイツ＋不要牌,4m 3z,2,4,0,6,12,6.000000,"(4, 2, 6, 12, 6)",1,15,122244m 222244m 222249m 222344m 222349m 222445m 222446m 222447m 222448m 222459m 222469m 222479m 222489m 222499m 223449m
222477m,222477m33z,メンツ＋トイツ＋不要牌,7m 3z,2,4,0,8,12,6.600000,"(4, 2, 8, 12, 6.6)",1,15,122277m 222247m 222277m 222347m 222377m 222447m 222457m 222467m 222478m 222479m 222577m 222677m 222778m 222779m 223477m
222488m,222488m33z,メンツ＋トイツ＋不要牌,8m 3z,2,4,0,7,12,6.066667,"(4, 2, 7, 12, 6.06667)",1,15,122288m 222248m 222288m 222348m 222388m 222448m 222458m 222468m 222478m 222489m 222588m 222688m 222788m 222889m 223488m
222499m,222499m33z,メンツ＋トイツ＋不要牌,9m 3z,2,4,0,4,8,5.000000,"(4, 2, 4, 8, 5)",1,15,122299m 222249m 222299m 222349m 222399m 222449m 222459m 222469m 222479m 222489m 222599m 222699m 222799m 222899m 223499m
222558m,222558m33z,メンツ＋トイツ＋不要牌,5m 3z,2,4,0,7,12,6.769231,"(4, 2, 7, 12, 6.76923)",1,13,122255m 222255m 222355m 222358m 222455m 222458m 222556m 222557m 222559m 222568m 222578m 222588m 222589m
222559m,222559m33z,メンツ＋トイツ＋不要牌,5m 3z,2,4,0,7,12,6.769231,"(4, 2, 7, 12, 6.76923)",1,13,122255m 222255m 222355m 222359m 222455m 222459m 222556m 222557m 222558m 222569m 222579m 222589m 222599m
222588m,222588m33z,メンツ＋トイツ＋不要牌,8m 3z,2,4,0,6,12,6.153846,"(4, 2, 6, 12, 6.15385)",1,13,122288m 222288m 222358m 222388m 222458m 222488m 222558m 222568m 222578m 222589m 222688m 222788m 222889m
222599m,222599m33z,メンツ＋トイツ＋不要牌,9m 3z,2,4,0,5,8,5.538462,"(4, 2, 5, 8, 5.53846)",1,13,122299m 222299m 222359m 222399m 222459m 222499m 222559m 222569m 222579m 222589m 222699m 222799m 222899m
222669m,222669m33z,メンツ＋トイツ＋不要牌,6m 3z,2,4,0,6,12,6.666667,"(4, 2, 6, 12, 6.66667)",1,12,122266m 222266m 222366m 222466m 222469m 222566m 222569m 222667m 222668m 222679m 222689m 222699m
222699m,222699m33z,メンツ＋トイツ＋不要牌,9m 3z,2,4,0,4,8,5.333333,"(4, 2, 4, 8, 5.33333)",1,12,122299m 222299m 222399m 222469m 222499m 222569m 222599m 222669m 222679m 222689m 222799m 222899m
223335m,223335m33z,メンツ＋トイツ＋不要牌,2m 3z,2,4,0,9,14,7.666667,"(4, 2, 9, 14, 7.66667)",1,15,122333m 122335m 123335m 223333m 223334m 223336m 223337m 223338m 223339m 223345m 233335m 233345m 233355m 233356m 233357m
223336m,223336m33z,メンツ＋トイツ＋不要牌,2m 3z,2,4,0,9,12,6.750000,"(4, 2, 9, 12, 6.75)",1,16,122333m 122336m 123336m 223333m 223334m 223335m 223337m 223338m 223339m 223346m 233336m 233346m 233356m 233366m 233367m 233368m
223337m,223337m33z,メンツ＋トイツ＋不要牌,2m 3z,2,4,0,8,12,6.352941,"(4, 2, 8, 12, 6.35294)",1,17,122333m 122337m 123337m 223333m 223334m 223335m 223336m 223338m 223339m 223347m 233337m 233347m 233357m 233367m 233377m 233378m 233379m
223338m,223338m33z,メンツ＋トイツ＋不要牌,2m 3z,2,4,0,7,12,6.250000,"(4, 2, 7, 12, 6.25)",1,16,122333m 122338m 123338m 223333m 223334m 223335m 223336m 223337m 223339m 223348m 233338m 233348m 233368m 233378m 233388m 233389m
223339m,223339m33z,メンツ＋トイツ＋不要牌,2m 3z,2,4,0,6,12,6.133333,"(4, 2, 6, 12, 6.13333)",1,15,122333m 122339m 123339m 223333m 223334m 223335m 223336m 223337m 223338m 223349m 233339m 233349m 233379m 233389m 233399m
223458m,223458m33z,メンツ＋トイツ＋不要牌,2m 3z,2,4,0,13,15,6.739130,"(4, 2, 13, 15, 6.73913)",1,23,122345m 122348m 123458m 223345m 223348m 223445m 223448m 223455m 223456m 223457m 223459m 223468m 223478m 223488m 223489m 224568m 233458m 234458m 234558m 234568m 234578m 234588m 234589m
223459m,223459m33z,メンツ＋トイツ＋不要牌,2m 3z,2,4,0,12,15,6.681818,"(4, 2, 12, 15, 6.68182)",1,22,122345m 122349m 123459m 223345m 223349m 223445m 223449m 223455m 223456m 223457m 223458m 223479m 223489m 223499m 224569m 233459m 234459m 234559m 234569m 234579m 234589m 234599m
223466m,223466m33z,メンツ＋トイツ＋不要牌,6m 3z,2,4,0,12,15,7.444444,"(4, 2, 12, 15, 7.44444)",1,18,122346m 122366m 123466m 222346m 222366m 222466m 223346m 223446m 223456m 223467m 223468m 224566m 233466m 234466m 234566m 234667m 234668m 234669m
223477m,223477m33z,メンツ＋トイツ＋不要牌,7m 3z,2,4,0,9,12,6.222222,"(4, 2, 9, 12, 6.22222)",1,18,122347m 122377m 123477m 222347m 222377m 222477m 223347m 223447m 223457m 223467m 223478m 223479m 233477m 234477m 234577m 234677m 234778m 234779m
223488m,223488m33z,メンツ＋トイツ＋不要牌,8m 3z,2,4,0,6,12,5.333333,"(4, 2, 6, 12, 5.33333)",1,18,122348m 122388m 123488m 222348m 222388m 222488m 223348m 223448m 223458m 223468m 223478m 223489m 233488m 234488m 234588m 234688m 234788m 234889m
223499m,223499m33z,メンツ＋トイツ＋不要牌,9m 3z,2,4,0,4,8,4.705882,"(4, 2, 4, 8, 4.70588)",1,17,122349m 122399m 123499m 222349m 222399m 222499m 223349m 223449m 223459m 223479m 223489m 233499m 234499m 234599m 234699m 234799m 234899m
224445m,224445m33z,メンツ＋トイツ＋不要牌,2m 3z,2,4,0,8,14,7.200000,"(4, 2, 8, 14, 7.2)",1,15,122444m 124445m 223444m 223445m 224444m 224446m 224447m 224448m 224449m 224456m 234445m 244445m 244455m 244456m 244457m
224446m,224446m33z,メンツ＋トイツ＋不要牌,2m 3z,2,4,0,9,12,6.812500,"(4, 2, 9, 12, 6.8125)",1,16,122444m 124446m 223444m 223446m 224444m 224445m 224447m 224448m 224449m 224456m 234446m 244446m 244456m 244466m 244467m 244468m
224447m,224447m33z,メンツ＋トイツ＋不要牌,2m 3z,2,4,0,6,12,5.625000,"(4, 2, 6, 12, 5.625)",1,16,122444m 124447m 223444m 223447m 224444m 224445m 224446m 224448m 224449m 234447m 244447m 244457m 244467m 244477m 244478m 244479m
224448m,224448m33z,メンツ＋トイツ＋不要牌,2m 3z,2,4,0,5,12,5.466667,"(4, 2, 5, 12, 5.46667)",1,15,122444m 124448m 223444m 223448m 224444m 224445m 224446m 224447m 224449m 234448m 244448m 244468m 244478m 244488m 244489m
224449m,224449m33z,メンツ＋トイツ＋不要牌,2m 3z,2,4,0,4,12,5.285714,"(4, 2, 4, 12, 5.28571)",1,14,122444m 124449m 223444m 223449m 224444m 224445m 224446m 224447m 224448m 234449m 244449m 244479m 244489m 244499m
224556m,224556m33z,メンツ＋トイツ＋不要牌,2m 3z,2,4,0,11,15,7.058824,"(4, 2, 11, 15, 7.05882)",1,17,122456m 124556m 223455m 223456m 224456m 224555m 224566m 224567m 224568m 224569m 225556m 225567m 234556m 244556m 245556m 245566m 245567m
224566m,224566m33z,メンツ＋トイツ＋不要牌,2m 3z,2,4,0,10,15,7.000000,"(4, 2, 10, 15, 7)",1,18,122456m 124566m 223456m 223466m 224456m 224556m 224567m 224568m 224569m 224666m 225666m 225667m 234566m 244566m 245566m 245666m 245667m 245668m
224568m,224568m33z,メンツ＋トイツ＋不要牌,2m 3z,2,4,0,7,15,6.277778,"(4, 2, 7, 15, 6.27778)",1,18,122456m 124568m 223456m 223458m 223468m 224456m 224556m 224566m 224567m 224569m 224678m 225678m 234568m 244568m 245668m 245678m 245688m 245689m
224569m,224569m33z,メンツ＋トイツ＋不要牌,2m 3z,2,4,0,6,15,6.266667,"(4, 2, 6, 15, 6.26667)",1,15,122456m 124569m 223456m 223459m 224456m 224556m 224566m 224567m 224568m 225679m 234569m 244569m 245679m 245689m 245699m
225555m,225555m33z,メンツ＋トイツ＋不要牌,2m 3z,2,4,0,6,12,6.333333,"(4, 2, 6, 12, 6.33333)",1,12,122555m 125555m 223555m 224555m 225556m 225557m 225558m 225559m 235555m 245555m 255556m 255557m
225556m,225556m33z,メンツ＋トイツ＋不要牌,2m 3z,2,4,0,7,12,5.875000,"(4, 2, 7, 12, 5.875)",1,16,122555m 125556m 223555m 224555m 224556m 225555m 225557m 225558m 225559m 225567m 235556m 245556m 255556m 255566m 255567m 255568m
225557m,225557m33z,メンツ＋トイツ＋不要牌,2m 3z,2,4,0,6,12,5.687500,"(4, 2, 6, 12, 5.6875)",1,16,122555m 125557m 223555m 224555m 225555m 225556m 225558m 225559m 225567m 235557m 245557m 255557m 255567m 255577m 255578m 255579m
225558m,225558m33z,メンツ＋トイツ＋不要牌,2m 3z,2,4,0,5,12,5.714286,"(4, 2, 5, 12, 5.71429)",1,14,122555m 125558m 223555m 224555m 225555m 225556m 225557m 225559m 235558m 245558m 255568m 255578m 255588m 255589m
225559m,225559m33z,メンツ＋トイツ＋不要牌,2m 3z,2,4,0,4,12,5.538462,"(4, 2, 4, 12, 5.53846)",1,13,122555m 125559m 223555m 224555m 225555m 225556m 225557m 225558m 235559m 245559m 255579m 255589m 255599m
225567m,225567m33z,メンツ＋トイツ＋不要牌,2m 3z,2,4,0,7,12,5.647059,"(4, 2, 7, 12, 5.64706)",1,17,122567m 125567m 223567m 224556m 224567m 225556m 225557m 225667m 225677m 225678m 225679m 235567m 245567m 255567m 255667m 255677m 255678m
225666m,225666m33z,メンツ＋トイツ＋不要牌,2m 3z,2,4,0,6,12,5.733333,"(4, 2, 6, 12, 5.73333)",1,15,122666m 125666m 223666m 224566m 224666m 225667m 226666m 226667m 226668m 226669m 235666m 245666m 255666m 256666m 256667m
225667m,225667m33z,メンツ＋トイツ＋不要牌,2m 3z,2,4,0,8,12,5.944444,"(4, 2, 8, 12, 5.94444)",1,18,122567m 125667m 223567m 224566m 224567m 225567m 225666m 225677m 225678m 225679m 226667m 226678m 235667m 245667m 255667m 256667m 256677m 256678m
225677m,225677m33z,メンツ＋トイツ＋不要牌,2m 3z,2,4,0,8,12,5.777778,"(4, 2, 8, 12, 5.77778)",1,18,122567m 125677m 223567m 224567m 225567m 225667m 225678m 225679m 225777m 226777m 226778m 235677m 245677m 255677m 256677m 256777m 256778m 256779m
225678m,225678m33z,メンツ＋トイツ＋不要牌,2m 3z,2,4,0,11,12,6.166667,"(4, 2, 11, 12, 6.16667)",1,24,122567m 122678m 125678m 223567m 223678m 224567m 224568m 224678m 225567m 225667m 225677m 225679m 225789m 226678m 226778m 226788m 226789m 235678m 245678m 255678m 256678m 256778m 256788m 256789m
225679m,225679m33z,メンツ＋トイツ＋不要牌,2m 3z,2,4,0,6,12,5.687500,"(4, 2, 6, 12, 5.6875)",1,16,122567m 125679m 223567m 224567m 224569m 225567m 225667m 225677m 225678m 225789m 226789m 235679m 245679m 256779m 256789m 256799m
225777m,225777m33z,メンツ＋トイツ＋不要牌,2m 3z,2,4,0,6,12,5.928571,"(4, 2, 6, 12, 5.92857)",1,14,122777m 125777m 223777m 224777m 225677m 226777m 227777m 227778m 227779m 235777m 245777m 255777m 256777m 257777m
225789m,225789m33z,メンツ＋トイツ＋不要牌,2m 3z,2,4,0,6,12,5.800000,"(4, 2, 6, 12, 5.8)",1,15,122789m 125789m 223789m 224789m 225678m 225679m 226789m 227789m 227889m 227899m 235789m 245789m 255789m 256789m 257789m
225888m,225888m33z,メンツ＋トイツ＋不要牌,2m 3z,2,4,0,6,12,6.153846,"(4, 2, 6, 12, 6.15385)",1,13,122888m 125888m 223888m 224888m 226888m 227888m 228888m 228889m 235888m 245888m 255888m 256888m 257888m
225999m,225999m33z,メンツ＋トイツ＋不要牌,2m 3z,2,4,0,6,12,6.153846,"(4, 2, 6, 12, 6.15385)",1,13,122999m 125999m 223999m 224999m 226999m 227999m 228999m 229999m 235999m 245999m 255999m 256999m 257999m
226666m,226666m33z,メンツ＋トイツ＋不要牌,2m 3z,2,4,0,7,12,6.461538,"(4, 2, 7, 12, 6.46154)",1,13,122666m 126666m 223666m 224666m 225666m 226667m 226668m 226669m 236666m 246666m 256666m 266667m 266668m
226667m,226667m33z,メンツ＋トイツ＋不要牌,2m 3z,2,4,0,6,12,5.529412,"(4, 2, 6, 12, 5.52941)",1,17,122666m 126667m 223666m 224666m 225666m 225667m 226666m 226668m 226669m 226678m 236667m 246667m 256667m 266667m 266677m 266678m 266679m
226668m,226668m33z,メンツ＋トイツ＋不要牌,2m 3z,2,4,0,5,12,5.533333,"(4, 2, 5, 12, 5.53333)",1,15,122666m 126668m 223666m 224666m 225666m 226666m 226667m 226669m 226678m 236668m 246668m 266668m 266678m 266688m 266689m
226669m,226669m33z,メンツ＋トイツ＋不要牌,2m 3z,2,4,0,4,12,5.538462,"(4, 2, 4, 12, 5.53846)",1,13,122666m 126669m 223666m 224666m 225666m 226666m 226667m 226668m 236669m 246669m 266679m 266689m 266699m
226678m,226678m33z,メンツ＋トイツ＋不要牌,2m 3z,2,4,0,8,12,5.777778,"(4, 2, 8, 12, 5.77778)",1,18,122678m 126678m 223678m 224678m 225667m 225678m 226667m 226668m 226778m 226788m 226789m 236678m 246678m 256678m 266678m 266778m 266788m 266789m
226777m,226777m33z,メンツ＋トイツ＋不要牌,2m 3z,2,4,0,7,12,5.875000,"(4, 2, 7, 12, 5.875)",1,16,122777m 126777m 223777m 224777m 225677m 225777m 226778m 227777m 227778m 227779m 236777m 246777m 256777m 266777m 267777m 267778m
226778m,226778m33z,メンツ＋トイツ＋不要牌,2m 3z,2,4,0,8,12,5.631579,"(4, 2, 8, 12, 5.63158)",1,19,122678m 126778m 223678m 224678m 225677m 225678m 226678m 226777m 226788m 226789m 227778m 227789m 236778m 246778m 256778m 266778m 267778m 267788m 267789m
226788m,226788m33z,メンツ＋トイツ＋不要牌,2m 3z,2,4,0,6,12,5.333333,"(4, 2, 6, 12, 5.33333)",1,18,122678m 126788m 223678m 224678m 225678m 226678m 226778m 226789m 226888m 227888m 227889m 236788m 246788m 256788m 266788m 267788m 267888m 267889m
226789m,226789m33z,メンツ＋トイツ＋不要牌,2m 3z,2,4,0,10,12,5.956522,"(4, 2, 10, 12, 5.95652)",1,23,122678m 122789m 126789m 223678m 223789m 224678m 224789m 225678m 225679m 225789m 226678m 226778m 226788m 227789m 227889m 227899m 236789m 246789m 256789m 266789m 267789m 267889m 267899m
226888m,226888m33z,メンツ＋トイツ＋不要牌,2m 3z,2,4,0,7,12,6.066667,"(4, 2, 7, 12, 6.06667)",1,15,122888m 126888m 223888m 224888m 225888m 226788m 227888m 228888m 228889m 236888m 246888m 256888m 266888m 267888m 268888m
226999m,226999m33z,メンツ＋トイツ＋不要牌,2m 3z,2,4,0,7,12,6.285714,"(4, 2, 7, 12, 6.28571)",1,14,122999m 126999m 223999m 224999m 225999m 227999m 228999m 229999m 236999m 246999m 256999m 266999m 267999m 268999m
227777m,227777m33z,メンツ＋トイツ＋不要牌,2m 3z,2,4,0,6,12,6.000000,"(4, 2, 6, 12, 6)",1,14,122777m 127777m 223777m 224777m 225777m 226777m 227778m 227779m 237777m 247777m 257777m 267777m 277778m 277779m
227778m,227778m33z,メンツ＋トイツ＋不要牌,2m 3z,2,4,0,5,12,5.375000,"(4, 2, 5, 12, 5.375)",1,16,122777m 127778m 223777m 224777m 225777m 226777m 226778m 227777m 227779m 227789m 237778m 247778m 267778m 277778m 277788m 277789m
227779m,227779m33z,メンツ＋トイツ＋不要牌,2m 3z,2,4,0,4,12,5.357143,"(4, 2, 4, 12, 5.35714)",1,14,122777m 127779m 223777m 224777m 225777m 226777m 227777m 227778m 227789m 237779m 247779m 277779m 277789m 277799m
227789m,227789m33z,メンツ＋トイツ＋不要牌,2m 3z,2,4,0,6,12,5.333333,"(4, 2, 6, 12, 5.33333)",1,18,122789m 127789m 223789m 224789m 225789m 226778m 226789m 227778m 227779m 227889m 227899m 237789m 247789m 257789m 267789m 277789m 277889m 277899m
227888m,227888m33z,メンツ＋トイツ＋不要牌,2m 3z,2,4,0,6,12,5.529412,"(4, 2, 6, 12, 5.52941)",1,17,122888m 127888m 223888m 224888m 225888m 226788m 226888m 227889m 228888m 228889m 237888m 247888m 257888m 267888m 277888m 278888m 278889m
227889m,227889m33z,メンツ＋トイツ＋不要牌,2m 3z,2,4,0,5,12,5.176471,"(4, 2, 5, 12, 5.17647)",1,17,122789m 127889m 223789m 224789m 225789m 226788m 226789m 227789m 227888m 227899m 228889m 237889m 247889m 267889m 277889m 278889m 278899m
227899m,227899m33z,メンツ＋トイツ＋不要牌,2m 3z,2,4,0,5,12,5.312500,"(4, 2, 5, 12, 5.3125)",1,16,122789m 127899m 223789m 224789m 225789m 226789m 227789m 227889m 227999m 228999m 237899m 247899m 267899m 277899m 278899m 278999m
227999m,227999m33z,メンツ＋トイツ＋不要牌,2m 3z,2,4,0,6,12,5.687500,"(4, 2, 6, 12, 5.6875)",1,16,122999m 127999m 223999m 224999m 225999m 226999m 227899m 228999m 229999m 237999m 247999m 257999m 267999m 277999m 278999m 279999m
228888m,228888m33z,メンツ＋トイツ＋不要牌,2m 3z,2,4,0,5,12,5.846154,"(4, 2, 5, 12, 5.84615)",1,13,122888m 128888m 223888m 224888m 225888m 226888m 227888m 228889m 238888m 248888m 268888m 278888m 288889m
228889m,228889m33z,メンツ＋トイツ＋不要牌,2m 3z,2,4,0,4,12,5.357143,"(4, 2, 4, 12, 5.35714)",1,14,122888m 128889m 223888m 224888m 225888m 226888m 227888m 227889m 228888m 238889m 248889m 278889m 288889m 288899m
228999m,228999m33z,メンツ＋トイツ＋不要牌,2m 3z,2,4,0,5,12,5.533333,"(4, 2, 5, 12, 5.53333)",1,15,122999m 128999m 223999m 224999m 225999m 226999m 227899m 227999m 229999m 238999m 248999m 268999m 278999m 288999m 289999m
229999m,229999m33z,メンツ＋トイツ＋不要牌,2m 3z,2,4,0,4,12,5.666667,"(4, 2, 4, 12, 5.66667)",1,12,122999m 129999m 223999m 224999m 225999m 226999m 227999m 228999m 239999m 249999m 279999m 289999m
233355m,233355m33z,メンツ＋トイツ＋不要牌,5m 3z,2,4,0,10,14,7.733333,"(4, 2, 10, 14, 7.73333)",1,15,123335m 123355m 133355m 223335m 233335m 233345m 233356m 233357m 233455m 333355m 333455m 333556m 333557m 333558m 333559m
233366m,233366m33z,メンツ＋トイツ＋不要牌,6m 3z,2,4,0,8,12,6.375000,"(4, 2, 8, 12, 6.375)",1,16,123336m 123366m 133366m 223336m 233336m 233346m 233356m 233367m 233368m 233466m 333366m 333466m 333566m 333667m 333668m 333669m
233377m,233377m33z,メンツ＋トイツ＋不要牌,7m 3z,2,4,0,7,12,6.000000,"(4, 2, 7, 12, 6)",1,17,123337m 123377m 133377m 223337m 233337m 233347m 233357m 233367m 233378m 233379m 233477m 333377m 333477m 333577m 333677m 333778m 333779m
233388m,233388m33z,メンツ＋トイツ＋不要牌,8m 3z,2,4,0,5,12,5.375000,"(4, 2, 5, 12, 5.375)",1,16,123338m 123388m 133388m 223338m 233338m 233348m 233368m 233378m 233389m 233488m 333388m 333488m 333588m 333688m 333788m 333889m
233399m,233399m33z,メンツ＋トイツ＋不要牌,9m 3z,2,4,0,3,8,4.666667,"(4, 2, 3, 8, 4.66667)",1,15,123339m 123399m 133399m 223339m 233339m 233349m 233379m 233389m 233499m 333399m 333499m 333599m 333699m 333799m 333899m
233466m,233466m33z,メンツ＋トイツ＋不要牌,6m 3z,2,4,0,13,15,7.555556,"(4, 2, 13, 15, 7.55556)",1,18,123346m 123366m 123466m 223346m 223466m 233346m 233366m 233446m 233456m 233467m 233468m 234466m 234566m 234667m 234668m 234669m 333466m 334566m
233477m,233477m33z,メンツ＋トイツ＋不要牌,7m 3z,2,4,0,10,12,6.473684,"(4, 2, 10, 12, 6.47368)",1,19,123347m 123377m 123477m 223347m 223477m 233347m 233377m 233447m 233457m 233467m 233478m 233479m 234477m 234577m 234677m 234778m 234779m 333477m 334577m
233488m,233488m33z,メンツ＋トイツ＋不要牌,8m 3z,2,4,0,8,12,5.631579,"(4, 2, 8, 12, 5.63158)",1,19,123348m 123388m 123488m 223348m 223488m 233348m 233388m 233448m 233458m 233468m 233478m 233489m 234488m 234588m 234688m 234788m 234889m 333488m 334588m
233499m,233499m33z,メンツ＋トイツ＋不要牌,9m 3z,2,4,0,6,8,5.055556,"(4, 2, 6, 8, 5.05556)",1,18,123349m 123399m 123499m 223349m 223499m 233349m 233399m 233449m 233459m 233479m 233489m 234499m 234599m 234699m 234799m 234899m 333499m 334599m
234477m,234477m33z,メンツ＋トイツ＋不要牌,7m 3z,2,4,0,9,12,6.222222,"(4, 2, 9, 12, 6.22222)",1,18,123447m 123477m 223447m 223477m 233447m 233477m 234447m 234457m 234467m 234478m 234479m 234577m 234677m 234778m 234779m 244477m 344477m 344577m
234488m,234488m33z,メンツ＋トイツ＋不要牌,8m 3z,2,4,0,8,12,5.777778,"(4, 2, 8, 12, 5.77778)",1,18,123448m 123488m 223448m 223488m 233448m 233488m 234448m 234458m 234468m 234478m 234489m 234588m 234688m 234788m 234889m 244488m 344488m 344588m
234499m,234499m33z,メンツ＋トイツ＋不要牌,9m 3z,2,4,0,5,8,4.888889,"(4, 2, 5, 8, 4.88889)",1,18,123449m 123499m 223449m 223499m 233449m 233499m 234449m 234459m 234469m 234479m 234489m 234599m 234699m 234799m 234899m 244499m 344499m 344599m
234558m,234558m33z,メンツ＋トイツ＋不要牌,5m 3z,2,4,0,14,15,7.045455,"(4, 2, 14, 15, 7.04545)",1,22,123455m 123458m 123558m 223455m 223458m 233455m 233458m 234455m 234458m 234556m 234557m 234559m 234568m 234578m 234588m 234589m 334558m 344558m 345568m 345578m 345588m 345589m
234559m,234559m33z,メンツ＋トイツ＋不要牌,5m 3z,2,4,0,14,15,7.045455,"(4, 2, 14, 15, 7.04545)",1,22,123455m 123459m 123559m 223455m 223459m 233455m 233459m 234455m 234459m 234556m 234557m 234558m 234569m 234579m 234589m 234599m 334559m 344559m 345569m 345579m 345589m 345599m
234588m,234588m33z,メンツ＋トイツ＋不要牌,8m 3z,2,4,0,11,12,6.166667,"(4, 2, 11, 12, 6.16667)",1,24,123458m 123488m 123588m 134588m 223458m 223488m 233458m 233488m 234458m 234488m 234558m 234568m 234578m 234589m 234688m 234788m 234889m 245688m 334588m 344588m 345588m 345688m 345788m 345889m
234599m,234599m33z,メンツ＋トイツ＋不要牌,9m 3z,2,4,0,9,11,5.500000,"(4, 2, 9, 11, 5.5)",1,24,123459m 123499m 123599m 134599m 223459m 223499m 233459m 233499m 234459m 234499m 234559m 234569m 234579m 234589m 234699m 234799m 234899m 245699m 334599m 344599m 345599m 345699m 345799m 345899m
234669m,234669m33z,メンツ＋トイツ＋不要牌,6m 3z,2,4,0,7,15,6.800000,"(4, 2, 7, 15, 6.8)",1,15,123466m 123469m 123669m 223466m 233466m 234466m 234469m 234566m 234569m 234667m 234668m 234679m 234689m 234699m 345669m
234699m,234699m33z,メンツ＋トイツ＋不要牌,9m 3z,2,4,0,4,11,5.187500,"(4, 2, 4, 11, 5.1875)",1,16,123469m 123499m 123699m 223499m 233499m 234469m 234499m 234569m 234599m 234669m 234679m 234689m 234799m 234899m 245699m 345699m
244455m,244455m33z,メンツ＋トイツ＋不要牌,5m 3z,2,4,0,9,16,8.200000,"(4, 2, 9, 16, 8.2)",1,15,124445m 144455m 224445m 234445m 234455m 244445m 244456m 244457m 244556m 344455m 444455m 444556m 444557m 444558m 444559m
244466m,244466m33z,メンツ＋トイツ＋不要牌,6m 3z,2,4,0,10,12,7.312500,"(4, 2, 10, 12, 7.3125)",1,16,124446m 144466m 224446m 234446m 234466m 244446m 244456m 244467m 244468m 244566m 344466m 444466m 444566m 444667m 444668m 444669m
244477m,244477m33z,メンツ＋トイツ＋不要牌,7m 3z,2,4,0,7,12,6.187500,"(4, 2, 7, 12, 6.1875)",1,16,124447m 144477m 224447m 234447m 234477m 244447m 244457m 244467m 244478m 244479m 344477m 444477m 444577m 444677m 444778m 444779m
244488m,244488m33z,メンツ＋トイツ＋不要牌,8m 3z,2,4,0,5,12,5.533333,"(4, 2, 5, 12, 5.53333)",1,15,124448m 144488m 224448m 234448m 234488m 244448m 244468m 244478m 244489m 344488m 444488m 444588m 444688m 444788m 444889m
244499m,244499m33z,メンツ＋トイツ＋不要牌,9m 3z,2,4,0,3,8,4.785714,"(4, 2, 3, 8, 4.78571)",1,14,124449m 144499m 224449m 234449m 234499m 244449m 244479m 244489m 344499m 444499m 444599m 444699m 444799m 444899m
245688m,245688m33z,メンツ＋トイツ＋不要牌,8m 3z,2,4,0,7,15,6.277778,"(4, 2, 7, 15, 6.27778)",1,18,124568m 145688m 224568m 234568m 234588m 234688m 244568m 245668m 245678m 245689m 246788m 256788m 345688m 445688m 455688m 456688m 456788m 456889m
245699m,245699m33z,メンツ＋トイツ＋不要牌,9m 3z,2,4,0,4,11,5.187500,"(4, 2, 4, 11, 5.1875)",1,16,124569m 145699m 224569m 234569m 234599m 234699m 244569m 245679m 245689m 256799m 345699m 445699m 455699m 456699m 456799m 456899m
255566m,255566m33z,メンツ＋トイツ＋不要牌,6m 3z,2,4,0,10,16,7.250000,"(4, 2, 10, 16, 7.25)",1,16,125556m 155566m 225556m 235556m 245556m 245566m 255556m 255567m 255568m 255667m 355566m 455566m 555566m 555667m 555668m 555669m
255577m,255577m33z,メンツ＋トイツ＋不要牌,7m 3z,2,4,0,7,12,6.125000,"(4, 2, 7, 12, 6.125)",1,16,125557m 155577m 225557m 235557m 245557m 255557m 255567m 255578m 255579m 255677m 355577m 455577m 555577m 555677m 555778m 555779m
255588m,255588m33z,メンツ＋トイツ＋不要牌,8m 3z,2,4,0,5,12,5.714286,"(4, 2, 5, 12, 5.71429)",1,14,125558m 155588m 225558m 235558m 245558m 255568m 255578m 255589m 355588m 455588m 555588m 555688m 555788m 555889m
255599m,255599m33z,メンツ＋トイツ＋不要牌,9m 3z,2,4,0,3,8,4.923077,"(4, 2, 3, 8, 4.92308)",1,13,125559m 155599m 225559m 235559m 245559m 255579m 255589m 355599m 455599m 555599m 555699m 555799m 555899m
255666m,255666m33z,メンツ＋トイツ＋不要牌,5m 3z,2,4,0,9,16,7.200000,"(4, 2, 9, 16, 7.2)",1,15,125666m 155666m 225666m 235666m 245566m 245666m 255667m 256666m 256667m 355666m 455666m 556666m 556667m 556668m 556669m
255678m,255678m33z,メンツ＋トイツ＋不要牌,5m 3z,2,4,0,14,15,7.045455,"(4, 2, 14, 15, 7.04545)",1,22,125567m 125678m 155678m 225567m 225678m 235567m 235678m 245567m 245678m 255667m 255677m 255789m 256678m 256778m 256788m 256789m 355678m 455678m 556678m 556778m 556788m 556789m
255777m,255777m33z,メンツ＋トイツ＋不要牌,5m 3z,2,4,0,7,12,6.428571,"(4, 2, 7, 12, 6.42857)",1,14,125777m 155777m 225777m 235777m 245777m 255677m 256777m 257777m 355777m 455777m 556777m 557777m 557778m 557779m
255789m,255789m33z,メンツ＋トイツ＋不要牌,5m 3z,2,4,0,7,12,6.428571,"(4, 2, 7, 12, 6.42857)",1,14,125789m 155789m 225789m 235789m 245789m 255678m 256789m 257789m 355789m 455789m 556789m 557789m 557889m 557899m
255888m,255888m33z,メンツ＋トイツ＋不要牌,5m 3z,2,4,0,7,12,6.769231,"(4, 2, 7, 12, 6.76923)",1,13,125888m 155888m 225888m 235888m 245888m 256888m 257888m 355888m 455888m 556888m 557888m 558888m 558889m
255999m,255999m33z,メンツ＋トイツ＋不要牌,5m 3z,2,4,0,7,12,6.769231,"(4, 2, 7, 12, 6.76923)",1,13,125999m 155999m 225999m 235999m 245999m 256999m 257999m 355999m 455999m 556999m 557999m 558999m 559999m
256788m,256788m33z,メンツ＋トイツ＋不要牌,8m 3z,2,4,0,13,15,6.739130,"(4, 2, 13, 15, 6.73913)",1,23,125678m 126788m 156788m 225678m 226788m 235678m 236788m 245678m 245688m 246788m 255678m 256678m 256778m 256789m 266788m 267788m 267889m 356788m 456788m 556788m 566788m 567788m 567889m
256799m,256799m33z,メンツ＋トイツ＋不要牌,9m 3z,2,4,0,6,11,5.733333,"(4, 2, 6, 11, 5.73333)",1,15,125679m 156799m 225679m 235679m 245679m 245699m 256779m 256789m 267899m 356799m 456799m 556799m 566799m 567799m 567899m
266677m,266677m33z,メンツ＋トイツ＋不要牌,7m 3z,2,4,0,9,16,6.823529,"(4, 2, 9, 16, 6.82353)",1,17,126667m 166677m 226667m 236667m 246667m 256667m 256677m 266667m 266678m 266679m 266778m 366677m 466677m 566677m 666677m 666778m 666779m
266688m,266688m33z,メンツ＋トイツ＋不要牌,8m 3z,2,4,0,5,12,5.466667,"(4, 2, 5, 12, 5.46667)",1,15,126668m 166688m 226668m 236668m 246668m 266668m 266678m 266689m 266788m 366688m 466688m 566688m 666688m 666788m 666889m
266699m,266699m33z,メンツ＋トイツ＋不要牌,9m 3z,2,4,0,3,8,4.923077,"(4, 2, 3, 8, 4.92308)",1,13,126669m 166699m 226669m 236669m 246669m 266679m 266689m 366699m 466699m 566699m 666699m 666799m 666899m
266777m,266777m33z,メンツ＋トイツ＋不要牌,6m 3z,2,4,0,10,16,7.250000,"(4, 2, 10, 16, 7.25)",1,16,126777m 166777m 226777m 236777m 246777m 256677m 256777m 266778m 267777m 267778m 366777m 466777m 566777m 667777m 667778m 667779m
266789m,266789m33z,メンツ＋トイツ＋不要牌,6m 3z,2,4,0,13,11,6.227273,"(4, 2, 13, 11, 6.22727)",1,22,126678m 126789m 166789m 226678m 226789m 236678m 236789m 246678m 246789m 256678m 256789m 266778m 266788m 267789m 267889m 267899m 366789m 466789m 566789m 667789m 667889m 667899m
266888m,266888m33z,メンツ＋トイツ＋不要牌,6m 3z,2,4,0,8,12,6.533333,"(4, 2, 8, 12, 6.53333)",1,15,126888m 166888m 226888m 236888m 246888m 256888m 266788m 267888m 268888m 366888m 466888m 566888m 667888m 668888m 668889m
266999m,266999m33z,メンツ＋トイツ＋不要牌,6m 3z,2,4,0,8,12,6.857143,"(4, 2, 8, 12, 6.85714)",1,14,126999m 166999m 226999m 236999m 246999m 256999m 267999m 268999m 366999m 466999m 566999m 667999m 668999m 669999m
267899m,267899m33z,メンツ＋トイツ＋不要牌,9m 3z,2,4,0,10,11,5.727273,"(4, 2, 10, 11, 5.72727)",1,22,126789m 127899m 167899m 226789m 227899m 236789m 237899m 246789m 247899m 256789m 256799m 266789m 267789m 267889m 277899m 278899m 367899m 467899m 567899m 667899m 677899m 678899m
277788m,277788m33z,メンツ＋トイツ＋不要牌,8m 3z,2,4,0,7,12,6.250000,"(4, 2, 7, 12, 6.25)",1,16,127778m 177788m 227778m 237778m 247778m 267778m 267788m 277778m 277789m 277889m 377788m 477788m 577788m 677788m 777788m 777889m
277799m,277799m33z,メンツ＋トイツ＋不要牌,9m 3z,2,4,0,3,8,4.714286,"(4, 2, 3, 8, 4.71429)",2,14,127779m 177799m 227779m 237779m 247779m 277779m 277789m 277899m 377799m 477799m 577799m 677799m 777799m 777899m
277888m,277888m33z,メンツ＋トイツ＋不要牌,7m 3z,2,4,0,9,16,6.823529,"(4, 2, 9, 16, 6.82353)",1,17,127888m 177888m 227888m 237888m 247888m 257888m 267788m 267888m 277889m 278888m 278889m 377888m 477888m 577888m 677888m 778888m 778889m
277999m,277999m33z,メンツ＋トイツ＋不要牌,7m 3z,2,4,0,7,12,6.125000,"(4, 2, 7, 12, 6.125)",1,16,127999m 177999m 227999m 237999m 247999m 257999m 267999m 277899m 278999m 279999m 377999m 477999m 577999m 677999m 778999m 779999m
288899m,288899m33z,メンツ＋トイツ＋不要牌,9m 3z,2,4,0,3,8,4.714286,"(4, 2, 3, 8, 4.71429)",1,14,128889m 188899m 228889m 238889m 248889m 278889m 278899m 288889m 388899m 488899m 588899m 688899m 788899m 888899m
288999m,288999m33z,メンツ＋トイツ＋不要牌,8m 3z,2,4,0,5,12,5.466667,"(4, 2, 5, 12, 5.46667)",1,15,128999m 188999m 228999m 238999m 248999m 268999m 278899m 278999m 289999m 388999m 488999m 588999m 688999m 788999m 889999m
333366m,333366m33z,メンツ＋トイツ＋不要牌,6m 3z,2,4,0,8,12,7.076923,"(4, 2, 8, 12, 7.07692)",1,13,133336m 133366m 233336m 233366m 333346m 333356m 333367m 333368m 333466m 333566m 333667m 333668m 333669m
333377m,333377m33z,メンツ＋トイツ＋不要牌,7m 3z,2,4,0,9,12,7.142857,"(4, 2, 9, 12, 7.14286)",1,14,133337m 133377m 233337m 233377m 333347m 333357m 333367m 333378m 333379m 333477m 333577m 333677m 333778m 333779m
333388m,333388m33z,メンツ＋トイツ＋不要牌,8m 3z,2,4,0,6,12,6.000000,"(4, 2, 6, 12, 6)",1,14,133338m 133388m 233338m 233388m 333348m 333358m 333368m 333378m 333389m 333488m 333588m 333688m 333788m 333889m
333399m,333399m33z,メンツ＋トイツ＋不要牌,9m 3z,2,4,0,4,8,5.230769,"(4, 2, 4, 8, 5.23077)",1,13,133339m 133399m 233339m 233399m 333349m 333359m 333379m 333389m 333499m 333599m 333699m 333799m 333899m
333447m,333447m33z,メンツ＋トイツ＋不要牌,4m 3z,2,4,0,10,16,7.250000,"(4, 2, 10, 16, 7.25)",1,16,133344m 233344m 233347m 233447m 333344m 333347m 333445m 333446m 333448m 333449m 333457m 333467m 333477m 333478m 333479m 334457m
333448m,333448m33z,メンツ＋トイツ＋不要牌,4m 3z,2,4,0,10,16,7.250000,"(4, 2, 10, 16, 7.25)",1,16,133344m 233344m 233348m 233448m 333344m 333348m 333445m 333446m 333447m 333449m 333458m 333468m 333478m 333488m 333489m 334458m
333449m,333449m33z,メンツ＋トイツ＋不要牌,4m 3z,2,4,0,8,16,6.750000,"(4, 2, 8, 16, 6.75)",1,16,133344m 233344m 233349m 233449m 333344m 333349m 333445m 333446m 333447m 333448m 333459m 333469m 333479m 333489m 333499m 334459m
333477m,333477m33z,メンツ＋トイツ＋不要牌,7m 3z,2,4,0,8,12,6.375000,"(4, 2, 8, 12, 6.375)",1,16,133377m 233347m 233377m 233477m 333347m 333377m 333447m 333457m 333467m 333478m 333479m 333577m 333677m 333778m 333779m 334577m
333488m,333488m33z,メンツ＋トイツ＋不要牌,8m 3z,2,4,0,7,12,5.875000,"(4, 2, 7, 12, 5.875)",1,16,133388m 233348m 233388m 233488m 333348m 333388m 333448m 333458m 333468m 333478m 333489m 333588m 333688m 333788m 333889m 334588m
333499m,333499m33z,メンツ＋トイツ＋不要牌,9m 3z,2,4,0,4,8,4.875000,"(4, 2, 4, 8, 4.875)",1,16,133399m 233349m 233399m 233499m 333349m 333399m 333449m 333459m 333469m 333479m 333489m 333599m 333699m 333799m 333899m 334599m
333558m,333558m33z,メンツ＋トイツ＋不要牌,5m 3z,2,4,0,7,12,6.428571,"(4, 2, 7, 12, 6.42857)",1,14,133355m 233355m 333355m 333358m 333455m 333458m 333556m 333557m 333559m 333568m 333578m 333588m 333589m 334558m
333559m,333559m33z,メンツ＋トイツ＋不要牌,5m 3z,2,4,0,7,12,6.428571,"(4, 2, 7, 12, 6.42857)",1,14,133355m 233355m 333355m 333359m 333455m 333459m 333556m 333557m 333558m 333569m 333579m 333589m 333599m 334559m
333588m,333588m33z,メンツ＋トイツ＋不要牌,8m 3z,2,4,0,6,12,5.928571,"(4, 2, 6, 12, 5.92857)",1,14,133388m 233388m 333358m 333388m 333458m 333488m 333558m 333568m 333578m 333589m 333688m 333788m 333889m 334588m
333599m,333599m33z,メンツ＋トイツ＋不要牌,9m 3z,2,4,0,5,8,5.357143,"(4, 2, 5, 8, 5.35714)",1,14,133399m 233399m 333359m 333399m 333459m 333499m 333559m 333569m 333579m 333589m 333699m 333799m 333899m 334599m
333669m,333669m33z,メンツ＋トイツ＋不要牌,6m 3z,2,4,0,6,12,6.666667,"(4, 2, 6, 12, 6.66667)",1,12,133366m 233366m 333366m 333466m 333469m 333566m 333569m 333667m 333668m 333679m 333689m 333699m
333699m,333699m33z,メンツ＋トイツ＋不要牌,9m 3z,2,4,0,4,8,5.333333,"(4, 2, 4, 8, 5.33333)",1,12,133399m 233399m 333399m 333469m 333499m 333569m 333599m 333669m 333679m 333689m 333799m 333899m
334446m,334446m33z,メンツ＋トイツ＋不要牌,3m 3z,2,4,0,10,16,8.187500,"(4, 2, 10, 16, 8.1875)",1,16,133444m 134446m 233444m 233446m 234446m 334444m 334445m 334447m 334448m 334449m 334456m 344446m 344456m 344466m 344467m 344468m
334447m,334447m33z,メンツ＋トイツ＋不要牌,3m 3z,2,4,0,11,16,7.294118,"(4, 2, 11, 16, 7.29412)",1,17,133444m 134447m 233444m 233447m 234447m 334444m 334445m 334446m 334448m 334449m 334457m 344447m 344457m 344467m 344477m 344478m 344479m
334448m,334448m33z,メンツ＋トイツ＋不要牌,3m 3z,2,4,0,9,16,6.823529,"(4, 2, 9, 16, 6.82353)",1,17,133444m 134448m 233444m 233448m 234448m 334444m 334445m 334446m 334447m 334449m 334458m 344448m 344458m 344468m 344478m 344488m 344489m
334449m,334449m33z,メンツ＋トイツ＋不要牌,3m 3z,2,4,0,8,16,6.750000,"(4, 2, 8, 16, 6.75)",1,16,133444m 134449m 233444m 233449m 234449m 334444m 334445m 334446m 334447m 334448m 334459m 344449m 344459m 344479m 344489m 344499m
334569m,334569m33z,メンツ＋トイツ＋不要牌,3m 3z,2,4,0,13,15,7.086957,"(4, 2, 13, 15, 7.08696)",1,23,133456m 133459m 134569m 233456m 233459m 234569m 334456m 334459m 334556m 334559m 334566m 334567m 334568m 334579m 334589m 334599m 335679m 344569m 345569m 345669m 345679m 345689m 345699m
334577m,334577m33z,メンツ＋トイツ＋不要牌,7m 3z,2,4,0,12,15,7.473684,"(4, 2, 12, 15, 7.47368)",1,19,133457m 134577m 233457m 233477m 234577m 333457m 333477m 333577m 334457m 334557m 334567m 334578m 334579m 335677m 344577m 345577m 345677m 345778m 345779m
334588m,334588m33z,メンツ＋トイツ＋不要牌,8m 3z,2,4,0,8,12,5.777778,"(4, 2, 8, 12, 5.77778)",1,18,133458m 134588m 233458m 233488m 234588m 333458m 333488m 333588m 334458m 334558m 334568m 334578m 334589m 344588m 345588m 345688m 345788m 345889m
334599m,334599m33z,メンツ＋トイツ＋不要牌,9m 3z,2,4,0,5,8,4.888889,"(4, 2, 5, 8, 4.88889)",1,18,133459m 134599m 233459m 233499m 234599m 333459m 333499m 333599m 334459m 334559m 334569m 334579m 334589m 344599m 345599m 345699m 345799m 345899m
335556m,335556m33z,メンツ＋トイツ＋不要牌,3m 3z,2,4,0,10,14,7.750000,"(4, 2, 10, 14, 7.75)",1,16,133555m 135556m 233555m 235556m 334555m 334556m 335555m 335557m 335558m 335559m 335567m 345556m 355556m 355566m 355567m 355568m
335557m,335557m33z,メンツ＋トイツ＋不要牌,3m 3z,2,4,0,11,12,7.352941,"(4, 2, 11, 12, 7.35294)",1,17,133555m 135557m 233555m 235557m 334555m 334557m 335555m 335556m 335558m 335559m 335567m 345557m 355557m 355567m 355577m 355578m 355579m
335558m,335558m33z,メンツ＋トイツ＋不要牌,3m 3z,2,4,0,7,12,6.125000,"(4, 2, 7, 12, 6.125)",1,16,133555m 135558m 233555m 235558m 334555m 334558m 335555m 335556m 335557m 335559m 345558m 355558m 355568m 355578m 355588m 355589m
335559m,335559m33z,メンツ＋トイツ＋不要牌,3m 3z,2,4,0,6,12,6.000000,"(4, 2, 6, 12, 6)",1,15,133555m 135559m 233555m 235559m 334555m 334559m 335555m 335556m 335557m 335558m 345559m 355559m 355579m 355589m 355599m
335667m,335667m33z,メンツ＋トイツ＋不要牌,3m 3z,2,4,0,13,15,7.555556,"(4, 2, 13, 15, 7.55556)",1,18,133567m 135667m 233567m 235667m 334566m 334567m 335567m 335666m 335677m 335678m 335679m 336667m 336678m 345667m 355667m 356667m 356677m 356678m
335677m,335677m33z,メンツ＋トイツ＋不要牌,3m 3z,2,4,0,12,15,7.473684,"(4, 2, 12, 15, 7.47368)",1,19,133567m 135677m 233567m 235677m 334567m 334577m 335567m 335667m 335678m 335679m 335777m 336777m 336778m 345677m 355677m 356677m 356777m 356778m 356779m
335679m,335679m33z,メンツ＋トイツ＋不要牌,3m 3z,2,4,0,9,15,6.722222,"(4, 2, 9, 15, 6.72222)",1,18,133567m 135679m 233567m 235679m 334567m 334569m 334579m 335567m 335667m 335677m 335678m 335789m 336789m 345679m 355679m 356779m 356789m 356799m
336666m,336666m33z,メンツ＋トイツ＋不要牌,3m 3z,2,4,0,8,12,7.076923,"(4, 2, 8, 12, 7.07692)",1,13,133666m 136666m 233666m 236666m 334666m 335666m 336667m 336668m 336669m 346666m 356666m 366667m 366668m
336667m,336667m33z,メンツ＋トイツ＋不要牌,3m 3z,2,4,0,9,12,6.470588,"(4, 2, 9, 12, 6.47059)",1,17,133666m 136667m 233666m 236667m 334666m 335666m 335667m 336666m 336668m 336669m 336678m 346667m 356667m 366667m 366677m 366678m 366679m
336668m,336668m33z,メンツ＋トイツ＋不要牌,3m 3z,2,4,0,7,12,6.187500,"(4, 2, 7, 12, 6.1875)",1,16,133666m 136668m 233666m 236668m 334666m 335666m 336666m 336667m 336669m 336678m 346668m 356668m 366668m 366678m 366688m 366689m
336669m,336669m33z,メンツ＋トイツ＋不要牌,3m 3z,2,4,0,6,12,6.285714,"(4, 2, 6, 12, 6.28571)",1,14,133666m 136669m 233666m 236669m 334666m 335666m 336666m 336667m 336668m 346669m 356669m 366679m 366689m 366699m
336678m,336678m33z,メンツ＋トイツ＋不要牌,3m 3z,2,4,0,9,12,6.222222,"(4, 2, 9, 12, 6.22222)",1,18,133678m 136678m 233678m 236678m 334678m 335667m 335678m 336667m 336668m 336778m 336788m 336789m 346678m 356678m 366678m 366778m 366788m 366789m
336777m,336777m33z,メンツ＋トイツ＋不要牌,3m 3z,2,4,0,8,12,6.375000,"(4, 2, 8, 12, 6.375)",1,16,133777m 136777m 233777m 236777m 334777m 335677m 335777m 336778m 337777m 337778m 337779m 346777m 356777m 366777m 367777m 367778m
336778m,336778m33z,メンツ＋トイツ＋不要牌,3m 3z,2,4,0,10,12,6.473684,"(4, 2, 10, 12, 6.47368)",1,19,133678m 136778m 233678m 236778m 334678m 335677m 335678m 336678m 336777m 336788m 336789m 337778m 337789m 346778m 356778m 366778m 367778m 367788m 367789m
336788m,336788m33z,メンツ＋トイツ＋不要牌,3m 3z,2,4,0,9,12,6.222222,"(4, 2, 9, 12, 6.22222)",1,18,133678m 136788m 233678m 236788m 334678m 335678m 336678m 336778m 336789m 336888m 337888m 337889m 346788m 356788m 366788m 367788m 367888m 367889m
336789m,336789m33z,メンツ＋トイツ＋不要牌,3m 3z,2,4,0,12,12,6.652174,"(4, 2, 12, 12, 6.65217)",1,23,133678m 133789m 136789m 233678m 233789m 236789m 334678m 334789m 335678m 335679m 335789m 336678m 336778m 336788m 337789m 337889m 337899m 346789m 356789m 366789m 367789m 367889m 367899m
336888m,336888m33z,メンツ＋トイツ＋不要牌,3m 3z,2,4,0,8,12,6.600000,"(4, 2, 8, 12, 6.6)",1,15,133888m 136888m 233888m 236888m 334888m 335888m 336788m 337888m 338888m 338889m 346888m 356888m 366888m 367888m 368888m
336999m,336999m33z,メンツ＋トイツ＋不要牌,3m 3z,2,4,0,8,12,6.857143,"(4, 2, 8, 12, 6.85714)",1,14,133999m 136999m 233999m 236999m 334999m 335999m 337999m 338999m 339999m 346999m 356999m 366999m 367999m 368999m
337777m,337777m33z,メンツ＋トイツ＋不要牌,3m 3z,2,4,0,9,12,7.142857,"(4, 2, 9, 12, 7.14286)",1,14,133777m 137777m 233777m 237777m 334777m 335777m 336777m 337778m 337779m 347777m 357777m 367777m 377778m 377779m
337778m,337778m33z,メンツ＋トイツ＋不要牌,3m 3z,2,4,0,7,12,6.000000,"(4, 2, 7, 12, 6)",1,17,133777m 137778m 233777m 237778m 334777m 335777m 336777m 336778m 337777m 337779m 337789m 347778m 357778m 367778m 377778m 377788m 377789m
337779m,337779m33z,メンツ＋トイツ＋不要牌,3m 3z,2,4,0,6,12,6.066667,"(4, 2, 6, 12, 6.06667)",1,15,133777m 137779m 233777m 237779m 334777m 335777m 336777m 337777m 337778m 337789m 347779m 357779m 377779m 377789m 377799m
337789m,337789m33z,メンツ＋トイツ＋不要牌,3m 3z,2,4,0,9,12,6.222222,"(4, 2, 9, 12, 6.22222)",1,18,133789m 137789m 233789m 237789m 334789m 335789m 336778m 336789m 337778m 337779m 337889m 337899m 347789m 357789m 367789m 377789m 377889m 377899m
337888m,337888m33z,メンツ＋トイツ＋不要牌,3m 3z,2,4,0,9,12,6.470588,"(4, 2, 9, 12, 6.47059)",1,17,133888m 137888m 233888m 237888m 334888m 335888m 336788m 336888m 337889m 338888m 338889m 347888m 357888m 367888m 377888m 378888m 378889m
337889m,337889m33z,メンツ＋トイツ＋不要牌,3m 3z,2,4,0,7,12,5.777778,"(4, 2, 7, 12, 5.77778)",1,18,133789m 137889m 233789m 237889m 334789m 335789m 336788m 336789m 337789m 337888m 337899m 338889m 347889m 357889m 367889m 377889m 378889m 378899m
337899m,337899m33z,メンツ＋トイツ＋不要牌,3m 3z,2,4,0,7,12,5.941176,"(4, 2, 7, 12, 5.94118)",1,17,133789m 137899m 233789m 237899m 334789m 335789m 336789m 337789m 337889m 337999m 338999m 347899m 357899m 367899m 377899m 378899m 378999m
337999m,337999m33z,メンツ＋トイツ＋不要牌,3m 3z,2,4,0,9,12,6.687500,"(4, 2, 9, 12, 6.6875)",1,16,133999m 137999m 233999m 237999m 334999m 335999m 336999m 337899m 338999m 339999m 347999m 357999m 367999m 377999m 378999m 379999m
338888m,338888m33z,メンツ＋トイツ＋不要牌,3m 3z,2,4,0,7,12,6.571429,"(4, 2, 7, 12, 6.57143)",1,14,133888m 138888m 233888m 238888m 334888m 335888m 336888m 337888m 338889m 348888m 358888m 368888m 378888m 388889m
338889m,338889m33z,メンツ＋トイツ＋不要牌,3m 3z,2,4,0,6,12,6.066667,"(4, 2, 6, 12, 6.06667)",1,15,133888m 138889m 233888m 238889m 334888m 335888m 336888m 337888m 337889m 338888m 348889m 358889m 378889m 388889m 388899m
338999m,338999m33z,メンツ＋トイツ＋不要牌,3m 3z,2,4,0,7,12,6.187500,"(4, 2, 7, 12, 6.1875)",1,16,133999m 138999m 233999m 238999m 334999m 335999m 336999m 337899m 337999m 339999m 348999m 358999m 368999m 378999m 388999m 389999m
339999m,339999m33z,メンツ＋トイツ＋不要牌,3m 3z,2,4,0,6,12,6.461538,"(4, 2, 6, 12, 6.46154)",1,13,133999m 139999m 233999m 239999m 334999m 335999m 336999m 337999m 338999m 349999m 359999m 379999m 389999m
344466m,344466m33z,メンツ＋トイツ＋不要牌,6m 3z,2,4,0,10,14,7.750000,"(4, 2, 10, 14, 7.75)",1,16,134446m 144466m 234446m 234466m 244466m 334446m 344446m 344456m 344467m 344468m 344566m 444466m 444566m 444667m 444668m 444669m
344477m,344477m33z,メンツ＋トイツ＋不要牌,7m 3z,2,4,0,9,12,6.470588,"(4, 2, 9, 12, 6.47059)",1,17,134447m 144477m 234447m 234477m 244477m 334447m 344447m 344457m 344467m 344478m 344479m 344577m 444477m 444577m 444677m 444778m 444779m
344488m,344488m33z,メンツ＋トイツ＋不要牌,8m 3z,2,4,0,6,12,5.529412,"(4, 2, 6, 12, 5.52941)",1,17,134448m 144488m 234448m 234488m 244488m 334448m 344448m 344458m 344468m 344478m 344489m 344588m 444488m 444588m 444688m 444788m 444889m
344499m,344499m33z,メンツ＋トイツ＋不要牌,9m 3z,2,4,0,4,8,4.875000,"(4, 2, 4, 8, 4.875)",1,16,134449m 144499m 234449m 234499m 244499m 334449m 344449m 344459m 344479m 344489m 344599m 444499m 444599m 444699m 444799m 444899m
344577m,344577m33z,メンツ＋トイツ＋不要牌,7m 3z,2,4,0,13,15,7.555556,"(4, 2, 13, 15, 7.55556)",1,18,134577m 234457m 234477m 234577m 334457m 334577m 344457m 344477m 344557m 344567m 344578m 344579m 345577m 345677m 345778m 345779m 444577m 445677m
344588m,344588m33z,メンツ＋トイツ＋不要牌,8m 3z,2,4,0,8,12,5.944444,"(4, 2, 8, 12, 5.94444)",1,18,134588m 234458m 234488m 234588m 334458m 334588m 344458m 344488m 344558m 344568m 344578m 344589m 345588m 345688m 345788m 345889m 444588m 445688m
344599m,344599m33z,メンツ＋トイツ＋不要牌,9m 3z,2,4,0,6,8,5.055556,"(4, 2, 6, 8, 5.05556)",1,18,134599m 234459m 234499m 234599m 334459m 334599m 344459m 344499m 344559m 344569m 344579m 344589m 345599m 345699m 345799m 345899m 444599m 445699m
345588m,345588m33z,メンツ＋トイツ＋不要牌,8m 3z,2,4,0,7,12,5.647059,"(4, 2, 7, 12, 5.64706)",1,17,134588m 234558m 234588m 334558m 334588m 344558m 344588m 345558m 345568m 345578m 345589m 345688m 345788m 345889m 355588m 455588m 455688m
345599m,345599m33z,メンツ＋トイツ＋不要牌,9m 3z,2,4,0,6,8,5.176471,"(4, 2, 6, 8, 5.17647)",1,17,134599m 234559m 234599m 334559m 334599m 344559m 344599m 345559m 345569m 345579m 345589m 345699m 345799m 345899m 355599m 455599m 455699m
345669m,345669m33z,メンツ＋トイツ＋不要牌,6m 3z,2,4,0,13,15,7.380952,"(4, 2, 13, 15, 7.38095)",1,21,134566m 134569m 234566m 234569m 234669m 334566m 334569m 344566m 344569m 345566m 345569m 345667m 345668m 345679m 345689m 345699m 445669m 455669m 456679m 456689m 456699m
345699m,345699m33z,メンツ＋トイツ＋不要牌,9m 3z,2,4,0,8,11,5.500000,"(4, 2, 8, 11, 5.5)",1,24,134569m 134599m 145699m 234569m 234599m 234699m 245699m 334569m 334599m 344569m 344599m 345569m 345599m 345669m 345679m 345689m 345799m 345899m 356799m 445699m 455699m 456699m 456799m 456899m
355566m,355566m33z,メンツ＋トイツ＋不要牌,6m 3z,2,4,0,10,16,8.187500,"(4, 2, 10, 16, 8.1875)",1,16,135556m 155566m 235556m 255566m 335556m 345556m 345566m 355556m 355567m 355568m 355667m 455566m 555566m 555667m 555668m 555669m
355577m,355577m33z,メンツ＋トイツ＋不要牌,7m 3z,2,4,0,11,12,7.352941,"(4, 2, 11, 12, 7.35294)",1,17,135557m 155577m 235557m 255577m 335557m 345557m 345577m 355557m 355567m 355578m 355579m 355677m 455577m 555577m 555677m 555778m 555779m
355588m,355588m33z,メンツ＋トイツ＋不要牌,8m 3z,2,4,0,6,12,5.687500,"(4, 2, 6, 12, 5.6875)",1,16,135558m 155588m 235558m 255588m 335558m 345558m 345588m 355558m 355568m 355578m 355589m 455588m 555588m 555688m 555788m 555889m
355599m,355599m33z,メンツ＋トイツ＋不要牌,9m 3z,2,4,0,4,8,5.000000,"(4, 2, 4, 8, 5)",1,15,135559m 155599m 235559m 255599m 335559m 345559m 345599m 355559m 355579m 355589m 455599m 555599m 555699m 555799m 555899m
356799m,356799m33z,メンツ＋トイツ＋不要牌,9m 3z,2,4,0,7,11,5.833333,"(4, 2, 7, 11, 5.83333)",1,18,135679m 156799m 235679m 256799m 335679m 345679m 345699m 345799m 355679m 356779m 356789m 357899m 367899m 456799m 556799m 566799m 567799m 567899m
366677m,366677m33z,メンツ＋トイツ＋不要牌,7m 3z,2,4,0,11,16,7.294118,"(4, 2, 11, 16, 7.29412)",1,17,136667m 166677m 236667m 266677m 336667m 346667m 356667m 356677m 366667m 366678m 366679m 366778m 466677m 566677m 666677m 666778m 666779m
366688m,366688m33z,メンツ＋トイツ＋不要牌,8m 3z,2,4,0,6,12,5.625000,"(4, 2, 6, 12, 5.625)",1,16,136668m 166688m 236668m 266688m 336668m 346668m 356668m 366668m 366678m 366689m 366788m 466688m 566688m 666688m 666788m 666889m
366699m,366699m33z,メンツ＋トイツ＋不要牌,9m 3z,2,4,0,4,8,5.142857,"(4, 2, 4, 8, 5.14286)",1,14,136669m 166699m 236669m 266699m 336669m 346669m 356669m 366679m 366689m 466699m 566699m 666699m 666799m 666899m
366777m,366777m33z,メンツ＋トイツ＋不要牌,6m 3z,2,4,0,10,16,7.250000,"(4, 2, 10, 16, 7.25)",1,16,136777m 166777m 236777m 266777m 336777m 346777m 356677m 356777m 366778m 367777m 367778m 466777m 566777m 667777m 667778m 667779m
366789m,366789m33z,メンツ＋トイツ＋不要牌,6m 3z,2,4,0,13,11,6.227273,"(4, 2, 13, 11, 6.22727)",1,22,136678m 136789m 166789m 236678m 236789m 266789m 336678m 336789m 346678m 346789m 356678m 356789m 366778m 366788m 367789m 367889m 367899m 466789m 566789m 667789m 667889m 667899m
366888m,366888m33z,メンツ＋トイツ＋不要牌,6m 3z,2,4,0,8,12,6.533333,"(4, 2, 8, 12, 6.53333)",1,15,136888m 166888m 236888m 266888m 336888m 346888m 356888m 366788m 367888m 368888m 466888m 566888m 667888m 668888m 668889m
366999m,366999m33z,メンツ＋トイツ＋不要牌,6m 3z,2,4,0,8,12,6.857143,"(4, 2, 8, 12, 6.85714)",1,14,136999m 166999m 236999m 266999m 336999m 346999m 356999m 367999m 368999m 466999m 566999m 667999m 668999m 669999m
367899m,367899m33z,メンツ＋トイツ＋不要牌,9m 3z,2,4,0,11,11,5.826087,"(4, 2, 11, 11, 5.82609)",1,23,136789m 137899m 167899m 236789m 237899m 267899m 336789m 337899m 346789m 347899m 356789m 356799m 357899m 366789m 367789m 367889m 377899m 378899m 467899m 567899m 667899m 677899m 678899m
377788m,377788m33z,メンツ＋トイツ＋不要牌,8m 3z,2,4,0,8,12,6.352941,"(4, 2, 8, 12, 6.35294)",1,17,137778m 177788m 237778m 277788m 337778m 347778m 357778m 367778m 367788m 377778m 377789m 377889m 477788m 577788m 677788m 777788m 777889m
377799m,377799m33z,メンツ＋トイツ＋不要牌,9m 3z,2,4,0,4,8,4.933333,"(4, 2, 4, 8, 4.93333)",2,15,137779m 177799m 237779m 277799m 337779m 347779m 357779m 377779m 377789m 377899m 477799m 577799m 677799m 777799m 777899m
377888m,377888m33z,メンツ＋トイツ＋不要牌,7m 3z,2,4,0,11,16,7.294118,"(4, 2, 11, 16, 7.29412)",1,17,137888m 177888m 237888m 277888m 337888m 347888m 357888m 367788m 367888m 377889m 378888m 378889m 477888m 577888m 677888m 778888m 778889m
377999m,377999m33z,メンツ＋トイツ＋不要牌,7m 3z,2,4,0,9,12,6.625000,"(4, 2, 9, 12, 6.625)",1,16,137999m 177999m 237999m 277999m 337999m 347999m 357999m 367999m 377899m 378999m 379999m 477999m 577999m 677999m 778999m 779999m
388899m,388899m33z,メンツ＋トイツ＋不要牌,9m 3z,2,4,0,4,8,4.933333,"(4, 2, 4, 8, 4.93333)",1,15,138889m 188899m 238889m 288899m 338889m 348889m 358889m 378889m 378899m 388889m 488899m 588899m 688899m 788899m 888899m
388999m,388999m33z,メンツ＋トイツ＋不要牌,8m 3z,2,4,0,6,12,5.625000,"(4, 2, 6, 12, 5.625)",1,16,138999m 188999m 238999m 288999m 338999m 348999m 358999m 368999m 378899m 378999m 389999m 488999m 588999m 688999m 788999m 889999m
444477m,444477m33z,メンツ＋トイツ＋不要牌,7m 3z,2,4,0,8,12,7.076923,"(4, 2, 8, 12, 7.07692)",1,13,144477m 244447m 244477m 344447m 344477m 444457m 444467m 444478m 444479m 444577m 444677m 444778m 444779m
444488m,444488m33z,メンツ＋トイツ＋不要牌,8m 3z,2,4,0,7,12,6.461538,"(4, 2, 7, 12, 6.46154)",1,13,144488m 244448m 244488m 344448m 344488m 444458m 444468m 444478m 444489m 444588m 444688m 444788m 444889m
444499m,444499m33z,メンツ＋トイツ＋不要牌,9m 3z,2,4,0,4,8,5.230769,"(4, 2, 4, 8, 5.23077)",1,13,144499m 244449m 244499m 344449m 344499m 444459m 444469m 444479m 444489m 444599m 444699m 444799m 444899m
444558m,444558m33z,メンツ＋トイツ＋不要牌,5m 3z,2,4,0,9,16,7.200000,"(4, 2, 9, 16, 7.2)",1,15,144455m 244455m 344455m 344458m 344558m 444455m 444458m 444556m 444557m 444559m 444568m 444578m 444588m 444589m 445568m
444559m,444559m33z,メンツ＋トイツ＋不要牌,5m 3z,2,4,0,9,16,7.200000,"(4, 2, 9, 16, 7.2)",1,15,144455m 244455m 344455m 344459m 344559m 444455m 444459m 444556m 444557m 444558m 444569m 444579m 444589m 444599m 445569m
444588m,444588m33z,メンツ＋トイツ＋不要牌,8m 3z,2,4,0,6,12,5.733333,"(4, 2, 6, 12, 5.73333)",1,15,144488m 244488m 344458m 344488m 344588m 444458m 444488m 444558m 444568m 444578m 444589m 444688m 444788m 444889m 445688m
444599m,444599m33z,メンツ＋トイツ＋不要牌,9m 3z,2,4,0,5,8,5.200000,"(4, 2, 5, 8, 5.2)",1,15,144499m 244499m 344459m 344499m 344599m 444459m 444499m 444559m 444569m 444579m 444589m 444699m 444799m 444899m 445699m
444669m,444669m33z,メンツ＋トイツ＋不要牌,6m 3z,2,4,0,6,12,6.307692,"(4, 2, 6, 12, 6.30769)",1,13,144466m 244466m 344466m 444466m 444469m 444566m 444569m 444667m 444668m 444679m 444689m 444699m 445669m
444699m,444699m33z,メンツ＋トイツ＋不要牌,9m 3z,2,4,0,4,8,5.153846,"(4, 2, 4, 8, 5.15385)",1,13,144499m 244499m 344499m 444469m 444499m 444569m 444599m 444669m 444679m 444689m 444799m 444899m 445699m
445557m,445557m33z,メンツ＋トイツ＋不要牌,4m 3z,2,4,0,10,16,8.187500,"(4, 2, 10, 16, 8.1875)",1,16,144555m 244555m 245557m 344555m 344557m 345557m 445555m 445556m 445558m 445559m 445567m 455557m 455567m 455577m 455578m 455579m
445558m,445558m33z,メンツ＋トイツ＋不要牌,4m 3z,2,4,0,10,16,7.250000,"(4, 2, 10, 16, 7.25)",1,16,144555m 244555m 245558m 344555m 344558m 345558m 445555m 445556m 445557m 445559m 445568m 455558m 455568m 455578m 455588m 455589m
445559m,445559m33z,メンツ＋トイツ＋不要牌,4m 3z,2,4,0,8,16,6.750000,"(4, 2, 8, 16, 6.75)",1,16,144555m 244555m 245559m 344555m 344559m 345559m 445555m 445556m 445557m 445558m 445569m 455559m 455569m 455579m 455589m 455599m
445688m,445688m33z,メンツ＋トイツ＋不要牌,8m 3z,2,4,0,10,15,7.000000,"(4, 2, 10, 15, 7)",1,18,145688m 244568m 245688m 344568m 344588m 345688m 444568m 444588m 444688m 445568m 445668m 445678m 445689m 446788m 455688m 456688m 456788m 456889m
445699m,445699m33z,メンツ＋トイツ＋不要牌,9m 3z,2,4,0,6,8,5.176471,"(4, 2, 6, 8, 5.17647)",1,17,145699m 244569m 245699m 344569m 344599m 345699m 444569m 444599m 444699m 445569m 445669m 445679m 445689m 455699m 456699m 456799m 456899m
446667m,446667m33z,メンツ＋トイツ＋不要牌,4m 3z,2,4,0,10,14,7.750000,"(4, 2, 10, 14, 7.75)",1,16,144666m 244666m 246667m 344666m 346667m 445666m 445667m 446666m 446668m 446669m 446678m 456667m 466667m 466677m 466678m 466679m
446668m,446668m33z,メンツ＋トイツ＋不要牌,4m 3z,2,4,0,10,12,7.312500,"(4, 2, 10, 12, 7.3125)",1,16,144666m 244666m 246668m 344666m 346668m 445666m 445668m 446666m 446667m 446669m 446678m 456668m 466668m 466678m 466688m 466689m
446669m,446669m33z,メンツ＋トイツ＋不要牌,4m 3z,2,4,0,6,12,6.000000,"(4, 2, 6, 12, 6)",1,15,144666m 244666m 246669m 344666m 346669m 445666m 445669m 446666m 446667m 446668m 456669m 466669m 466679m 466689m 466699m
446778m,446778m33z,メンツ＋トイツ＋不要牌,4m 3z,2,4,0,13,15,7.555556,"(4, 2, 13, 15, 7.55556)",1,18,144678m 244678m 246778m 344678m 346778m 445677m 445678m 446678m 446777m 446788m 446789m 447778m 447789m 456778m 466778m 467778m 467788m 467789m
446788m,446788m33z,メンツ＋トイツ＋不要牌,4m 3z,2,4,0,12,15,7.444444,"(4, 2, 12, 15, 7.44444)",1,18,144678m 244678m 246788m 344678m 346788m 445678m 445688m 446678m 446778m 446789m 446888m 447888m 447889m 456788m 466788m 467788m 467888m 467889m
447777m,447777m33z,メンツ＋トイツ＋不要牌,4m 3z,2,4,0,8,12,7.076923,"(4, 2, 8, 12, 7.07692)",1,13,144777m 244777m 247777m 344777m 347777m 445777m 446777m 447778m 447779m 457777m 467777m 477778m 477779m
447778m,447778m33z,メンツ＋トイツ＋不要牌,4m 3z,2,4,0,8,12,6.375000,"(4, 2, 8, 12, 6.375)",1,16,144777m 244777m 247778m 344777m 347778m 445777m 446777m 446778m 447777m 447779m 447789m 457778m 467778m 477778m 477788m 477789m
447779m,447779m33z,メンツ＋トイツ＋不要牌,4m 3z,2,4,0,6,12,6.066667,"(4, 2, 6, 12, 6.06667)",1,15,144777m 244777m 247779m 344777m 347779m 445777m 446777m 447777m 447778m 447789m 457779m 467779m 477779m 477789m 477799m
447789m,447789m33z,メンツ＋トイツ＋不要牌,4m 3z,2,4,0,8,12,6.117647,"(4, 2, 8, 12, 6.11765)",1,17,144789m 244789m 247789m 344789m 347789m 445789m 446778m 446789m 447778m 447779m 447889m 447899m 457789m 467789m 477789m 477889m 477899m
447888m,447888m33z,メンツ＋トイツ＋不要牌,4m 3z,2,4,0,8,12,6.375000,"(4, 2, 8, 12, 6.375)",1,16,144888m 244888m 247888m 344888m 347888m 445888m 446788m 446888m 447889m 448888m 448889m 457888m 467888m 477888m 478888m 478889m
447889m,447889m33z,メンツ＋トイツ＋不要牌,4m 3z,2,4,0,8,12,6.117647,"(4, 2, 8, 12, 6.11765)",1,17,144789m 244789m 247889m 344789m 347889m 445789m 446788m 446789m 447789m 447888m 447899m 448889m 457889m 467889m 477889m 478889m 478899m
447899m,447899m33z,メンツ＋トイツ＋不要牌,4m 3z,2,4,0,8,12,6.312500,"(4, 2, 8, 12, 6.3125)",1,16,144789m 244789m 247899m 344789m 347899m 445789m 446789m 447789m 447889m 447999m 448999m 457899m 467899m 477899m 478899m 478999m
447999m,447999m33z,メンツ＋トイツ＋不要牌,4m 3z,2,4,0,8,12,6.600000,"(4, 2, 8, 12, 6.6)",1,15,144999m 244999m 247999m 344999m 347999m 445999m 446999m 447899m 448999m 449999m 457999m 467999m 477999m 478999m 479999m
448888m,448888m33z,メンツ＋トイツ＋不要牌,4m 3z,2,4,0,8,12,7.076923,"(4, 2, 8, 12, 7.07692)",1,13,144888m 244888m 248888m 344888m 348888m 445888m 446888m 447888m 448889m 458888m 468888m 478888m 488889m
448889m,448889m33z,メンツ＋トイツ＋不要牌,4m 3z,2,4,0,6,12,6.066667,"(4, 2, 6, 12, 6.06667)",1,15,144888m 244888m 248889m 344888m 348889m 445888m 446888m 447888m 447889m 448888m 458889m 468889m 478889m 488889m 488899m
448999m,448999m33z,メンツ＋トイツ＋不要牌,4m 3z,2,4,0,8,12,6.600000,"(4, 2, 8, 12, 6.6)",1,15,144999m 244999m 248999m 344999m 348999m 445999m 446999m 447899m 447999m 449999m 458999m 468999m 478999m 488999m 489999m
449999m,449999m33z,メンツ＋トイツ＋不要牌,4m 3z,2,4,0,6,12,6.461538,"(4, 2, 6, 12, 6.46154)",1,13,144999m 244999m 249999m 344999m 349999m 445999m 446999m 447999m 448999m 459999m 469999m 479999m 489999m
455577m,455577m33z,メンツ＋トイツ＋不要牌,7m 3z,2,4,0,10,14,7.750000,"(4, 2, 10, 14, 7.75)",1,16,155577m 245557m 255577m 345557m 345577m 355577m 445557m 455557m 455567m 455578m 455579m 455677m 555577m 555677m 555778m 555779m
455588m,455588m33z,メンツ＋トイツ＋不要牌,8m 3z,2,4,0,7,12,5.875000,"(4, 2, 7, 12, 5.875)",1,16,155588m 245558m 255588m 345558m 345588m 355588m 445558m 455558m 455568m 455578m 455589m 455688m 555588m 555688m 555788m 555889m
455599m,455599m33z,メンツ＋トイツ＋不要牌,9m 3z,2,4,0,4,8,4.875000,"(4, 2, 4, 8, 4.875)",1,16,155599m 245559m 255599m 345559m 345599m 355599m 445559m 455559m 455569m 455579m 455589m 455699m 555599m 555699m 555799m 555899m
455688m,455688m33z,メンツ＋トイツ＋不要牌,8m 3z,2,4,0,11,15,7.058824,"(4, 2, 11, 15, 7.05882)",1,17,145688m 245688m 345568m 345588m 345688m 445568m 445688m 455568m 455588m 455668m 455678m 455689m 456688m 456788m 456889m 555688m 556788m
455699m,455699m33z,メンツ＋トイツ＋不要牌,9m 3z,2,4,0,6,11,5.352941,"(4, 2, 6, 11, 5.35294)",1,17,145699m 245699m 345569m 345599m 345699m 445569m 445699m 455569m 455599m 455669m 455679m 455689m 456699m 456799m 456899m 555699m 556799m
456699m,456699m33z,メンツ＋トイツ＋不要牌,9m 3z,2,4,0,5,8,5.000000,"(4, 2, 5, 8, 5)",1,16,145699m 245699m 345669m 345699m 445669m 445699m 455669m 455699m 456669m 456679m 456689m 456799m 456899m 466699m 566699m 566799m
466677m,466677m33z,メンツ＋トイツ＋不要牌,7m 3z,2,4,0,10,16,8.187500,"(4, 2, 10, 16, 8.1875)",1,16,166677m 246667m 266677m 346667m 366677m 446667m 456667m 456677m 466667m 466678m 466679m 466778m 566677m 666677m 666778m 666779m
466688m,466688m33z,メンツ＋トイツ＋不要牌,8m 3z,2,4,0,9,12,6.812500,"(4, 2, 9, 12, 6.8125)",1,16,166688m 246668m 266688m 346668m 366688m 446668m 456668m 456688m 466668m 466678m 466689m 466788m 566688m 666688m 666788m 666889m
466699m,466699m33z,メンツ＋トイツ＋不要牌,9m 3z,2,4,0,4,8,5.000000,"(4, 2, 4, 8, 5)",1,15,166699m 246669m 266699m 346669m 366699m 446669m 456669m 456699m 466669m 466679m 466689m 566699m 666699m 666799m 666899m
477788m,477788m33z,メンツ＋トイツ＋不要牌,8m 3z,2,4,0,9,12,6.750000,"(4, 2, 9, 12, 6.75)",1,16,177788m 247778m 277788m 347778m 377788m 447778m 457778m 467778m 467788m 477778m 477789m 477889m 577788m 677788m 777788m 777889m
477799m,477799m33z,メンツ＋トイツ＋不要牌,9m 3z,2,4,0,4,8,4.933333,"(4, 2, 4, 8, 4.93333)",2,15,177799m 247779m 277799m 347779m 377799m 447779m 457779m 467779m 477779m 477789m 477899m 577799m 677799m 777799m 777899m
477888m,477888m33z,メンツ＋トイツ＋不要牌,7m 3z,2,4,0,10,16,7.250000,"(4, 2, 10, 16, 7.25)",1,16,177888m 247888m 277888m 347888m 377888m 447888m 457888m 467788m 467888m 477889m 478888m 478889m 577888m 677888m 778888m 778889m
477999m,477999m33z,メンツ＋トイツ＋不要牌,7m 3z,2,4,0,8,12,6.533333,"(4, 2, 8, 12, 6.53333)",1,15,177999m 247999m 277999m 347999m 377999m 447999m 457999m 467999m 477899m 478999m 479999m 577999m 677999m 778999m 779999m
488899m,488899m33z,メンツ＋トイツ＋不要牌,9m 3z,2,4,0,4,8,4.933333,"(4, 2, 4, 8, 4.93333)",1,15,188899m 248889m 288899m 348889m 388899m 448889m 458889m 468889m 478889m 478899m 488889m 588899m 688899m 788899m 888899m
488999m,488999m33z,メンツ＋トイツ＋不要牌,8m 3z,2,4,0,7,12,6.000000,"(4, 2, 7, 12, 6)",1,15,188999m 248999m 288999m 348999m 388999m 448999m 458999m 468999m 478899m 478999m 489999m 588999m 688999m 788999m 889999m
555588m,555588m33z,メンツ＋トイツ＋不要牌,8m 3z,2,4,0,6,12,6.333333,"(4, 2, 6, 12, 6.33333)",1,12,155588m 255588m 355558m 355588m 455558m 455588m 555568m 555578m 555589m 555688m 555788m 555889m
555599m,555599m33z,メンツ＋トイツ＋不要牌,9m 3z,2,4,0,5,8,5.666667,"(4, 2, 5, 8, 5.66667)",1,12,155599m 255599m 355559m 355599m 455559m 455599m 555569m 555579m 555589m 555699m 555799m 555899m
555669m,555669m33z,メンツ＋トイツ＋不要牌,6m 3z,2,4,0,8,16,7.142857,"(4, 2, 8, 16, 7.14286)",1,14,155566m 255566m 355566m 455566m 455569m 455669m 555566m 555569m 555667m 555668m 555679m 555689m 555699m 556679m
555699m,555699m33z,メンツ＋トイツ＋不要牌,9m 3z,2,4,0,4,8,5.000000,"(4, 2, 4, 8, 5)",1,14,155599m 255599m 355599m 455569m 455599m 455699m 555569m 555599m 555669m 555679m 555689m 555799m 555899m 556799m
556668m,556668m33z,メンツ＋トイツ＋不要牌,5m 3z,2,4,0,9,16,8.200000,"(4, 2, 9, 16, 8.2)",1,15,155666m 255666m 355666m 356668m 455666m 455668m 456668m 556666m 556667m 556669m 556678m 566668m 566678m 566688m 566689m
556669m,556669m33z,メンツ＋トイツ＋不要牌,5m 3z,2,4,0,9,16,7.200000,"(4, 2, 9, 16, 7.2)",1,15,155666m 255666m 355666m 356669m 455666m 455669m 456669m 556666m 556667m 556668m 556679m 566669m 566679m 566689m 566699m
556799m,556799m33z,メンツ＋トイツ＋不要牌,9m 3z,2,4,0,9,11,6.470588,"(4, 2, 9, 11, 6.47059)",1,17,156799m 256799m 355679m 356799m 455679m 455699m 456799m 555679m 555699m 555799m 556679m 556779m 556789m 557899m 566799m 567799m 567899m
557778m,557778m33z,メンツ＋トイツ＋不要牌,5m 3z,2,4,0,10,14,7.733333,"(4, 2, 10, 14, 7.73333)",1,15,155777m 255777m 355777m 357778m 455777m 457778m 556777m 556778m 557777m 557779m 557789m 567778m 577778m 577788m 577789m
557779m,557779m33z,メンツ＋トイツ＋不要牌,5m 3z,2,4,0,10,12,7.266667,"(4, 2, 10, 12, 7.26667)",1,15,155777m 255777m 355777m 357779m 455777m 457779m 556777m 556779m 557777m 557778m 557789m 567779m 577779m 577789m 577799m
557889m,557889m33z,メンツ＋トイツ＋不要牌,5m 3z,2,4,0,10,12,6.812500,"(4, 2, 10, 12, 6.8125)",1,16,155789m 255789m 355789m 357889m 455789m 457889m 556788m 556789m 557789m 557888m 557899m 558889m 567889m 577889m 578889m 578899m
557899m,557899m33z,メンツ＋トイツ＋不要牌,5m 3z,2,4,0,9,12,6.687500,"(4, 2, 9, 12, 6.6875)",1,16,155789m 255789m 355789m 357899m 455789m 457899m 556789m 556799m 557789m 557889m 557999m 558999m 567899m 577899m 578899m 578999m
558888m,558888m33z,メンツ＋トイツ＋不要牌,5m 3z,2,4,0,7,12,7.000000,"(4, 2, 7, 12, 7)",1,12,155888m 255888m 355888m 358888m 455888m 458888m 556888m 557888m 558889m 568888m 578888m 588889m
558889m,558889m33z,メンツ＋トイツ＋不要牌,5m 3z,2,4,0,7,12,6.500000,"(4, 2, 7, 12, 6.5)",1,14,155888m 255888m 355888m 358889m 455888m 458889m 556888m 557888m 557889m 558888m 568889m 578889m 588889m 588899m
558999m,558999m33z,メンツ＋トイツ＋不要牌,5m 3z,2,4,0,7,12,6.500000,"(4, 2, 7, 12, 6.5)",1,14,155999m 255999m 355999m 358999m 455999m 458999m 556999m 557899m 557999m 559999m 568999m 578999m 588999m 589999m
559999m,559999m33z,メンツ＋トイツ＋不要牌,5m 3z,2,4,0,7,12,7.000000,"(4, 2, 7, 12, 7)",1,12,155999m 255999m 355999m 359999m 455999m 459999m 556999m 557999m 558999m 569999m 579999m 589999m
566688m,566688m33z,メンツ＋トイツ＋不要牌,8m 3z,2,4,0,8,14,7.200000,"(4, 2, 8, 14, 7.2)",1,15,166688m 266688m 356668m 366688m 456668m 456688m 466688m 556668m 566668m 566678m 566689m 566788m 666688m 666788m 666889m
566699m,566699m33z,メンツ＋トイツ＋不要牌,9m 3z,2,4,0,5,8,5.200000,"(4, 2, 5, 8, 5.2)",1,15,166699m 266699m 356669m 366699m 456669m 456699m 466699m 556669m 566669m 566679m 566689m 566799m 666699m 666799m 666899m
566799m,566799m33z,メンツ＋トイツ＋不要牌,9m 3z,2,4,0,10,11,6.500000,"(4, 2, 10, 11, 6.5)",1,16,156799m 256799m 356799m 456679m 456699m 456799m 556679m 556799m 566679m 566699m 566779m 566789m 567799m 567899m 666799m 667899m
577788m,577788m33z,メンツ＋トイツ＋不要牌,8m 3z,2,4,0,9,14,7.666667,"(4, 2, 9, 14, 7.66667)",1,15,177788m 277788m 357778m 377788m 457778m 477788m 557778m 567778m 567788m 577778m 577789m 577889m 677788m 777788m 777889m
577799m,577799m33z,メンツ＋トイツ＋不要牌,9m 3z,2,4,0,8,11,6.200000,"(4, 2, 8, 11, 6.2)",2,15,177799m 277799m 357779m 377799m 457779m 477799m 557779m 567779m 567799m 577779m 577789m 577899m 677799m 777799m 777899m
588899m,588899m33z,メンツ＋トイツ＋不要牌,9m 3z,2,4,0,5,8,5.285714,"(4, 2, 5, 8, 5.28571)",1,14,188899m 288899m 358889m 388899m 458889m 488899m 558889m 568889m 578889m 578899m 588889m 688899m 788899m 888899m
588999m,588999m33z,メンツ＋トイツ＋不要牌,8m 3z,2,4,0,6,12,5.857143,"(4, 2, 6, 12, 5.85714)",1,14,188999m 288999m 358999m 388999m 458999m 488999m 558999m 568999m 578899m 578999m 589999m 688999m 788999m 889999m
666699m,666699m33z,メンツ＋トイツ＋不要牌,9m 3z,2,4,0,4,8,5.454545,"(4, 2, 4, 8, 5.45455)",1,11,166699m 266699m 366699m 466669m 466699m 566669m 566699m 666679m 666689m 666799m 666899m
667779m,667779m33z,メンツ＋トイツ＋不要牌,6m 3z,2,4,0,9,16,8.214286,"(4, 2, 9, 16, 8.21429)",1,14,166777m 266777m 366777m 466777m 467779m 566777m 566779m 567779m 667777m 667778m 667789m 677779m 677789m 677799m
668889m,668889m33z,メンツ＋トイツ＋不要牌,6m 3z,2,4,0,7,12,6.846154,"(4, 2, 7, 12, 6.84615)",1,13,166888m 266888m 366888m 466888m 468889m 566888m 568889m 667888m 667889m 668888m 678889m 688889m 688899m
669999m,669999m33z,メンツ＋トイツ＋不要牌,6m 3z,2,4,0,6,12,6.909091,"(4, 2, 6, 12, 6.90909)",1,11,166999m 266999m 366999m 466999m 469999m 566999m 569999m 667999m 668999m 679999m 689999m
677799m,677799m33z,メンツ＋トイツ＋不要牌,9m 3z,2,4,0,7,11,6.571429,"(4, 2, 7, 11, 6.57143)",1,14,177799m 277799m 377799m 467779m 477799m 567779m 567799m 577799m 667779m 677779m 677789m 677899m 777799m 777899m
688899m,688899m33z,メンツ＋トイツ＋不要牌,9m 3z,2,4,0,5,10,5.615385,"(4, 2, 5, 10, 5.61538)",1,13,188899m 288899m 388899m 468889m 488899m 568889m 588899m 668889m 678889m 678899m 688889m 788899m 888899m
111124m,111124m33z,メンツ＋ターツ＋不要牌,3m,1,4,0,6,8,5.500000,"(4, 1, 6, 8, 5.5)",2,16,111122m 111125m 111126m 111127m 111128m 111129m 111144m 111145m 111146m 111224m 111244m 111245m 111246m 111247m 111248m 111249m
111125m,111125m33z,メンツ＋ターツ＋不要牌,3m,1,4,0,5,8,5.333333,"(4, 1, 5, 8, 5.33333)",1,15,111122m 111124m 111126m 111127m 111128m 111129m 111145m 111155m 111156m 111157m 111225m 111245m 111255m 111256m 111257m
111126m,111126m33z,メンツ＋ターツ＋不要牌,3m,1,4,0,6,8,5.411765,"(4, 1, 6, 8, 5.41176)",1,17,111122m 111124m 111125m 111127m 111128m 111129m 111146m 111156m 111166m 111167m 111168m 111226m 111246m 111256m 111266m 111267m 111268m
111127m,111127m33z,メンツ＋ターツ＋不要牌,3m,1,4,0,5,8,5.111111,"(4, 1, 5, 8, 5.11111)",1,18,111122m 111124m 111125m 111126m 111128m 111129m 111157m 111167m 111177m 111178m 111179m 111227m 111247m 111257m 111267m 111277m 111278m 111279m
111128m,111128m33z,メンツ＋ターツ＋不要牌,3m,1,4,0,3,8,4.750000,"(4, 1, 3, 8, 4.75)",1,16,111122m 111124m 111125m 111126m 111127m 111129m 111168m 111178m 111188m 111189m 111228m 111248m 111268m 111278m 111288m 111289m
111129m,111129m33z,メンツ＋ターツ＋不要牌,3m,1,4,0,1,8,4.285714,"(4, 1, 1, 8, 4.28571)",1,14,111122m 111124m 111125m 111126m 111127m 111128m 111179m 111189m 111199m 111229m 111249m 111279m 111289m 111299m
111136m,111136m33z,メンツ＋ターツ＋不要牌,2m,1,4,0,8,8,5.882353,"(4, 1, 8, 8, 5.88235)",2,17,111133m 111134m 111135m 111137m 111138m 111139m 111146m 111156m 111166m 111167m 111168m 111336m 111346m 111356m 111366m 111367m 111368m
111137m,111137m33z,メンツ＋ターツ＋不要牌,2m,1,4,0,9,8,6.000000,"(4, 1, 9, 8, 6)",2,18,111133m 111134m 111135m 111136m 111138m 111139m 111157m 111167m 111177m 111178m 111179m 111337m 111347m 111357m 111367m 111377m 111378m 111379m
111138m,111138m33z,メンツ＋ターツ＋不要牌,2m,1,4,0,6,8,5.411765,"(4, 1, 6, 8, 5.41176)",2,17,111133m 111134m 111135m 111136m 111137m 111139m 111168m 111178m 111188m 111189m 111338m 111348m 111358m 111368m 111378m 111388m 111389m
111139m,111139m33z,メンツ＋ターツ＋不要牌,2m,1,4,0,4,8,5.066667,"(4, 1, 4, 8, 5.06667)",2,15,111133m 111134m 111135m 111136m 111137m 111138m 111179m 111189m 111199m 111339m 111349m 111359m 111379m 111389m 111399m
111146m,111146m33z,メンツ＋ターツ＋不要牌,5m,1,4,0,8,8,6.133333,"(4, 1, 8, 8, 6.13333)",2,15,111124m 111126m 111134m 111136m 111144m 111166m 111167m 111168m 111246m 111346m 111446m 111466m 111467m 111468m 111469m
111157m,111157m33z,メンツ＋ターツ＋不要牌,6m,1,4,0,9,8,6.250000,"(4, 1, 9, 8, 6.25)",2,16,111125m 111127m 111135m 111137m 111145m 111155m 111177m 111178m 111179m 111257m 111357m 111457m 111557m 111577m 111578m 111579m
111168m,111168m33z,メンツ＋ターツ＋不要牌,7m,1,4,0,5,8,5.250000,"(4, 1, 5, 8, 5.25)",2,16,111126m 111128m 111136m 111138m 111146m 111156m 111166m 111188m 111189m 111268m 111368m 111468m 111568m 111668m 111688m 111689m
111179m,111179m33z,メンツ＋ターツ＋不要牌,8m,1,4,0,5,8,5.333333,"(4, 1, 5, 8, 5.33333)",2,15,111127m 111129m 111137m 111139m 111157m 111167m 111177m 111199m 111279m 111379m 111479m 111579m 111679m 111779m 111799m
111189m,111189m33z,メンツ＋ターツ＋不要牌,7m,1,4,0,2,8,4.571429,"(4, 1, 2, 8, 4.57143)",1,14,111128m 111129m 111138m 111139m 111168m 111188m 111199m 111289m 111389m 111489m 111589m 111689m 111889m 111899m
111247m,111247m33z,メンツ＋ターツ＋不要牌,3m,1,4,0,9,8,5.800000,"(4, 1, 9, 8, 5.8)",2,20,111124m 111127m 111224m 111227m 111244m 111245m 111246m 111248m 111249m 111257m 111267m 111277m 111278m 111279m 111447m 111457m 111467m 111477m 111478m 111479m
111248m,111248m33z,メンツ＋ターツ＋不要牌,3m,1,4,0,8,8,5.684211,"(4, 1, 8, 8, 5.68421)",2,19,111124m 111128m 111224m 111228m 111244m 111245m 111246m 111247m 111249m 111268m 111278m 111288m 111289m 111448m 111458m 111468m 111478m 111488m 111489m
111249m,111249m33z,メンツ＋ターツ＋不要牌,3m,1,4,0,5,8,5.111111,"(4, 1, 5, 8, 5.11111)",2,18,111124m 111129m 111224m 111229m 111244m 111245m 111246m 111247m 111248m 111279m 111289m 111299m 111449m 111459m 111469m 111479m 111489m 111499m
111257m,111257m33z,メンツ＋ターツ＋不要牌,6m,1,4,0,10,8,5.900000,"(4, 1, 10, 8, 5.9)",2,20,111125m 111127m 111157m 111225m 111227m 111235m 111237m 111245m 111247m 111255m 111277m 111278m 111279m 111357m 111457m 111557m 111577m 111578m 111579m 112357m
111268m,111268m33z,メンツ＋ターツ＋不要牌,7m,1,4,0,8,8,5.500000,"(4, 1, 8, 8, 5.5)",2,20,111126m 111128m 111168m 111226m 111228m 111236m 111238m 111246m 111248m 111256m 111266m 111288m 111289m 111368m 111468m 111568m 111668m 111688m 111689m 112368m
111279m,111279m33z,メンツ＋ターツ＋不要牌,8m,1,4,0,7,8,5.300000,"(4, 1, 7, 8, 5.3)",2,20,111127m 111129m 111179m 111227m 111229m 111237m 111239m 111247m 111249m 111257m 111267m 111277m 111299m 111379m 111479m 111579m 111679m 111779m 111799m 112379m
111289m,111289m33z,メンツ＋ターツ＋不要牌,7m,1,4,0,4,8,4.736842,"(4, 1, 4, 8, 4.73684)",1,19,111128m 111129m 111189m 111228m 111229m 111238m 111239m 111248m 111249m 111268m 111288m 111299m 111389m 111489m 111589m 111689m 111889m 111899m 112389m
111358m,111358m33z,メンツ＋ターツ＋不要牌,4m,1,4,0,10,8,6.000000,"(4, 1, 10, 8, 6)",2,19,111135m 111138m 111235m 111238m 111335m 111338m 111355m 111356m 111357m 111359m 111368m 111378m 111388m 111389m 111558m 111568m 111578m 111588m 111589m
111359m,111359m33z,メンツ＋ターツ＋不要牌,4m,1,4,0,9,8,5.888889,"(4, 1, 9, 8, 5.88889)",2,18,111135m 111139m 111235m 111239m 111335m 111339m 111355m 111356m 111357m 111358m 111379m 111389m 111399m 111559m 111569m 111579m 111589m 111599m
111368m,111368m33z,メンツ＋ターツ＋不要牌,7m,1,4,0,9,8,5.619048,"(4, 1, 9, 8, 5.61905)",2,21,111136m 111138m 111168m 111236m 111238m 111268m 111336m 111338m 111346m 111348m 111356m 111358m 111366m 111388m 111389m 111468m 111568m 111668m 111688m 111689m 112368m
111379m,111379m33z,メンツ＋ターツ＋不要牌,8m,1,4,0,10,8,5.809524,"(4, 1, 10, 8, 5.80952)",2,21,111137m 111139m 111179m 111237m 111239m 111279m 111337m 111339m 111347m 111349m 111357m 111359m 111367m 111377m 111399m 111479m 111579m 111679m 111779m 111799m 112379m
111389m,111389m33z,メンツ＋ターツ＋不要牌,7m,1,4,0,6,8,5.047619,"(4, 1, 6, 8, 5.04762)",1,21,111138m 111139m 111189m 111238m 111239m 111289m 111338m 111339m 111348m 111349m 111358m 111359m 111368m 111388m 111399m 111489m 111589m 111689m 111889m 111899m 112389m
111469m,111469m33z,メンツ＋ターツ＋不要牌,5m,1,4,0,8,8,5.882353,"(4, 1, 8, 8, 5.88235)",2,17,111146m 111246m 111249m 111346m 111349m 111446m 111449m 111466m 111467m 111468m 111479m 111489m 111499m 111669m 111679m 111689m 111699m
111479m,111479m33z,メンツ＋ターツ＋不要牌,8m,1,4,0,9,8,5.894737,"(4, 1, 9, 8, 5.89474)",2,19,111179m 111247m 111249m 111279m 111347m 111349m 111379m 111447m 111449m 111457m 111459m 111467m 111469m 111477m 111499m 111579m 111679m 111779m 111799m
111489m,111489m33z,メンツ＋ターツ＋不要牌,7m,1,4,0,7,8,5.473684,"(4, 1, 7, 8, 5.47368)",1,19,111189m 111248m 111249m 111289m 111348m 111349m 111389m 111448m 111449m 111458m 111459m 111468m 111469m 111488m 111499m 111589m 111689m 111889m 111899m
111589m,111589m33z,メンツ＋ターツ＋不要牌,7m,1,4,0,6,8,5.411765,"(4, 1, 6, 8, 5.41176)",1,17,111189m 111289m 111358m 111359m 111389m 111458m 111459m 111489m 111558m 111559m 111568m 111569m 111588m 111599m 111689m 111889m 111899m
111689m,111689m33z,メンツ＋ターツ＋不要牌,7m,1,4,0,7,8,5.555556,"(4, 1, 7, 8, 5.55556)",1,18,111168m 111189m 111268m 111289m 111368m 111389m 111468m 111469m 111489m 111568m 111569m 111589m 111668m 111669m 111688m 111699m 111889m 111899m
112357m,112357m33z,メンツ＋ターツ＋不要牌,6m,1,4,0,12,11,6.000000,"(4, 1, 12, 11, 6)",1,22,111235m 111237m 111257m 111357m 112235m 112237m 112335m 112337m 112345m 112347m 112355m 112377m 112378m 112379m 113457m 122357m 123357m 123457m 123557m 123577m 123578m 123579m
112368m,112368m33z,メンツ＋ターツ＋不要牌,7m,1,4,0,8,8,5.238095,"(4, 1, 8, 8, 5.2381)",2,21,111236m 111238m 111268m 111368m 112236m 112238m 112336m 112338m 112346m 112348m 112356m 112366m 112388m 112389m 122368m 123368m 123468m 123568m 123668m 123688m 123689m
112379m,112379m33z,メンツ＋ターツ＋不要牌,8m,1,4,0,7,8,5.047619,"(4, 1, 7, 8, 5.04762)",1,21,111237m 111239m 111279m 111379m 112237m 112239m 112337m 112339m 112347m 112349m 112357m 112367m 112377m 112399m 122379m 123379m 123479m 123579m 123679m 123779m 123799m
112389m,112389m33z,メンツ＋ターツ＋不要牌,7m,1,4,0,4,8,4.500000,"(4, 1, 4, 8, 4.5)",1,20,111238m 111239m 111289m 111389m 112238m 112239m 112338m 112339m 112348m 112349m 112368m 112388m 112399m 122389m 123389m 123489m 123589m 123689m 123889m 123899m
122224m,122224m33z,メンツ＋ターツ＋不要牌,3m,1,4,0,5,8,5.250000,"(4, 1, 5, 8, 5.25)",1,16,112222m 112224m 122225m 122226m 122227m 122228m 122229m 122244m 122245m 122246m 222244m 222245m 222246m 222247m 222248m 222249m
122225m,122225m33z,メンツ＋ターツ＋不要牌,3m,1,4,0,5,8,5.333333,"(4, 1, 5, 8, 5.33333)",1,15,112222m 112225m 122224m 122226m 122227m 122228m 122229m 122245m 122255m 122256m 122257m 222245m 222255m 222256m 222257m
122226m,122226m33z,メンツ＋ターツ＋不要牌,3m,1,4,0,6,8,5.411765,"(4, 1, 6, 8, 5.41176)",1,17,112222m 112226m 122224m 122225m 122227m 122228m 122229m 122246m 122256m 122266m 122267m 122268m 222246m 222256m 222266m 222267m 222268m
122227m,122227m33z,メンツ＋ターツ＋不要牌,3m,1,4,0,5,8,5.111111,"(4, 1, 5, 8, 5.11111)",1,18,112222m 112227m 122224m 122225m 122226m 122228m 122229m 122257m 122267m 122277m 122278m 122279m 222247m 222257m 222267m 222277m 222278m 222279m
122228m,122228m33z,メンツ＋ターツ＋不要牌,3m,1,4,0,3,8,4.750000,"(4, 1, 3, 8, 4.75)",1,16,112222m 112228m 122224m 122225m 122226m 122227m 122229m 122268m 122278m 122288m 122289m 222248m 222268m 222278m 222288m 222289m
122229m,122229m33z,メンツ＋ターツ＋不要牌,3m,1,4,0,1,8,4.285714,"(4, 1, 1, 8, 4.28571)",1,14,112222m 112229m 122224m 122225m 122226m 122227m 122228m 122279m 122289m 122299m 222249m 222279m 222289m 222299m
122246m,122246m33z,メンツ＋ターツ＋不要牌,5m,1,4,0,9,10,5.944444,"(4, 1, 9, 10, 5.94444)",1,18,112224m 112226m 122224m 122226m 122234m 122236m 122244m 122266m 122267m 122268m 122346m 222246m 222346m 222446m 222466m 222467m 222468m 222469m
122257m,122257m33z,メンツ＋ターツ＋不要牌,6m,1,4,0,9,8,5.789474,"(4, 1, 9, 8, 5.78947)",2,19,112225m 112227m 122225m 122227m 122235m 122237m 122245m 122255m 122277m 122278m 122279m 122357m 222257m 222357m 222457m 222557m 222577m 222578m 222579m
122268m,122268m33z,メンツ＋ターツ＋不要牌,7m,1,4,0,5,8,4.947368,"(4, 1, 5, 8, 4.94737)",1,19,112226m 112228m 122226m 122228m 122236m 122238m 122246m 122256m 122266m 122288m 122289m 122368m 222268m 222368m 222468m 222568m 222668m 222688m 222689m
122279m,122279m33z,メンツ＋ターツ＋不要牌,8m,1,4,0,5,8,5.000000,"(4, 1, 5, 8, 5)",2,18,112227m 112229m 122227m 122229m 122237m 122239m 122257m 122267m 122277m 122299m 122379m 222279m 222379m 222479m 222579m 222679m 222779m 222799m
122289m,122289m33z,メンツ＋ターツ＋不要牌,7m,1,4,0,2,8,4.352941,"(4, 1, 2, 8, 4.35294)",1,17,112228m 112229m 122228m 122229m 122238m 122239m 122268m 122288m 122299m 122389m 222289m 222389m 222489m 222589m 222689m 222889m 222899m
122357m,122357m33z,メンツ＋ターツ＋不要牌,6m,1,4,0,13,11,6.136364,"(4, 1, 13, 11, 6.13636)",1,22,112235m 112237m 112357m 122235m 122237m 122257m 122335m 122337m 122345m 122347m 122355m 122377m 122378m 122379m 123357m 123457m 123557m 123577m 123578m 123579m 222357m 223457m
122368m,122368m33z,メンツ＋ターツ＋不要牌,7m,1,4,0,8,8,5.090909,"(4, 1, 8, 8, 5.09091)",1,22,112236m 112238m 112368m 122236m 122238m 122268m 122336m 122338m 122346m 122348m 122356m 122366m 122388m 122389m 123368m 123468m 123568m 123668m 123688m 123689m 222368m 223468m
122379m,122379m33z,メンツ＋ターツ＋不要牌,8m,1,4,0,7,8,4.909091,"(4, 1, 7, 8, 4.90909)",1,22,112237m 112239m 112379m 122237m 122239m 122279m 122337m 122339m 122347m 122349m 122357m 122367m 122377m 122399m 123379m 123479m 123579m 123679m 123779m 123799m 222379m 223479m
122389m,122389m33z,メンツ＋ターツ＋不要牌,7m,1,4,0,4,8,4.380952,"(4, 1, 4, 8, 4.38095)",1,21,112238m 112239m 112389m 122238m 122239m 122289m 122338m 122339m 122348m 122349m 122368m 122388m 122399m 123389m 123489m 123589m 123689m 123889m 123899m 222389m 223489m
123358m,123358m33z,メンツ＋ターツ＋不要牌,4m,1,4,0,10,8,5.789474,"(4, 1, 10, 8, 5.78947)",2,19,112335m 112338m 122335m 122338m 123335m 123338m 123355m 123356m 123357m 123359m 123368m 123378m 123388m 123389m 123558m 123568m 123578m 123588m 123589m
123359m,123359m33z,メンツ＋ターツ＋不要牌,4m,1,4,0,9,8,5.666667,"(4, 1, 9, 8, 5.66667)",2,18,112335m 112339m 122335m 122339m 123335m 123339m 123355m 123356m 123357m 123358m 123379m 123389m 123399m 123559m 123569m 123579m 123589m 123599m
123368m,123368m33z,メンツ＋ターツ＋不要牌,7m,1,4,0,9,8,5.217391,"(4, 1, 9, 8, 5.21739)",1,23,112336m 112338m 112368m 122336m 122338m 122368m 123336m 123338m 123346m 123348m 123356m 123358m 123366m 123388m 123389m 123468m 123568m 123668m 123688m 123689m 133368m 233368m 233468m
123379m,123379m33z,メンツ＋ターツ＋不要牌,8m,1,4,0,10,8,5.391304,"(4, 1, 10, 8, 5.3913)",2,23,112337m 112339m 112379m 122337m 122339m 122379m 123337m 123339m 123347m 123349m 123357m 123359m 123367m 123377m 123399m 123479m 123579m 123679m 123779m 123799m 133379m 233379m 233479m
123389m,123389m33z,メンツ＋ターツ＋不要牌,7m,1,4,0,6,8,4.695652,"(4, 1, 6, 8, 4.69565)",1,23,112338m 112339m 112389m 122338m 122339m 122389m 123338m 123339m 123348m 123349m 123358m 123359m 123368m 123388m 123399m 123489m 123589m 123689m 123889m 123899m 133389m 233389m 233489m
123469m,123469m33z,メンツ＋ターツ＋不要牌,5m,1,4,0,10,8,5.565217,"(4, 1, 10, 8, 5.56522)",1,23,112346m 112349m 122346m 122349m 123346m 123349m 123446m 123449m 123466m 123467m 123468m 123479m 123489m 123499m 123669m 123679m 123689m 123699m 234469m 234669m 234679m 234689m 234699m
123479m,123479m33z,メンツ＋ターツ＋不要牌,8m,1,4,0,13,8,5.586207,"(4, 1, 13, 8, 5.58621)",2,29,112347m 112349m 112379m 122347m 122349m 122379m 123347m 123349m 123379m 123447m 123449m 123457m 123459m 123467m 123469m 123477m 123499m 123579m 123679m 123779m 123799m 134579m 223479m 233479m 234479m 234579m 234679m 234779m 234799m
123489m,123489m33z,メンツ＋ターツ＋不要牌,7m,1,4,0,9,8,5.034483,"(4, 1, 9, 8, 5.03448)",1,29,112348m 112349m 112389m 122348m 122349m 122389m 123348m 123349m 123389m 123448m 123449m 123458m 123459m 123468m 123469m 123488m 123499m 123589m 123689m 123889m 123899m 134589m 223489m 233489m 234489m 234589m 234689m 234889m 234899m
123589m,123589m33z,メンツ＋ターツ＋不要牌,7m,1,4,0,6,8,5.157895,"(4, 1, 6, 8, 5.15789)",1,19,112389m 122389m 123358m 123359m 123389m 123458m 123459m 123489m 123558m 123559m 123568m 123569m 123588m 123599m 123689m 123889m 123899m 134589m 234589m
123689m,123689m33z,メンツ＋ターツ＋不要牌,7m,1,4,0,7,8,5.473684,"(4, 1, 7, 8, 5.47368)",1,19,112368m 112389m 122368m 122389m 123368m 123389m 123468m 123469m 123489m 123568m 123569m 123589m 123668m 123669m 123688m 123699m 123889m 123899m 234689m
124444m,124444m33z,メンツ＋ターツ＋不要牌,3m,1,4,0,6,8,5.500000,"(4, 1, 6, 8, 5.5)",1,16,112444m 114444m 122444m 124445m 124446m 124447m 124448m 124449m 144445m 144446m 224444m 244445m 244446m 244447m 244448m 244449m
124445m,124445m33z,メンツ＋ターツ＋不要牌,3m,1,4,0,6,11,5.444444,"(4, 1, 6, 11, 5.44444)",1,18,112444m 114445m 122444m 124444m 124446m 124447m 124448m 124449m 124456m 144445m 144455m 144456m 144457m 224445m 244445m 244455m 244456m 244457m
124446m,124446m33z,メンツ＋ターツ＋不要牌,3m,1,4,0,7,11,5.500000,"(4, 1, 7, 11, 5.5)",1,20,112444m 114446m 122444m 124444m 124445m 124447m 124448m 124449m 124456m 144446m 144456m 144466m 144467m 144468m 224446m 244446m 244456m 244466m 244467m 244468m
124447m,124447m33z,メンツ＋ターツ＋不要牌,3m,1,4,0,6,8,5.200000,"(4, 1, 6, 8, 5.2)",1,20,112444m 114447m 122444m 124444m 124445m 124446m 124448m 124449m 144457m 144467m 144477m 144478m 144479m 224447m 244447m 244457m 244467m 244477m 244478m 244479m
124448m,124448m33z,メンツ＋ターツ＋不要牌,3m,1,4,0,4,8,4.888889,"(4, 1, 4, 8, 4.88889)",1,18,112444m 114448m 122444m 124444m 124445m 124446m 124447m 124449m 144468m 144478m 144488m 144489m 224448m 244448m 244468m 244478m 244488m 244489m
124449m,124449m33z,メンツ＋ターツ＋不要牌,3m,1,4,0,2,8,4.500000,"(4, 1, 2, 8, 4.5)",1,16,112444m 114449m 122444m 124444m 124445m 124446m 124447m 124448m 144479m 144489m 144499m 224449m 244449m 244479m 244489m 244499m
124456m,124456m33z,メンツ＋ターツ＋不要牌,3m,1,4,0,9,11,5.619048,"(4, 1, 9, 11, 5.61905)",1,21,112456m 114456m 122456m 124445m 124446m 124556m 124566m 124567m 124568m 124569m 144456m 144556m 144566m 144567m 224456m 244456m 244556m 244566m 244567m 244568m 244569m
124555m,124555m33z,メンツ＋ターツ＋不要牌,3m,1,4,0,7,8,5.368421,"(4, 1, 7, 8, 5.36842)",1,19,112555m 114555m 122555m 124556m 125555m 125556m 125557m 125558m 125559m 144555m 145555m 145556m 224555m 244555m 245555m 245556m 245557m 245558m 245559m
124556m,124556m33z,メンツ＋ターツ＋不要牌,3m,1,4,0,9,8,5.400000,"(4, 1, 9, 8, 5.4)",1,20,112456m 114556m 122456m 124456m 124555m 124566m 124567m 124568m 124569m 125556m 125567m 144556m 145556m 145566m 145567m 224556m 244556m 245556m 245566m 245567m
124566m,124566m33z,メンツ＋ターツ＋不要牌,3m,1,4,0,9,11,5.454545,"(4, 1, 9, 11, 5.45455)",1,22,112456m 114566m 122456m 124456m 124556m 124567m 124568m 124569m 124666m 125666m 125667m 144566m 145566m 145666m 145667m 145668m 224566m 244566m 245566m 245666m 245667m 245668m
124567m,124567m33z,メンツ＋ターツ＋不要牌,3m,1,4,0,14,11,6.137931,"(4, 1, 14, 11, 6.13793)",1,29,112456m 112567m 114567m 122456m 122567m 124456m 124556m 124566m 124568m 124569m 124678m 125567m 125667m 125677m 125678m 125679m 144567m 145567m 145667m 145677m 145678m 145679m 224567m 244567m 245567m 245667m 245677m 245678m 245679m
124568m,124568m33z,メンツ＋ターツ＋不要牌,3m,1,4,0,4,11,5.100000,"(4, 1, 4, 11, 5.1)",1,20,112456m 114568m 122456m 124456m 124556m 124566m 124567m 124569m 124678m 125678m 145668m 145678m 145688m 145689m 224568m 244568m 245668m 245678m 245688m 245689m
124569m,124569m33z,メンツ＋ターツ＋不要牌,3m,1,4,0,3,8,4.705882,"(4, 1, 3, 8, 4.70588)",1,17,112456m 114569m 122456m 124456m 124556m 124566m 124567m 124568m 125679m 145679m 145689m 145699m 224569m 244569m 245679m 245689m 245699m
124666m,124666m33z,メンツ＋ターツ＋不要牌,3m,1,4,0,7,8,5.368421,"(4, 1, 7, 8, 5.36842)",1,19,112666m 114666m 122666m 124566m 125666m 126666m 126667m 126668m 126669m 144666m 145666m 146666m 224666m 244666m 245666m 246666m 246667m 246668m 246669m
124678m,124678m33z,メンツ＋ターツ＋不要牌,3m,1,4,0,8,11,5.727273,"(4, 1, 8, 11, 5.72727)",1,22,112678m 114678m 122678m 124567m 124568m 124789m 125678m 126678m 126778m 126788m 126789m 144678m 145678m 146678m 146789m 224678m 244678m 245678m 246678m 246778m 246788m 246789m
124777m,124777m33z,メンツ＋ターツ＋不要牌,3m,1,4,0,7,8,5.555556,"(4, 1, 7, 8, 5.55556)",1,18,112777m 114777m 122777m 125777m 126777m 127777m 127778m 127779m 144777m 145777m 146777m 224777m 244777m 245777m 246777m 247777m 247778m 247779m
124789m,124789m33z,メンツ＋ターツ＋不要牌,3m,1,4,0,7,8,5.473684,"(4, 1, 7, 8, 5.47368)",1,19,112789m 114789m 122789m 124678m 125789m 126789m 127789m 127889m 127899m 144789m 145789m 146789m 224789m 244789m 245789m 246789m 247789m 247889m 247899m
124888m,124888m33z,メンツ＋ターツ＋不要牌,3m,1,4,0,7,8,5.555556,"(4, 1, 7, 8, 5.55556)",1,18,112888m 114888m 122888m 125888m 126888m 127888m 128888m 128889m 144888m 145888m 146888m 224888m 244888m 245888m 246888m 247888m 248888m 248889m
124999m,124999m33z,メンツ＋ターツ＋不要牌,3m,1,4,0,7,8,5.555556,"(4, 1, 7, 8, 5.55556)",1,18,112999m 114999m 122999m 125999m 126999m 127999m 128999m 129999m 144999m 145999m 146999m 224999m 244999m 245999m 246999m 247999m 248999m 249999m
125555m,125555m33z,メンツ＋ターツ＋不要牌,3m,1,4,0,6,8,5.600000,"(4, 1, 6, 8, 5.6)",1,15,112555m 115555m 122555m 124555m 125556m 125557m 125558m 125559m 145555m 155556m 155557m 225555m 245555m 255556m 255557m
125556m,125556m33z,メンツ＋ターツ＋不要牌,3m,1,4,0,7,8,5.142857,"(4, 1, 7, 8, 5.14286)",1,21,112555m 115556m 122555m 124555m 124556m 125555m 125557m 125558m 125559m 125567m 145556m 155556m 155566m 155567m 155568m 225556m 245556m 255556m 255566m 255567m 255568m
125557m,125557m33z,メンツ＋ターツ＋不要牌,3m,1,4,0,6,8,5.047619,"(4, 1, 6, 8, 5.04762)",1,21,112555m 115557m 122555m 124555m 125555m 125556m 125558m 125559m 125567m 155557m 155567m 155577m 155578m 155579m 225557m 245557m 255557m 255567m 255577m 255578m 255579m
125558m,125558m33z,メンツ＋ターツ＋不要牌,3m,1,4,0,4,8,4.888889,"(4, 1, 4, 8, 4.88889)",1,18,112555m 115558m 122555m 124555m 125555m 125556m 125557m 125559m 155568m 155578m 155588m 155589m 225558m 245558m 255568m 255578m 255588m 255589m
125559m,125559m33z,メンツ＋ターツ＋不要牌,3m,1,4,0,2,8,4.500000,"(4, 1, 2, 8, 4.5)",1,16,112555m 115559m 122555m 124555m 125555m 125556m 125557m 125558m 155579m 155589m 155599m 225559m 245559m 255579m 255589m 255599m
125567m,125567m33z,メンツ＋ターツ＋不要牌,3m,1,4,0,8,8,5.090909,"(4, 1, 8, 8, 5.09091)",1,22,112567m 115567m 122567m 124556m 124567m 125556m 125557m 125667m 125677m 125678m 125679m 145567m 155567m 155667m 155677m 155678m 225567m 245567m 255567m 255667m 255677m 255678m
125666m,125666m33z,メンツ＋ターツ＋不要牌,3m,1,4,0,6,8,5.052632,"(4, 1, 6, 8, 5.05263)",1,19,112666m 115666m 122666m 124566m 124666m 125667m 126666m 126667m 126668m 126669m 145666m 155666m 156666m 156667m 225666m 245666m 255666m 256666m 256667m
125667m,125667m33z,メンツ＋ターツ＋不要牌,3m,1,4,0,10,11,5.478261,"(4, 1, 10, 11, 5.47826)",1,23,112567m 115667m 122567m 124566m 124567m 125567m 125666m 125677m 125678m 125679m 126667m 126678m 145667m 155667m 156667m 156677m 156678m 225667m 245667m 255667m 256667m 256677m 256678m
125677m,125677m33z,メンツ＋ターツ＋不要牌,3m,1,4,0,9,8,5.166667,"(4, 1, 9, 8, 5.16667)",1,24,112567m 115677m 122567m 124567m 125567m 125667m 125678m 125679m 125777m 126777m 126778m 145677m 155677m 156677m 156777m 156778m 156779m 225677m 245677m 255677m 256677m 256777m 256778m 256779m
125678m,125678m33z,メンツ＋ターツ＋不要牌,3m,1,4,0,12,11,5.600000,"(4, 1, 12, 11, 5.6)",1,30,112567m 112678m 115678m 122567m 122678m 124567m 124568m 124678m 125567m 125667m 125677m 125679m 125789m 126678m 126778m 126788m 126789m 145678m 155678m 156678m 156778m 156788m 156789m 225678m 245678m 255678m 256678m 256778m 256788m 256789m
125679m,125679m33z,メンツ＋ターツ＋不要牌,3m,1,4,0,5,8,4.900000,"(4, 1, 5, 8, 4.9)",1,20,112567m 115679m 122567m 124567m 124569m 125567m 125667m 125677m 125678m 125789m 126789m 145679m 156779m 156789m 156799m 225679m 245679m 256779m 256789m 256799m
125777m,125777m33z,メンツ＋ターツ＋不要牌,3m,1,4,0,6,8,5.222222,"(4, 1, 6, 8, 5.22222)",1,18,112777m 115777m 122777m 124777m 125677m 126777m 127777m 127778m 127779m 145777m 155777m 156777m 157777m 225777m 245777m 255777m 256777m 257777m
125789m,125789m33z,メンツ＋ターツ＋不要牌,3m,1,4,0,6,8,5.157895,"(4, 1, 6, 8, 5.15789)",1,19,112789m 115789m 122789m 124789m 125678m 125679m 126789m 127789m 127889m 127899m 145789m 155789m 156789m 157789m 225789m 245789m 255789m 256789m 257789m
125888m,125888m33z,メンツ＋ターツ＋不要牌,3m,1,4,0,6,8,5.411765,"(4, 1, 6, 8, 5.41176)",1,17,112888m 115888m 122888m 124888m 126888m 127888m 128888m 128889m 145888m 155888m 156888m 157888m 225888m 245888m 255888m 256888m 257888m
125999m,125999m33z,メンツ＋ターツ＋不要牌,3m,1,4,0,6,8,5.411765,"(4, 1, 6, 8, 5.41176)",1,17,112999m 115999m 122999m 124999m 126999m 127999m 128999m 129999m 145999m 155999m 156999m 157999m 225999m 245999m 255999m 256999m 257999m
126666m,126666m33z,メンツ＋ターツ＋不要牌,3m,1,4,0,7,8,5.647059,"(4, 1, 7, 8, 5.64706)",1,17,112666m 116666m 122666m 124666m 125666m 126667m 126668m 126669m 146666m 156666m 166667m 166668m 226666m 246666m 256666m 266667m 266668m
126667m,126667m33z,メンツ＋ターツ＋不要牌,3m,1,4,0,6,8,4.909091,"(4, 1, 6, 8, 4.90909)",1,22,112666m 116667m 122666m 124666m 125666m 125667m 126666m 126668m 126669m 126678m 156667m 166667m 166677m 166678m 166679m 226667m 246667m 256667m 266667m 266677m 266678m 266679m
126668m,126668m33z,メンツ＋ターツ＋不要牌,3m,1,4,0,4,8,4.736842,"(4, 1, 4, 8, 4.73684)",1,19,112666m 116668m 122666m 124666m 125666m 126666m 126667m 126669m 126678m 166668m 166678m 166688m 166689m 226668m 246668m 266668m 266678m 266688m 266689m
126669m,126669m33z,メンツ＋ターツ＋不要牌,3m,1,4,0,2,8,4.500000,"(4, 1, 2, 8, 4.5)",1,16,112666m 116669m 122666m 124666m 125666m 126666m 126667m 126668m 166679m 166689m 166699m 226669m 246669m 266679m 266689m 266699m
126678m,126678m33z,メンツ＋ターツ＋不要牌,3m,1,4,0,9,8,5.166667,"(4, 1, 9, 8, 5.16667)",1,24,112678m 116678m 122678m 124678m 125667m 125678m 126667m 126668m 126778m 126788m 126789m 146678m 156678m 166678m 166778m 166788m 166789m 226678m 246678m 256678m 266678m 266778m 266788m 266789m
126777m,126777m33z,メンツ＋ターツ＋不要牌,3m,1,4,0,7,8,5.142857,"(4, 1, 7, 8, 5.14286)",1,21,112777m 116777m 122777m 124777m 125677m 125777m 126778m 127777m 127778m 127779m 146777m 156777m 166777m 167777m 167778m 226777m 246777m 256777m 266777m 267777m 267778m
126778m,126778m33z,メンツ＋ターツ＋不要牌,3m,1,4,0,10,8,5.250000,"(4, 1, 10, 8, 5.25)",1,24,112678m 116778m 122678m 124678m 125677m 125678m 126678m 126777m 126788m 126789m 127778m 127789m 156778m 166778m 167778m 167788m 167789m 226778m 246778m 256778m 266778m 267778m 267788m 267789m
126788m,126788m33z,メンツ＋ターツ＋不要牌,3m,1,4,0,6,8,4.695652,"(4, 1, 6, 8, 4.69565)",1,23,112678m 116788m 122678m 124678m 125678m 126678m 126778m 126789m 126888m 127888m 127889m 156788m 166788m 167788m 167888m 167889m 226788m 246788m 256788m 266788m 267788m 267888m 267889m
126789m,126789m33z,メンツ＋ターツ＋不要牌,3m,1,4,0,9,8,5.034483,"(4, 1, 9, 8, 5.03448)",1,29,112678m 112789m 116789m 122678m 122789m 124678m 124789m 125678m 125679m 125789m 126678m 126778m 126788m 127789m 127889m 127899m 146789m 156789m 166789m 167789m 167889m 167899m 226789m 246789m 256789m 266789m 267789m 267889m 267899m
126888m,126888m33z,メンツ＋ターツ＋不要牌,3m,1,4,0,7,8,5.300000,"(4, 1, 7, 8, 5.3)",1,20,112888m 116888m 122888m 124888m 125888m 126788m 127888m 128888m 128889m 146888m 156888m 166888m 167888m 168888m 226888m 246888m 256888m 266888m 267888m 268888m
126999m,126999m33z,メンツ＋ターツ＋不要牌,3m,1,4,0,7,8,5.473684,"(4, 1, 7, 8, 5.47368)",1,19,112999m 116999m 122999m 124999m 125999m 127999m 128999m 129999m 146999m 156999m 166999m 167999m 168999m 226999m 246999m 256999m 266999m 267999m 268999m
127777m,127777m33z,メンツ＋ターツ＋不要牌,3m,1,4,0,6,8,5.333333,"(4, 1, 6, 8, 5.33333)",1,18,112777m 117777m 122777m 124777m 125777m 126777m 127778m 127779m 157777m 167777m 177778m 177779m 227777m 247777m 257777m 267777m 277778m 277779m
127778m,127778m33z,メンツ＋ターツ＋不要牌,3m,1,4,0,4,8,4.600000,"(4, 1, 4, 8, 4.6)",1,20,112777m 117778m 122777m 124777m 125777m 126777m 126778m 127777m 127779m 127789m 167778m 177778m 177788m 177789m 227778m 247778m 267778m 277778m 277788m 277789m
127779m,127779m33z,メンツ＋ターツ＋不要牌,3m,1,4,0,2,8,4.352941,"(4, 1, 2, 8, 4.35294)",1,17,112777m 117779m 122777m 124777m 125777m 126777m 127777m 127778m 127789m 177779m 177789m 177799m 227779m 247779m 277779m 277789m 277799m
127789m,127789m33z,メンツ＋ターツ＋不要牌,3m,1,4,0,6,8,4.695652,"(4, 1, 6, 8, 4.69565)",1,23,112789m 117789m 122789m 124789m 125789m 126778m 126789m 127778m 127779m 127889m 127899m 157789m 167789m 177789m 177889m 177899m 227789m 247789m 257789m 267789m 277789m 277889m 277899m
127888m,127888m33z,メンツ＋ターツ＋不要牌,3m,1,4,0,6,8,4.909091,"(4, 1, 6, 8, 4.90909)",1,22,112888m 117888m 122888m 124888m 125888m 126788m 126888m 127889m 128888m 128889m 157888m 167888m 177888m 178888m 178889m 227888m 247888m 257888m 267888m 277888m 278888m 278889m
127889m,127889m33z,メンツ＋ターツ＋不要牌,3m,1,4,0,4,8,4.380952,"(4, 1, 4, 8, 4.38095)",1,21,112789m 117889m 122789m 124789m 125789m 126788m 126789m 127789m 127888m 127899m 128889m 167889m 177889m 178889m 178899m 227889m 247889m 267889m 277889m 278889m 278899m
127899m,127899m33z,メンツ＋ターツ＋不要牌,3m,1,4,0,4,8,4.500000,"(4, 1, 4, 8, 4.5)",1,20,112789m 117899m 122789m 124789m 125789m 126789m 127789m 127889m 127999m 128999m 167899m 177899m 178899m 178999m 227899m 247899m 267899m 277899m 278899m 278999m
127999m,127999m33z,メンツ＋ターツ＋不要牌,3m,1,4,0,6,8,5.047619,"(4, 1, 6, 8, 5.04762)",1,21,112999m 117999m 122999m 124999m 125999m 126999m 127899m 128999m 129999m 157999m 167999m 177999m 178999m 179999m 227999m 247999m 257999m 267999m 277999m 278999m 279999m
128888m,128888m33z,メンツ＋ターツ＋不要牌,3m,1,4,0,4,8,5.000000,"(4, 1, 4, 8, 5)",1,16,112888m 118888m 122888m 124888m 125888m 126888m 127888m 128889m 168888m 178888m 188889m 228888m 248888m 268888m 278888m 288889m
128889m,128889m33z,メンツ＋ターツ＋不要牌,3m,1,4,0,2,8,4.352941,"(4, 1, 2, 8, 4.35294)",1,17,112888m 118889m 122888m 124888m 125888m 126888m 127888m 127889m 128888m 178889m 188889m 188899m 228889m 248889m 278889m 288889m 288899m
128999m,128999m33z,メンツ＋ターツ＋不要牌,3m,1,4,0,4,8,4.736842,"(4, 1, 4, 8, 4.73684)",1,19,112999m 118999m 122999m 124999m 125999m 126999m 127899m 127999m 129999m 168999m 178999m 188999m 189999m 228999m 248999m 268999m 278999m 288999m 289999m
129999m,129999m33z,メンツ＋ターツ＋不要牌,3m,1,4,0,2,8,4.571429,"(4, 1, 2, 8, 4.57143)",1,14,112999m 119999m 122999m 124999m 125999m 126999m 127999m 128999m 179999m 189999m 229999m 249999m 279999m 289999m
133336m,133336m33z,メンツ＋ターツ＋不要牌,2m,1,4,0,8,8,5.882353,"(4, 1, 8, 8, 5.88235)",2,17,113333m 113336m 133334m 133335m 133337m 133338m 133339m 133346m 133356m 133366m 133367m 133368m 333346m 333356m 333366m 333367m 333368m
133337m,133337m33z,メンツ＋ターツ＋不要牌,2m,1,4,0,9,8,6.000000,"(4, 1, 9, 8, 6)",2,18,113333m 113337m 133334m 133335m 133336m 133338m 133339m 133357m 133367m 133377m 133378m 133379m 333347m 333357m 333367m 333377m 333378m 333379m
133338m,133338m33z,メンツ＋ターツ＋不要牌,2m,1,4,0,6,8,5.411765,"(4, 1, 6, 8, 5.41176)",2,17,113333m 113338m 133334m 133335m 133336m 133337m 133339m 133368m 133378m 133388m 133389m 333348m 333358m 333368m 333378m 333388m 333389m
133339m,133339m33z,メンツ＋ターツ＋不要牌,2m,1,4,0,4,8,5.066667,"(4, 1, 4, 8, 5.06667)",2,15,113333m 113339m 133334m 133335m 133336m 133337m 133338m 133379m 133389m 133399m 333349m 333359m 333379m 333389m 333399m
133346m,133346m33z,メンツ＋ターツ＋不要牌,5m,1,4,0,10,10,6.166667,"(4, 1, 10, 10, 6.16667)",2,18,113334m 113336m 123334m 123336m 123346m 133334m 133336m 133344m 133366m 133367m 133368m 233346m 333346m 333446m 333466m 333467m 333468m 333469m
133357m,133357m33z,メンツ＋ターツ＋不要牌,6m,1,4,0,11,11,6.200000,"(4, 1, 11, 11, 6.2)",1,20,113335m 113337m 123335m 123337m 123357m 133335m 133337m 133345m 133355m 133377m 133378m 133379m 133457m 233357m 333357m 333457m 333557m 333577m 333578m 333579m
133368m,133368m33z,メンツ＋ターツ＋不要牌,7m,1,4,0,5,8,4.947368,"(4, 1, 5, 8, 4.94737)",2,19,113336m 113338m 123336m 123338m 123368m 133336m 133338m 133346m 133356m 133366m 133388m 133389m 233368m 333368m 333468m 333568m 333668m 333688m 333689m
133379m,133379m33z,メンツ＋ターツ＋不要牌,8m,1,4,0,5,8,5.000000,"(4, 1, 5, 8, 5)",1,18,113337m 113339m 123337m 123339m 123379m 133337m 133339m 133357m 133367m 133377m 133399m 233379m 333379m 333479m 333579m 333679m 333779m 333799m
133389m,133389m33z,メンツ＋ターツ＋不要牌,7m,1,4,0,2,8,4.352941,"(4, 1, 2, 8, 4.35294)",1,17,113338m 113339m 123338m 123339m 123389m 133338m 133339m 133368m 133388m 133399m 233389m 333389m 333489m 333589m 333689m 333889m 333899m
133457m,133457m33z,メンツ＋ターツ＋不要牌,2m,1,4,0,13,15,6.727273,"(4, 1, 13, 15, 6.72727)",1,22,113345m 113457m 133345m 133357m 133445m 133455m 133456m 133458m 133459m 133567m 134557m 134567m 134577m 134578m 134579m 333457m 334457m 334557m 334567m 334577m 334578m 334579m
133458m,133458m33z,メンツ＋ターツ＋不要牌,2m,1,4,0,11,11,6.210526,"(4, 1, 11, 11, 6.21053)",2,19,113345m 113458m 133345m 133445m 133455m 133456m 133457m 133459m 134568m 134578m 134588m 134589m 333458m 334458m 334558m 334568m 334578m 334588m 334589m
133459m,133459m33z,メンツ＋ターツ＋不要牌,2m,1,4,0,7,11,5.368421,"(4, 1, 7, 11, 5.36842)",2,19,113345m 113459m 133345m 133445m 133455m 133456m 133457m 133458m 134569m 134579m 134589m 134599m 333459m 334459m 334559m 334569m 334579m 334589m 334599m
134446m,134446m33z,メンツ＋ターツ＋不要牌,2m,1,4,0,10,14,6.150000,"(4, 1, 10, 14, 6.15)",1,20,113444m 114446m 133444m 134444m 134445m 134447m 134448m 134449m 134456m 144446m 144456m 144466m 144467m 144468m 334446m 344446m 344456m 344466m 344467m 344468m
134447m,134447m33z,メンツ＋ターツ＋不要牌,2m,1,4,0,10,8,5.900000,"(4, 1, 10, 8, 5.9)",2,20,113444m 114447m 133444m 134444m 134445m 134446m 134448m 134449m 144457m 144467m 144477m 144478m 144479m 334447m 344447m 344457m 344467m 344477m 344478m 344479m
134448m,134448m33z,メンツ＋ターツ＋不要牌,2m,1,4,0,7,8,5.368421,"(4, 1, 7, 8, 5.36842)",2,19,113444m 114448m 133444m 134444m 134445m 134446m 134447m 134449m 144468m 144478m 144488m 144489m 334448m 344448m 344458m 344468m 344478m 344488m 344489m
134449m,134449m33z,メンツ＋ターツ＋不要牌,2m,1,4,0,5,8,5.058824,"(4, 1, 5, 8, 5.05882)",2,17,113444m 114449m 133444m 134444m 134445m 134446m 134447m 134448m 144479m 144489m 144499m 334449m 344449m 344459m 344479m 344489m 344499m
134557m,134557m33z,メンツ＋ターツ＋不要牌,6m,1,4,0,14,11,6.800000,"(4, 1, 14, 11, 6.8)",1,20,113455m 113457m 123455m 123457m 123557m 133455m 133457m 134455m 134555m 134577m 134578m 134579m 135557m 234557m 334557m 344557m 345557m 345577m 345578m 345579m
134569m,134569m33z,メンツ＋ターツ＋不要牌,2m,1,4,0,10,11,5.916667,"(4, 1, 10, 11, 5.91667)",2,24,113456m 113459m 114569m 133456m 133459m 134456m 134556m 134566m 134567m 134568m 134579m 134589m 134599m 135679m 145679m 145689m 145699m 334569m 344569m 345569m 345669m 345679m 345689m 345699m
134579m,134579m33z,メンツ＋ターツ＋不要牌,8m,1,4,0,9,11,5.818182,"(4, 1, 9, 11, 5.81818)",2,22,113457m 113459m 123457m 123459m 123479m 123579m 133457m 133459m 134557m 134567m 134569m 134577m 134599m 135679m 145679m 234579m 334579m 344579m 345579m 345679m 345779m 345799m
134589m,134589m33z,メンツ＋ターツ＋不要牌,7m,1,4,0,5,8,4.900000,"(4, 1, 5, 8, 4.9)",1,20,113458m 113459m 123458m 123459m 123489m 123589m 133458m 133459m 134568m 134569m 134588m 134599m 145689m 234589m 334589m 344589m 345589m 345689m 345889m 345899m
135556m,135556m33z,メンツ＋ターツ＋不要牌,2m,1,4,0,11,14,6.523810,"(4, 1, 11, 14, 6.52381)",1,21,113555m 115556m 133555m 134555m 134556m 135555m 135557m 135558m 135559m 135567m 145556m 155556m 155566m 155567m 155568m 335556m 345556m 355556m 355566m 355567m 355568m
135557m,135557m33z,メンツ＋ターツ＋不要牌,2m,1,4,0,11,11,6.181818,"(4, 1, 11, 11, 6.18182)",1,22,113555m 115557m 133555m 134555m 134557m 135555m 135556m 135558m 135559m 135567m 155557m 155567m 155577m 155578m 155579m 335557m 345557m 355557m 355567m 355577m 355578m 355579m
135558m,135558m33z,メンツ＋ターツ＋不要牌,2m,1,4,0,7,8,5.368421,"(4, 1, 7, 8, 5.36842)",1,19,113555m 115558m 133555m 134555m 135555m 135556m 135557m 135559m 155568m 155578m 155588m 155589m 335558m 345558m 355558m 355568m 355578m 355588m 355589m
135559m,135559m33z,メンツ＋ターツ＋不要牌,2m,1,4,0,5,8,5.058824,"(4, 1, 5, 8, 5.05882)",1,17,113555m 115559m 133555m 134555m 135555m 135556m 135557m 135558m 155579m 155589m 155599m 335559m 345559m 355559m 355579m 355589m 355599m
135667m,135667m33z,メンツ＋ターツ＋不要牌,2m,1,4,0,16,15,6.826087,"(4, 1, 16, 15, 6.82609)",1,23,113567m 115667m 133567m 134566m 134567m 135567m 135666m 135677m 135678m 135679m 136667m 136678m 145667m 155667m 156667m 156677m 156678m 335667m 345667m 355667m 356667m 356677m 356678m
135677m,135677m33z,メンツ＋ターツ＋不要牌,2m,1,4,0,14,15,6.480000,"(4, 1, 14, 15, 6.48)",1,25,113567m 115677m 133567m 134567m 134577m 135567m 135667m 135678m 135679m 135777m 136777m 136778m 145677m 155677m 156677m 156777m 156778m 156779m 335677m 345677m 355677m 356677m 356777m 356778m 356779m
135679m,135679m33z,メンツ＋ターツ＋不要牌,2m,1,4,0,9,11,5.818182,"(4, 1, 9, 11, 5.81818)",2,22,113567m 115679m 133567m 134567m 134569m 134579m 135567m 135667m 135677m 135678m 135789m 136789m 145679m 156779m 156789m 156799m 335679m 345679m 355679m 356779m 356789m 356799m
136666m,136666m33z,メンツ＋ターツ＋不要牌,2m,1,4,0,9,8,6.117647,"(4, 1, 9, 8, 6.11765)",2,17,113666m 116666m 133666m 134666m 135666m 136667m 136668m 136669m 146666m 156666m 166667m 166668m 336666m 346666m 356666m 366667m 366668m
136667m,136667m33z,メンツ＋ターツ＋不要牌,2m,1,4,0,10,8,5.636364,"(4, 1, 10, 8, 5.63636)",2,22,113666m 116667m 133666m 134666m 135666m 135667m 136666m 136668m 136669m 136678m 156667m 166667m 166677m 166678m 166679m 336667m 346667m 356667m 366667m 366677m 366678m 366679m
136668m,136668m33z,メンツ＋ターツ＋不要牌,2m,1,4,0,7,8,5.300000,"(4, 1, 7, 8, 5.3)",2,20,113666m 116668m 133666m 134666m 135666m 136666m 136667m 136669m 136678m 166668m 166678m 166688m 166689m 336668m 346668m 356668m 366668m 366678m 366688m 366689m
136669m,136669m33z,メンツ＋ターツ＋不要牌,2m,1,4,0,5,8,5.176471,"(4, 1, 5, 8, 5.17647)",2,17,113666m 116669m 133666m 134666m 135666m 136666m 136667m 136668m 166679m 166689m 166699m 336669m 346669m 356669m 366679m 366689m 366699m
136678m,136678m33z,メンツ＋ターツ＋不要牌,2m,1,4,0,11,8,5.500000,"(4, 1, 11, 8, 5.5)",2,24,113678m 116678m 133678m 134678m 135667m 135678m 136667m 136668m 136778m 136788m 136789m 146678m 156678m 166678m 166778m 166788m 166789m 336678m 346678m 356678m 366678m 366778m 366788m 366789m
136777m,136777m33z,メンツ＋ターツ＋不要牌,2m,1,4,0,9,8,5.523810,"(4, 1, 9, 8, 5.52381)",1,21,113777m 116777m 133777m 134777m 135677m 135777m 136778m 137777m 137778m 137779m 146777m 156777m 166777m 167777m 167778m 336777m 346777m 356777m 366777m 367777m 367778m
136778m,136778m33z,メンツ＋ターツ＋不要牌,2m,1,4,0,13,11,5.916667,"(4, 1, 13, 11, 5.91667)",2,24,113678m 116778m 133678m 134678m 135677m 135678m 136678m 136777m 136788m 136789m 137778m 137789m 156778m 166778m 167778m 167788m 167789m 336778m 346778m 356778m 366778m 367778m 367788m 367789m
136788m,136788m33z,メンツ＋ターツ＋不要牌,2m,1,4,0,10,8,5.391304,"(4, 1, 10, 8, 5.3913)",2,23,113678m 116788m 133678m 134678m 135678m 136678m 136778m 136789m 136888m 137888m 137889m 156788m 166788m 167788m 167888m 167889m 336788m 346788m 356788m 366788m 367788m 367888m 367889m
136789m,136789m33z,メンツ＋ターツ＋不要牌,2m,1,4,0,13,8,5.586207,"(4, 1, 13, 8, 5.58621)",2,29,113678m 113789m 116789m 133678m 133789m 134678m 134789m 135678m 135679m 135789m 136678m 136778m 136788m 137789m 137889m 137899m 146789m 156789m 166789m 167789m 167889m 167899m 336789m 346789m 356789m 366789m 367789m 367889m 367899m
136888m,136888m33z,メンツ＋ターツ＋不要牌,2m,1,4,0,9,8,5.700000,"(4, 1, 9, 8, 5.7)",2,20,113888m 116888m 133888m 134888m 135888m 136788m 137888m 138888m 138889m 146888m 156888m 166888m 167888m 168888m 336888m 346888m 356888m 366888m 367888m 368888m
136999m,136999m33z,メンツ＋ターツ＋不要牌,2m,1,4,0,9,8,5.894737,"(4, 1, 9, 8, 5.89474)",2,19,113999m 116999m 133999m 134999m 135999m 137999m 138999m 139999m 146999m 156999m 166999m 167999m 168999m 336999m 346999m 356999m 366999m 367999m 368999m
137777m,137777m33z,メンツ＋ターツ＋不要牌,2m,1,4,0,10,8,6.222222,"(4, 1, 10, 8, 6.22222)",2,18,113777m 117777m 133777m 134777m 135777m 136777m 137778m 137779m 157777m 167777m 177778m 177779m 337777m 347777m 357777m 367777m 377778m 377779m
137778m,137778m33z,メンツ＋ターツ＋不要牌,2m,1,4,0,7,8,5.142857,"(4, 1, 7, 8, 5.14286)",1,21,113777m 117778m 133777m 134777m 135777m 136777m 136778m 137777m 137779m 137789m 167778m 177778m 177788m 177789m 337778m 347778m 357778m 367778m 377778m 377788m 377789m
137779m,137779m33z,メンツ＋ターツ＋不要牌,2m,1,4,0,5,8,5.000000,"(4, 1, 5, 8, 5)",1,18,113777m 117779m 133777m 134777m 135777m 136777m 137777m 137778m 137789m 177779m 177789m 177799m 337779m 347779m 357779m 377779m 377789m 377799m
137789m,137789m33z,メンツ＋ターツ＋不要牌,2m,1,4,0,10,8,5.391304,"(4, 1, 10, 8, 5.3913)",2,23,113789m 117789m 133789m 134789m 135789m 136778m 136789m 137778m 137779m 137889m 137899m 157789m 167789m 177789m 177889m 177899m 337789m 347789m 357789m 367789m 377789m 377889m 377899m
137888m,137888m33z,メンツ＋ターツ＋不要牌,2m,1,4,0,10,8,5.636364,"(4, 1, 10, 8, 5.63636)",2,22,113888m 117888m 133888m 134888m 135888m 136788m 136888m 137889m 138888m 138889m 157888m 167888m 177888m 178888m 178889m 337888m 347888m 357888m 367888m 377888m 378888m 378889m
137889m,137889m33z,メンツ＋ターツ＋不要牌,2m,1,4,0,7,8,4.909091,"(4, 1, 7, 8, 4.90909)",1,22,113789m 117889m 133789m 134789m 135789m 136788m 136789m 137789m 137888m 137899m 138889m 167889m 177889m 178889m 178899m 337889m 347889m 357889m 367889m 377889m 378889m 378899m
137899m,137899m33z,メンツ＋ターツ＋不要牌,2m,1,4,0,7,8,5.047619,"(4, 1, 7, 8, 5.04762)",1,21,113789m 117899m 133789m 134789m 135789m 136789m 137789m 137889m 137999m 138999m 167899m 177899m 178899m 178999m 337899m 347899m 357899m 367899m 377899m 378899m 378999m
137999m,137999m33z,メンツ＋ターツ＋不要牌,2m,1,4,0,10,8,5.809524,"(4, 1, 10, 8, 5.80952)",2,21,113999m 117999m 133999m 134999m 135999m 136999m 137899m 138999m 139999m 157999m 167999m 177999m 178999m 179999m 337999m 347999m 357999m 367999m 377999m 378999m 379999m
138888m,138888m33z,メンツ＋ターツ＋不要牌,2m,1,4,0,7,8,5.647059,"(4, 1, 7, 8, 5.64706)",2,17,113888m 118888m 133888m 134888m 135888m 136888m 137888m 138889m 168888m 178888m 188889m 338888m 348888m 358888m 368888m 378888m 388889m
138889m,138889m33z,メンツ＋ターツ＋不要牌,2m,1,4,0,5,8,5.000000,"(4, 1, 5, 8, 5)",2,18,113888m 118889m 133888m 134888m 135888m 136888m 137888m 137889m 138888m 178889m 188889m 188899m 338889m 348889m 358889m 378889m 388889m 388899m
138999m,138999m33z,メンツ＋ターツ＋不要牌,2m,1,4,0,7,8,5.300000,"(4, 1, 7, 8, 5.3)",2,20,113999m 118999m 133999m 134999m 135999m 136999m 137899m 137999m 139999m 168999m 178999m 188999m 189999m 338999m 348999m 358999m 368999m 378999m 388999m 389999m
139999m,139999m33z,メンツ＋ターツ＋不要牌,2m,1,4,0,5,8,5.333333,"(4, 1, 5, 8, 5.33333)",2,15,113999m 119999m 133999m 134999m 135999m 136999m 137999m 138999m 179999m 189999m 339999m 349999m 359999m 379999m 389999m
144446m,144446m33z,メンツ＋ターツ＋不要牌,5m,1,4,0,7,8,5.866667,"(4, 1, 7, 8, 5.86667)",2,15,114444m 114446m 124444m 124446m 134444m 134446m 144466m 144467m 144468m 244446m 344446m 444466m 444467m 444468m 444469m
144457m,144457m33z,メンツ＋ターツ＋不要牌,6m,1,4,0,9,8,5.888889,"(4, 1, 9, 8, 5.88889)",2,18,114445m 114447m 124445m 124447m 134445m 134447m 144445m 144455m 144477m 144478m 144479m 244457m 344457m 444457m 444557m 444577m 444578m 444579m
144468m,144468m33z,メンツ＋ターツ＋不要牌,7m,1,4,0,5,8,5.000000,"(4, 1, 5, 8, 5)",1,18,114446m 114448m 124446m 124448m 134446m 134448m 144446m 144456m 144466m 144488m 144489m 244468m 344468m 444468m 444568m 444668m 444688m 444689m
144479m,144479m33z,メンツ＋ターツ＋不要牌,8m,1,4,0,5,8,5.176471,"(4, 1, 5, 8, 5.17647)",2,17,114447m 114449m 124447m 124449m 134447m 134449m 144457m 144467m 144477m 144499m 244479m 344479m 444479m 444579m 444679m 444779m 444799m
144489m,144489m33z,メンツ＋ターツ＋不要牌,7m,1,4,0,2,8,4.500000,"(4, 1, 2, 8, 4.5)",1,16,114448m 114449m 124448m 124449m 134448m 134449m 144468m 144488m 144499m 244489m 344489m 444489m 444589m 444689m 444889m 444899m
145668m,145668m33z,メンツ＋ターツ＋不要牌,7m,1,4,0,9,11,5.888889,"(4, 1, 9, 11, 5.88889)",2,18,114566m 114568m 124566m 124568m 134566m 134568m 144566m 145566m 145666m 145688m 145689m 245668m 345668m 445668m 455668m 456668m 456688m 456689m
145679m,145679m33z,メンツ＋ターツ＋不要牌,8m,1,4,0,10,11,5.916667,"(4, 1, 10, 11, 5.91667)",2,24,114567m 114569m 115679m 124567m 124569m 125679m 134567m 134569m 134579m 135679m 144567m 145567m 145667m 145677m 145699m 156779m 156799m 245679m 345679m 445679m 455679m 456679m 456779m 456799m
145689m,145689m33z,メンツ＋ターツ＋不要牌,7m,1,4,0,3,8,4.705882,"(4, 1, 3, 8, 4.70588)",1,17,114568m 114569m 124568m 124569m 134568m 134569m 134589m 145668m 145688m 145699m 245689m 345689m 445689m 455689m 456689m 456889m 456899m
146666m,146666m33z,メンツ＋ターツ＋不要牌,5m,1,4,0,7,8,5.866667,"(4, 1, 7, 8, 5.86667)",2,15,114666m 116666m 124666m 126666m 134666m 136666m 144666m 166667m 166668m 246666m 346666m 446666m 466667m 466668m 466669m
146678m,146678m33z,メンツ＋ターツ＋不要牌,5m,1,4,0,10,11,6.000000,"(4, 1, 10, 11, 6)",2,19,114678m 116678m 124678m 126678m 134678m 136678m 144678m 146789m 166678m 166778m 166788m 166789m 246678m 346678m 446678m 466678m 466778m 466788m 466789m
146777m,146777m33z,メンツ＋ターツ＋不要牌,5m,1,4,0,8,8,5.764706,"(4, 1, 8, 8, 5.76471)",2,17,114777m 116777m 124777m 126777m 134777m 136777m 144777m 166777m 167777m 167778m 246777m 346777m 446777m 466777m 467777m 467778m 467779m
146789m,146789m33z,メンツ＋ターツ＋不要牌,5m,1,4,0,10,8,5.565217,"(4, 1, 10, 8, 5.56522)",1,23,114678m 114789m 116789m 124678m 124789m 126789m 134678m 134789m 136789m 144678m 144789m 146678m 166789m 167789m 167889m 167899m 246789m 346789m 446789m 466789m 467789m 467889m 467899m
146888m,146888m33z,メンツ＋ターツ＋不要牌,5m,1,4,0,8,8,5.764706,"(4, 1, 8, 8, 5.76471)",1,17,114888m 116888m 124888m 126888m 134888m 136888m 144888m 166888m 167888m 168888m 246888m 346888m 446888m 466888m 467888m 468888m 468889m
146999m,146999m33z,メンツ＋ターツ＋不要牌,5m,1,4,0,8,8,5.882353,"(4, 1, 8, 8, 5.88235)",2,17,114999m 116999m 124999m 126999m 134999m 136999m 144999m 166999m 167999m 168999m 246999m 346999m 446999m 466999m 467999m 468999m 469999m
155557m,155557m33z,メンツ＋ターツ＋不要牌,6m,1,4,0,8,8,6.000000,"(4, 1, 8, 8, 6)",2,16,115555m 115557m 125555m 125557m 135555m 135557m 145555m 155577m 155578m 155579m 255557m 355557m 455557m 555577m 555578m 555579m
155568m,155568m33z,メンツ＋ターツ＋不要牌,7m,1,4,0,5,8,5.000000,"(4, 1, 5, 8, 5)",2,18,115556m 115558m 125556m 125558m 135556m 135558m 145556m 155556m 155566m 155588m 155589m 255568m 355568m 455568m 555568m 555668m 555688m 555689m
155579m,155579m33z,メンツ＋ターツ＋不要牌,8m,1,4,0,5,8,5.058824,"(4, 1, 5, 8, 5.05882)",1,17,115557m 115559m 125557m 125559m 135557m 135559m 155557m 155567m 155577m 155599m 255579m 355579m 455579m 555579m 555679m 555779m 555799m
155589m,155589m33z,メンツ＋ターツ＋不要牌,7m,1,4,0,2,8,4.500000,"(4, 1, 2, 8, 4.5)",1,16,115558m 115559m 125558m 125559m 135558m 135559m 155568m 155588m 155599m 255589m 355589m 455589m 555589m 555689m 555889m 555899m
156779m,156779m33z,メンツ＋ターツ＋不要牌,8m,1,4,0,7,11,5.368421,"(4, 1, 7, 11, 5.36842)",2,19,115677m 115679m 125677m 125679m 135677m 135679m 145677m 145679m 155677m 156677m 156777m 156799m 256779m 356779m 456779m 556779m 566779m 567779m 567799m
157777m,157777m33z,メンツ＋ターツ＋不要牌,6m,1,4,0,8,8,6.000000,"(4, 1, 8, 8, 6)",2,16,115777m 117777m 125777m 127777m 135777m 137777m 145777m 155777m 177778m 177779m 257777m 357777m 457777m 557777m 577778m 577779m
157789m,157789m33z,メンツ＋ターツ＋不要牌,6m,1,4,0,9,8,5.666667,"(4, 1, 9, 8, 5.66667)",2,18,115789m 117789m 125789m 127789m 135789m 137789m 145789m 155789m 177789m 177889m 177899m 257789m 357789m 457789m 557789m 577789m 577889m 577899m
157888m,157888m33z,メンツ＋ターツ＋不要牌,6m,1,4,0,9,8,5.888889,"(4, 1, 9, 8, 5.88889)",2,18,115888m 117888m 125888m 127888m 135888m 137888m 145888m 155888m 177888m 178888m 178889m 257888m 357888m 457888m 557888m 577888m 578888m 578889m
157999m,157999m33z,メンツ＋ターツ＋不要牌,6m,1,4,0,9,8,5.888889,"(4, 1, 9, 8, 5.88889)",2,18,115999m 117999m 125999m 127999m 135999m 137999m 145999m 155999m 177999m 178999m 179999m 257999m 357999m 457999m 557999m 577999m 578999m 579999m
166668m,166668m33z,メンツ＋ターツ＋不要牌,7m,1,4,0,4,8,5.000000,"(4, 1, 4, 8, 5)",2,16,116666m 116668m 126666m 126668m 136666m 136668m 146666m 156666m 166688m 166689m 266668m 366668m 466668m 566668m 666688m 666689m
166679m,166679m33z,メンツ＋ターツ＋不要牌,8m,1,4,0,5,8,5.058824,"(4, 1, 5, 8, 5.05882)",2,17,116667m 116669m 126667m 126669m 136667m 136669m 156667m 166667m 166677m 166699m 266679m 366679m 466679m 566679m 666679m 666779m 666799m
166689m,166689m33z,メンツ＋ターツ＋不要牌,7m,1,4,0,2,8,4.500000,"(4, 1, 2, 8, 4.5)",1,16,116668m 116669m 126668m 126669m 136668m 136669m 166668m 166688m 166699m 266689m 366689m 466689m 566689m 666689m 666889m 666899m
168888m,168888m33z,メンツ＋ターツ＋不要牌,7m,1,4,0,4,8,5.000000,"(4, 1, 4, 8, 5)",2,16,116888m 118888m 126888m 128888m 136888m 138888m 146888m 156888m 166888m 188889m 268888m 368888m 468888m 568888m 668888m 688889m
168999m,168999m33z,メンツ＋ターツ＋不要牌,7m,1,4,0,5,8,5.111111,"(4, 1, 5, 8, 5.11111)",2,18,116999m 118999m 126999m 128999m 136999m 138999m 146999m 156999m 166999m 188999m 189999m 268999m 368999m 468999m 568999m 668999m 688999m 689999m
177779m,177779m33z,メンツ＋ターツ＋不要牌,8m,1,4,0,4,8,5.066667,"(4, 1, 4, 8, 5.06667)",2,15,117777m 117779m 127777m 127779m 137777m 137779m 157777m 167777m 177799m 277779m 377779m 477779m 577779m 677779m 777799m
179999m,179999m33z,メンツ＋ターツ＋不要牌,8m,1,4,0,4,8,5.066667,"(4, 1, 4, 8, 5.06667)",2,15,117999m 119999m 127999m 129999m 137999m 139999m 157999m 167999m 177999m 279999m 379999m 479999m 579999m 679999m 779999m
188889m,188889m33z,メンツ＋ターツ＋不要牌,7m,1,4,0,1,8,4.285714,"(4, 1, 1, 8, 4.28571)",1,14,118888m 118889m 128888m 128889m 138888m 138889m 168888m 188899m 288889m 388889m 488889m 588889m 688889m 888899m
189999m,189999m33z,メンツ＋ターツ＋不要牌,7m,1,4,0,1,8,4.285714,"(4, 1, 1, 8, 4.28571)",1,14,118999m 119999m 128999m 129999m 138999m 139999m 168999m 188999m 289999m 389999m 489999m 589999m 689999m 889999m
222247m,222247m33z,メンツ＋ターツ＋不要牌,3m,1,4,0,8,8,5.777778,"(4, 1, 8, 8, 5.77778)",2,18,122224m 122227m 222244m 222245m 222246m 222248m 222249m 222257m 222267m 222277m 222278m 222279m 222447m 222457m 222467m 222477m 222478m 222479m
222248m,222248m33z,メンツ＋ターツ＋不要牌,3m,1,4,0,7,8,5.647059,"(4, 1, 7, 8, 5.64706)",2,17,122224m 122228m 222244m 222245m 222246m 222247m 222249m 222268m 222278m 222288m 222289m 222448m 222458m 222468m 222478m 222488m 222489m
222249m,222249m33z,メンツ＋ターツ＋不要牌,3m,1,4,0,4,8,5.000000,"(4, 1, 4, 8, 5)",2,16,122224m 122229m 222244m 222245m 222246m 222247m 222248m 222279m 222289m 222299m 222449m 222459m 222469m 222479m 222489m 222499m
222257m,222257m33z,メンツ＋ターツ＋不要牌,6m,1,4,0,10,8,6.352941,"(4, 1, 10, 8, 6.35294)",2,17,122225m 122227m 122257m 222235m 222237m 222245m 222247m 222255m 222277m 222278m 222279m 222357m 222457m 222557m 222577m 222578m 222579m
222268m,222268m33z,メンツ＋ターツ＋不要牌,7m,1,4,0,8,8,5.882353,"(4, 1, 8, 8, 5.88235)",2,17,122226m 122228m 122268m 222236m 222238m 222246m 222248m 222256m 222266m 222288m 222289m 222368m 222468m 222568m 222668m 222688m 222689m
222279m,222279m33z,メンツ＋ターツ＋不要牌,8m,1,4,0,7,8,5.647059,"(4, 1, 7, 8, 5.64706)",2,17,122227m 122229m 122279m 222237m 222239m 222247m 222249m 222257m 222267m 222277m 222299m 222379m 222479m 222579m 222679m 222779m 222799m
222289m,222289m33z,メンツ＋ターツ＋不要牌,7m,1,4,0,4,8,5.000000,"(4, 1, 4, 8, 5)",1,16,122228m 122229m 122289m 222238m 222239m 222248m 222249m 222268m 222288m 222299m 222389m 222489m 222589m 222689m 222889m 222899m
222358m,222358m33z,メンツ＋ターツ＋不要牌,4m,1,4,0,10,8,6.000000,"(4, 1, 10, 8, 6)",2,19,122235m 122238m 222235m 222238m 222335m 222338m 222355m 222356m 222357m 222359m 222368m 222378m 222388m 222389m 222558m 222568m 222578m 222588m 222589m
222359m,222359m33z,メンツ＋ターツ＋不要牌,4m,1,4,0,9,8,5.888889,"(4, 1, 9, 8, 5.88889)",2,18,122235m 122239m 222235m 222239m 222335m 222339m 222355m 222356m 222357m 222358m 222379m 222389m 222399m 222559m 222569m 222579m 222589m 222599m
222368m,222368m33z,メンツ＋ターツ＋不要牌,7m,1,4,0,9,8,5.454545,"(4, 1, 9, 8, 5.45455)",1,22,122236m 122238m 122268m 122368m 222236m 222238m 222268m 222336m 222338m 222346m 222348m 222356m 222358m 222366m 222388m 222389m 222468m 222568m 222668m 222688m 222689m 223468m
222379m,222379m33z,メンツ＋ターツ＋不要牌,8m,1,4,0,10,8,5.636364,"(4, 1, 10, 8, 5.63636)",2,22,122237m 122239m 122279m 122379m 222237m 222239m 222279m 222337m 222339m 222347m 222349m 222357m 222359m 222367m 222377m 222399m 222479m 222579m 222679m 222779m 222799m 223479m
222389m,222389m33z,メンツ＋ターツ＋不要牌,7m,1,4,0,6,8,4.909091,"(4, 1, 6, 8, 4.90909)",1,22,122238m 122239m 122289m 122389m 222238m 222239m 222289m 222338m 222339m 222348m 222349m 222358m 222359m 222368m 222388m 222399m 222489m 222589m 222689m 222889m 222899m 223489m
222469m,222469m33z,メンツ＋ターツ＋不要牌,5m,1,4,0,8,8,5.764706,"(4, 1, 8, 8, 5.76471)",1,17,122246m 222246m 222249m 222346m 222349m 222446m 222449m 222466m 222467m 222468m 222479m 222489m 222499m 222669m 222679m 222689m 222699m
222479m,222479m33z,メンツ＋ターツ＋不要牌,8m,1,4,0,9,8,5.700000,"(4, 1, 9, 8, 5.7)",2,20,122279m 222247m 222249m 222279m 222347m 222349m 222379m 222447m 222449m 222457m 222459m 222467m 222469m 222477m 222499m 222579m 222679m 222779m 222799m 223479m
222489m,222489m33z,メンツ＋ターツ＋不要牌,7m,1,4,0,7,8,5.300000,"(4, 1, 7, 8, 5.3)",1,20,122289m 222248m 222249m 222289m 222348m 222349m 222389m 222448m 222449m 222458m 222459m 222468m 222469m 222488m 222499m 222589m 222689m 222889m 222899m 223489m
222589m,222589m33z,メンツ＋ターツ＋不要牌,7m,1,4,0,6,8,5.411765,"(4, 1, 6, 8, 5.41176)",1,17,122289m 222289m 222358m 222359m 222389m 222458m 222459m 222489m 222558m 222559m 222568m 222569m 222588m 222599m 222689m 222889m 222899m
222689m,222689m33z,メンツ＋ターツ＋不要牌,7m,1,4,0,7,8,5.555556,"(4, 1, 7, 8, 5.55556)",1,18,122268m 122289m 222268m 222289m 222368m 222389m 222468m 222469m 222489m 222568m 222569m 222589m 222668m 222669m 222688m 222699m 222889m 222899m
223468m,223468m33z,メンツ＋ターツ＋不要牌,7m,1,4,0,13,15,6.250000,"(4, 1, 13, 15, 6.25)",1,24,122346m 122348m 122368m 123468m 222346m 222348m 222368m 222468m 223346m 223348m 223446m 223448m 223456m 223458m 223466m 223488m 223489m 224568m 233468m 234468m 234568m 234668m 234688m 234689m
223479m,223479m33z,メンツ＋ターツ＋不要牌,8m,1,4,0,10,8,5.391304,"(4, 1, 10, 8, 5.3913)",2,23,122347m 122349m 122379m 123479m 222347m 222349m 222379m 222479m 223347m 223349m 223447m 223449m 223457m 223459m 223467m 223477m 223499m 233479m 234479m 234579m 234679m 234779m 234799m
223489m,223489m33z,メンツ＋ターツ＋不要牌,7m,1,4,0,6,8,4.695652,"(4, 1, 6, 8, 4.69565)",1,23,122348m 122349m 122389m 123489m 222348m 222349m 222389m 222489m 223348m 223349m 223448m 223449m 223458m 223459m 223468m 223488m 223499m 233489m 234489m 234589m 234689m 234889m 234899m
233357m,233357m33z,メンツ＋ターツ＋不要牌,6m,1,4,0,13,14,6.714286,"(4, 1, 13, 14, 6.71429)",1,21,123335m 123337m 123357m 133357m 223335m 223337m 233335m 233337m 233345m 233347m 233355m 233377m 233378m 233379m 233457m 333357m 333457m 333557m 333577m 333578m 333579m
233368m,233368m33z,メンツ＋ターツ＋不要牌,7m,1,4,0,8,8,5.333333,"(4, 1, 8, 8, 5.33333)",2,21,123336m 123338m 123368m 133368m 223336m 223338m 233336m 233338m 233346m 233348m 233356m 233366m 233388m 233389m 233468m 333368m 333468m 333568m 333668m 333688m 333689m
233379m,233379m33z,メンツ＋ターツ＋不要牌,8m,1,4,0,7,8,5.142857,"(4, 1, 7, 8, 5.14286)",1,21,123337m 123339m 123379m 133379m 223337m 223339m 233337m 233339m 233347m 233349m 233357m 233367m 233377m 233399m 233479m 333379m 333479m 333579m 333679m 333779m 333799m
233389m,233389m33z,メンツ＋ターツ＋不要牌,7m,1,4,0,4,8,4.600000,"(4, 1, 4, 8, 4.6)",1,20,123338m 123339m 123389m 133389m 223338m 223339m 233338m 233339m 233348m 233349m 233368m 233388m 233399m 233489m 333389m 333489m 333589m 333689m 333889m 333899m
233468m,233468m33z,メンツ＋ターツ＋不要牌,7m,1,4,0,16,15,6.708333,"(4, 1, 16, 15, 6.70833)",1,24,123346m 123348m 123368m 123468m 223346m 223348m 223468m 233346m 233348m 233368m 233446m 233448m 233456m 233458m 233466m 233488m 233489m 234468m 234568m 234668m 234688m 234689m 333468m 334568m
233479m,233479m33z,メンツ＋ターツ＋不要牌,8m,1,4,0,13,11,5.916667,"(4, 1, 13, 11, 5.91667)",2,24,123347m 123349m 123379m 123479m 223347m 223349m 223479m 233347m 233349m 233379m 233447m 233449m 233457m 233459m 233467m 233477m 233499m 234479m 234579m 234679m 234779m 234799m 333479m 334579m
233489m,233489m33z,メンツ＋ターツ＋不要牌,7m,1,4,0,10,8,5.250000,"(4, 1, 10, 8, 5.25)",1,24,123348m 123349m 123389m 123489m 223348m 223349m 223489m 233348m 233349m 233389m 233448m 233449m 233458m 233459m 233468m 233488m 233499m 234489m 234589m 234689m 234889m 234899m 333489m 334589m
234469m,234469m33z,メンツ＋ターツ＋不要牌,5m,1,4,0,10,11,6.000000,"(4, 1, 10, 11, 6)",2,19,123446m 123449m 123469m 223446m 223449m 233446m 233449m 234446m 234449m 234466m 234467m 234468m 234479m 234489m 234499m 234669m 234679m 234689m 234699m
234479m,234479m33z,メンツ＋ターツ＋不要牌,8m,1,4,0,11,8,5.500000,"(4, 1, 11, 8, 5.5)",2,24,123447m 123449m 123479m 223447m 223449m 223479m 233447m 233449m 233479m 234447m 234449m 234457m 234459m 234467m 234469m 234477m 234499m 234579m 234679m 234779m 234799m 244479m 344479m 344579m
234489m,234489m33z,メンツ＋ターツ＋不要牌,7m,1,4,0,9,8,5.166667,"(4, 1, 9, 8, 5.16667)",1,24,123448m 123449m 123489m 223448m 223449m 223489m 233448m 233449m 233489m 234448m 234449m 234458m 234459m 234468m 234469m 234488m 234499m 234589m 234689m 234889m 234899m 244489m 344489m 344589m
234589m,234589m33z,メンツ＋ターツ＋不要牌,7m,1,4,0,12,11,5.600000,"(4, 1, 12, 11, 5.6)",1,30,123458m 123459m 123489m 123589m 134589m 223458m 223459m 223489m 233458m 233459m 233489m 234458m 234459m 234489m 234558m 234559m 234568m 234569m 234588m 234599m 234689m 234889m 234899m 245689m 334589m 344589m 345589m 345689m 345889m 345899m
234689m,234689m33z,メンツ＋ターツ＋不要牌,7m,1,4,0,8,11,5.727273,"(4, 1, 8, 11, 5.72727)",1,22,123468m 123469m 123489m 123689m 223468m 223489m 233468m 233489m 234468m 234469m 234489m 234568m 234569m 234589m 234668m 234669m 234688m 234699m 234889m 234899m 245689m 345689m
244447m,244447m33z,メンツ＋ターツ＋不要牌,3m,1,4,0,8,8,5.777778,"(4, 1, 8, 8, 5.77778)",2,18,124444m 124447m 224444m 224447m 244445m 244446m 244448m 244449m 244457m 244467m 244477m 244478m 244479m 444457m 444467m 444477m 444478m 444479m
244448m,244448m33z,メンツ＋ターツ＋不要牌,3m,1,4,0,7,8,5.647059,"(4, 1, 7, 8, 5.64706)",2,17,124444m 124448m 224444m 224448m 244445m 244446m 244447m 244449m 244468m 244478m 244488m 244489m 444458m 444468m 444478m 444488m 444489m
244449m,244449m33z,メンツ＋ターツ＋不要牌,3m,1,4,0,4,8,5.000000,"(4, 1, 4, 8, 5)",2,16,124444m 124449m 224444m 224449m 244445m 244446m 244447m 244448m 244479m 244489m 244499m 444459m 444469m 444479m 444489m 444499m
244457m,244457m33z,メンツ＋ターツ＋不要牌,6m,1,4,0,11,14,6.350000,"(4, 1, 11, 14, 6.35)",1,20,124445m 124447m 144457m 224445m 224447m 234445m 234447m 234457m 244445m 244447m 244455m 244477m 244478m 244479m 344457m 444457m 444557m 444577m 444578m 444579m
244468m,244468m33z,メンツ＋ターツ＋不要牌,7m,1,4,0,9,11,5.904762,"(4, 1, 9, 11, 5.90476)",1,21,124446m 124448m 144468m 224446m 224448m 234446m 234448m 234468m 244446m 244448m 244456m 244466m 244488m 244489m 244568m 344468m 444468m 444568m 444668m 444688m 444689m
244479m,244479m33z,メンツ＋ターツ＋不要牌,8m,1,4,0,7,8,5.300000,"(4, 1, 7, 8, 5.3)",2,20,124447m 124449m 144479m 224447m 224449m 234447m 234449m 234479m 244447m 244449m 244457m 244467m 244477m 244499m 344479m 444479m 444579m 444679m 444779m 444799m
244489m,244489m33z,メンツ＋ターツ＋不要牌,7m,1,4,0,4,8,4.736842,"(4, 1, 4, 8, 4.73684)",1,19,124448m 124449m 144489m 224448m 224449m 234448m 234449m 234489m 244448m 244449m 244468m 244488m 244499m 344489m 444489m 444589m 444689m 444889m 444899m
244568m,244568m33z,メンツ＋ターツ＋不要牌,3m,1,4,0,11,15,6.476190,"(4, 1, 11, 15, 6.47619)",1,21,124456m 124568m 224456m 224568m 244456m 244468m 244556m 244566m 244567m 244569m 244678m 245668m 245678m 245688m 245689m 444568m 445568m 445668m 445678m 445688m 445689m
244569m,244569m33z,メンツ＋ターツ＋不要牌,3m,1,4,0,9,11,5.888889,"(4, 1, 9, 11, 5.88889)",2,18,124456m 124569m 224456m 224569m 244456m 244556m 244566m 244567m 244568m 245679m 245689m 245699m 444569m 445569m 445669m 445679m 445689m 445699m
245557m,245557m33z,メンツ＋ターツ＋不要牌,3m,1,4,0,10,14,6.047619,"(4, 1, 10, 14, 6.04762)",1,21,124555m 125557m 224555m 225557m 244555m 245555m 245556m 245558m 245559m 245567m 255557m 255567m 255577m 255578m 255579m 445557m 455557m 455567m 455577m 455578m 455579m
245558m,245558m33z,メンツ＋ターツ＋不要牌,3m,1,4,0,8,8,5.578947,"(4, 1, 8, 8, 5.57895)",2,19,124555m 125558m 224555m 225558m 244555m 245555m 245556m 245557m 245559m 255568m 255578m 255588m 255589m 445558m 455558m 455568m 455578m 455588m 455589m
245559m,245559m33z,メンツ＋ターツ＋不要牌,3m,1,4,0,5,8,5.000000,"(4, 1, 5, 8, 5)",2,18,124555m 125559m 224555m 225559m 244555m 245555m 245556m 245557m 245558m 255579m 255589m 255599m 445559m 455559m 455569m 455579m 455589m 455599m
245668m,245668m33z,メンツ＋ターツ＋不要牌,7m,1,4,0,11,15,6.476190,"(4, 1, 11, 15, 6.47619)",1,21,124566m 124568m 145668m 224566m 224568m 234566m 234568m 234668m 244566m 244568m 245566m 245666m 245688m 245689m 246668m 345668m 445668m 455668m 456668m 456688m 456689m
245689m,245689m33z,メンツ＋ターツ＋不要牌,7m,1,4,0,4,11,5.100000,"(4, 1, 4, 11, 5.1)",1,20,124568m 124569m 145689m 224568m 224569m 234568m 234569m 234589m 234689m 244568m 244569m 245668m 245688m 245699m 345689m 445689m 455689m 456689m 456889m 456899m
246667m,246667m33z,メンツ＋ターツ＋不要牌,3m,1,4,0,11,14,6.409091,"(4, 1, 11, 14, 6.40909)",1,22,124666m 126667m 224666m 226667m 244666m 245666m 245667m 246666m 246668m 246669m 246678m 256667m 266667m 266677m 266678m 266679m 446667m 456667m 466667m 466677m 466678m 466679m
246668m,246668m33z,メンツ＋ターツ＋不要牌,3m,1,4,0,9,11,5.904762,"(4, 1, 9, 11, 5.90476)",1,21,124666m 126668m 224666m 226668m 244666m 245666m 245668m 246666m 246667m 246669m 246678m 266668m 266678m 266688m 266689m 446668m 456668m 466668m 466678m 466688m 466689m
246669m,246669m33z,メンツ＋ターツ＋不要牌,3m,1,4,0,5,8,5.000000,"(4, 1, 5, 8, 5)",1,18,124666m 126669m 224666m 226669m 244666m 245666m 246666m 246667m 246668m 266679m 266689m 266699m 446669m 456669m 466669m 466679m 466689m 466699m
246778m,246778m33z,メンツ＋ターツ＋不要牌,3m,1,4,0,16,15,6.708333,"(4, 1, 16, 15, 6.70833)",1,24,124678m 126778m 224678m 226778m 244678m 245677m 245678m 246678m 246777m 246788m 246789m 247778m 247789m 256778m 266778m 267778m 267788m 267789m 446778m 456778m 466778m 467778m 467788m 467789m
246788m,246788m33z,メンツ＋ターツ＋不要牌,3m,1,4,0,13,15,6.250000,"(4, 1, 13, 15, 6.25)",1,24,124678m 126788m 224678m 226788m 244678m 245678m 245688m 246678m 246778m 246789m 246888m 247888m 247889m 256788m 266788m 267788m 267888m 267889m 446788m 456788m 466788m 467788m 467888m 467889m
247777m,247777m33z,メンツ＋ターツ＋不要牌,3m,1,4,0,9,8,6.000000,"(4, 1, 9, 8, 6)",2,18,124777m 127777m 224777m 227777m 244777m 245777m 246777m 247778m 247779m 257777m 267777m 277778m 277779m 447777m 457777m 467777m 477778m 477779m
247778m,247778m33z,メンツ＋ターツ＋不要牌,3m,1,4,0,8,8,5.333333,"(4, 1, 8, 8, 5.33333)",2,21,124777m 127778m 224777m 227778m 244777m 245777m 246777m 246778m 247777m 247779m 247789m 267778m 277778m 277788m 277789m 447778m 457778m 467778m 477778m 477788m 477789m
247779m,247779m33z,メンツ＋ターツ＋不要牌,3m,1,4,0,5,8,4.947368,"(4, 1, 5, 8, 4.94737)",2,19,124777m 127779m 224777m 227779m 244777m 245777m 246777m 247777m 247778m 247789m 277779m 277789m 277799m 447779m 457779m 467779m 477779m 477789m 477799m
247789m,247789m33z,メンツ＋ターツ＋不要牌,3m,1,4,0,9,8,5.217391,"(4, 1, 9, 8, 5.21739)",1,23,124789m 127789m 224789m 227789m 244789m 245789m 246778m 246789m 247778m 247779m 247889m 247899m 257789m 267789m 277789m 277889m 277899m 447789m 457789m 467789m 477789m 477889m 477899m
247888m,247888m33z,メンツ＋ターツ＋不要牌,3m,1,4,0,9,8,5.454545,"(4, 1, 9, 8, 5.45455)",1,22,124888m 127888m 224888m 227888m 244888m 245888m 246788m 246888m 247889m 248888m 248889m 257888m 267888m 277888m 278888m 278889m 447888m 457888m 467888m 477888m 478888m 478889m
247889m,247889m33z,メンツ＋ターツ＋不要牌,3m,1,4,0,8,8,5.090909,"(4, 1, 8, 8, 5.09091)",1,22,124789m 127889m 224789m 227889m 244789m 245789m 246788m 246789m 247789m 247888m 247899m 248889m 267889m 277889m 278889m 278899m 447889m 457889m 467889m 477889m 478889m 478899m
247899m,247899m33z,メンツ＋ターツ＋不要牌,3m,1,4,0,8,8,5.238095,"(4, 1, 8, 8, 5.2381)",2,21,124789m 127899m 224789m 227899m 244789m 245789m 246789m 247789m 247889m 247999m 248999m 267899m 277899m 278899m 278999m 447899m 457899m 467899m 477899m 478899m 478999m
247999m,247999m33z,メンツ＋ターツ＋不要牌,3m,1,4,0,9,8,5.619048,"(4, 1, 9, 8, 5.61905)",2,21,124999m 127999m 224999m 227999m 244999m 245999m 246999m 247899m 248999m 249999m 257999m 267999m 277999m 278999m 279999m 447999m 457999m 467999m 477999m 478999m 479999m
248888m,248888m33z,メンツ＋ターツ＋不要牌,3m,1,4,0,8,8,5.882353,"(4, 1, 8, 8, 5.88235)",2,17,124888m 128888m 224888m 228888m 244888m 245888m 246888m 247888m 248889m 268888m 278888m 288889m 448888m 458888m 468888m 478888m 488889m
248889m,248889m33z,メンツ＋ターツ＋不要牌,3m,1,4,0,5,8,4.947368,"(4, 1, 5, 8, 4.94737)",1,19,124888m 128889m 224888m 228889m 244888m 245888m 246888m 247888m 247889m 248888m 278889m 288889m 288899m 448889m 458889m 468889m 478889m 488889m 488899m
248999m,248999m33z,メンツ＋ターツ＋不要牌,3m,1,4,0,8,8,5.500000,"(4, 1, 8, 8, 5.5)",2,20,124999m 128999m 224999m 228999m 244999m 245999m 246999m 247899m 247999m 249999m 268999m 278999m 288999m 289999m 448999m 458999m 468999m 478999m 488999m 489999m
249999m,249999m33z,メンツ＋ターツ＋不要牌,3m,1,4,0,5,8,5.250000,"(4, 1, 5, 8, 5.25)",2,16,124999m 129999m 224999m 229999m 244999m 245999m 246999m 247999m 248999m 279999m 289999m 449999m 459999m 469999m 479999m 489999m
255557m,255557m33z,メンツ＋ターツ＋不要牌,6m,1,4,0,9,8,6.117647,"(4, 1, 9, 8, 6.11765)",2,17,125555m 125557m 155557m 225555m 225557m 235555m 235557m 245555m 245557m 255577m 255578m 255579m 355557m 455557m 555577m 555578m 555579m
255568m,255568m33z,メンツ＋ターツ＋不要牌,7m,1,4,0,8,8,5.578947,"(4, 1, 8, 8, 5.57895)",2,19,125556m 125558m 155568m 225556m 225558m 235556m 235558m 245556m 245558m 255556m 255566m 255588m 255589m 355568m 455568m 555568m 555668m 555688m 555689m
255579m,255579m33z,メンツ＋ターツ＋不要牌,8m,1,4,0,7,8,5.368421,"(4, 1, 7, 8, 5.36842)",1,19,125557m 125559m 155579m 225557m 225559m 235557m 235559m 245557m 245559m 255557m 255567m 255577m 255599m 355579m 455579m 555579m 555679m 555779m 555799m
255589m,255589m33z,メンツ＋ターツ＋不要牌,7m,1,4,0,4,8,4.888889,"(4, 1, 4, 8, 4.88889)",1,18,125558m 125559m 155589m 225558m 225559m 235558m 235559m 245558m 245559m 255568m 255588m 255599m 355589m 455589m 555589m 555689m 555889m 555899m
256779m,256779m33z,メンツ＋ターツ＋不要牌,8m,1,4,0,11,11,6.210526,"(4, 1, 11, 11, 6.21053)",2,19,125677m 125679m 156779m 225677m 225679m 235677m 235679m 245677m 245679m 255677m 256677m 256777m 256799m 356779m 456779m 556779m 566779m 567779m 567799m
257777m,257777m33z,メンツ＋ターツ＋不要牌,6m,1,4,0,9,8,6.117647,"(4, 1, 9, 8, 6.11765)",2,17,125777m 127777m 157777m 225777m 227777m 235777m 237777m 245777m 247777m 255777m 277778m 277779m 357777m 457777m 557777m 577778m 577779m
257789m,257789m33z,メンツ＋ターツ＋不要牌,6m,1,4,0,10,8,5.789474,"(4, 1, 10, 8, 5.78947)",2,19,125789m 127789m 157789m 225789m 227789m 235789m 237789m 245789m 247789m 255789m 277789m 277889m 277899m 357789m 457789m 557789m 577789m 577889m 577899m
257888m,257888m33z,メンツ＋ターツ＋不要牌,6m,1,4,0,10,8,6.000000,"(4, 1, 10, 8, 6)",2,19,125888m 127888m 157888m 225888m 227888m 235888m 237888m 245888m 247888m 255888m 277888m 278888m 278889m 357888m 457888m 557888m 577888m 578888m 578889m
257999m,257999m33z,メンツ＋ターツ＋不要牌,6m,1,4,0,10,8,6.000000,"(4, 1, 10, 8, 6)",2,19,125999m 127999m 157999m 225999m 227999m 235999m 237999m 245999m 247999m 255999m 277999m 278999m 279999m 357999m 457999m 557999m 577999m 578999m 579999m
266668m,266668m33z,メンツ＋ターツ＋不要牌,7m,1,4,0,7,8,5.647059,"(4, 1, 7, 8, 5.64706)",2,17,126666m 126668m 166668m 226666m 226668m 236666m 236668m 246666m 246668m 256666m 266688m 266689m 366668m 466668m 566668m 666688m 666689m
266679m,266679m33z,メンツ＋ターツ＋不要牌,8m,1,4,0,7,8,5.368421,"(4, 1, 7, 8, 5.36842)",2,19,126667m 126669m 166679m 226667m 226669m 236667m 236669m 246667m 246669m 256667m 266667m 266677m 266699m 366679m 466679m 566679m 666679m 666779m 666799m
266689m,266689m33z,メンツ＋ターツ＋不要牌,7m,1,4,0,4,8,4.888889,"(4, 1, 4, 8, 4.88889)",1,18,126668m 126669m 166689m 226668m 226669m 236668m 236669m 246668m 246669m 266668m 266688m 266699m 366689m 466689m 566689m 666689m 666889m 666899m
268888m,268888m33z,メンツ＋ターツ＋不要牌,7m,1,4,0,7,8,5.647059,"(4, 1, 7, 8, 5.64706)",2,17,126888m 128888m 168888m 226888m 228888m 236888m 238888m 246888m 248888m 256888m 266888m 288889m 368888m 468888m 568888m 668888m 688889m
268999m,268999m33z,メンツ＋ターツ＋不要牌,7m,1,4,0,8,8,5.684211,"(4, 1, 8, 8, 5.68421)",2,19,126999m 128999m 168999m 226999m 228999m 236999m 238999m 246999m 248999m 256999m 266999m 288999m 289999m 368999m 468999m 568999m 668999m 688999m 689999m
277779m,277779m33z,メンツ＋ターツ＋不要牌,8m,1,4,0,6,8,5.411765,"(4, 1, 6, 8, 5.41176)",2,17,127777m 127779m 177779m 227777m 227779m 237777m 237779m 247777m 247779m 257777m 267777m 277799m 377779m 477779m 577779m 677779m 777799m
279999m,279999m33z,メンツ＋ターツ＋不要牌,8m,1,4,0,6,8,5.411765,"(4, 1, 6, 8, 5.41176)",2,17,127999m 129999m 179999m 227999m 229999m 237999m 239999m 247999m 249999m 257999m 267999m 277999m 379999m 479999m 579999m 679999m 779999m
288889m,288889m33z,メンツ＋ターツ＋不要牌,7m,1,4,0,3,8,4.750000,"(4, 1, 3, 8, 4.75)",1,16,128888m 128889m 188889m 228888m 228889m 238888m 238889m 248888m 248889m 268888m 288899m 388889m 488889m 588889m 688889m 888899m
289999m,289999m33z,メンツ＋ターツ＋不要牌,7m,1,4,0,3,8,4.750000,"(4, 1, 3, 8, 4.75)",1,16,128999m 129999m 189999m 228999m 229999m 238999m 239999m 248999m 249999m 268999m 288999m 389999m 489999m 589999m 689999m 889999m
333358m,333358m33z,メンツ＋ターツ＋不要牌,4m,1,4,0,9,8,6.117647,"(4, 1, 9, 8, 6.11765)",2,17,133335m 133338m 233335m 233338m 333355m 333356m 333357m 333359m 333368m 333378m 333388m 333389m 333558m 333568m 333578m 333588m 333589m
333359m,333359m33z,メンツ＋ターツ＋不要牌,4m,1,4,0,8,8,6.000000,"(4, 1, 8, 8, 6)",2,16,133335m 133339m 233335m 233339m 333355m 333356m 333357m 333358m 333379m 333389m 333399m 333559m 333569m 333579m 333589m 333599m
333368m,333368m33z,メンツ＋ターツ＋不要牌,7m,1,4,0,9,8,6.000000,"(4, 1, 9, 8, 6)",2,18,133336m 133338m 133368m 233336m 233338m 233368m 333346m 333348m 333356m 333358m 333366m 333388m 333389m 333468m 333568m 333668m 333688m 333689m
333379m,333379m33z,メンツ＋ターツ＋不要牌,8m,1,4,0,10,8,6.222222,"(4, 1, 10, 8, 6.22222)",2,18,133337m 133339m 133379m 233337m 233339m 233379m 333347m 333349m 333357m 333359m 333367m 333377m 333399m 333479m 333579m 333679m 333779m 333799m
333389m,333389m33z,メンツ＋ターツ＋不要牌,7m,1,4,0,6,8,5.333333,"(4, 1, 6, 8, 5.33333)",1,18,133338m 133339m 133389m 233338m 233339m 233389m 333348m 333349m 333358m 333359m 333368m 333388m 333399m 333489m 333589m 333689m 333889m 333899m
333469m,333469m33z,メンツ＋ターツ＋不要牌,5m,1,4,0,8,8,5.764706,"(4, 1, 8, 8, 5.76471)",2,17,133346m 233346m 233349m 333346m 333349m 333446m 333449m 333466m 333467m 333468m 333479m 333489m 333499m 333669m 333679m 333689m 333699m
333479m,333479m33z,メンツ＋ターツ＋不要牌,8m,1,4,0,9,8,5.523810,"(4, 1, 9, 8, 5.52381)",1,21,133379m 233347m 233349m 233379m 233479m 333347m 333349m 333379m 333447m 333449m 333457m 333459m 333467m 333469m 333477m 333499m 333579m 333679m 333779m 333799m 334579m
333489m,333489m33z,メンツ＋ターツ＋不要牌,7m,1,4,0,7,8,5.142857,"(4, 1, 7, 8, 5.14286)",1,21,133389m 233348m 233349m 233389m 233489m 333348m 333349m 333389m 333448m 333449m 333458m 333459m 333468m 333469m 333488m 333499m 333589m 333689m 333889m 333899m 334589m
333589m,333589m33z,メンツ＋ターツ＋不要牌,7m,1,4,0,6,8,5.222222,"(4, 1, 6, 8, 5.22222)",1,18,133389m 233389m 333358m 333359m 333389m 333458m 333459m 333489m 333558m 333559m 333568m 333569m 333588m 333599m 333689m 333889m 333899m 334589m
333689m,333689m33z,メンツ＋ターツ＋不要牌,7m,1,4,0,7,8,5.555556,"(4, 1, 7, 8, 5.55556)",1,18,133368m 133389m 233368m 233389m 333368m 333389m 333468m 333469m 333489m 333568m 333569m 333589m 333668m 333669m 333688m 333699m 333889m 333899m
334579m,334579m33z,メンツ＋ターツ＋不要牌,8m,1,4,0,14,15,6.480000,"(4, 1, 14, 15, 6.48)",1,25,133457m 133459m 134579m 233457m 233459m 233479m 234579m 333457m 333459m 333479m 333579m 334457m 334459m 334557m 334559m 334567m 334569m 334577m 334599m 335679m 344579m 345579m 345679m 345779m 345799m
334589m,334589m33z,メンツ＋ターツ＋不要牌,7m,1,4,0,9,8,5.166667,"(4, 1, 9, 8, 5.16667)",1,24,133458m 133459m 134589m 233458m 233459m 233489m 234589m 333458m 333459m 333489m 333589m 334458m 334459m 334558m 334559m 334568m 334569m 334588m 334599m 344589m 345589m 345689m 345889m 345899m
344468m,344468m33z,メンツ＋ターツ＋不要牌,7m,1,4,0,11,14,6.409091,"(4, 1, 11, 14, 6.40909)",1,22,134446m 134448m 144468m 234446m 234448m 234468m 244468m 334446m 334448m 344446m 344448m 344456m 344458m 344466m 344488m 344489m 344568m 444468m 444568m 444668m 444688m 444689m
344479m,344479m33z,メンツ＋ターツ＋不要牌,8m,1,4,0,10,8,5.636364,"(4, 1, 10, 8, 5.63636)",2,22,134447m 134449m 144479m 234447m 234449m 234479m 244479m 334447m 334449m 344447m 344449m 344457m 344459m 344467m 344477m 344499m 344579m 444479m 444579m 444679m 444779m 444799m
344489m,344489m33z,メンツ＋ターツ＋不要牌,7m,1,4,0,6,8,4.909091,"(4, 1, 6, 8, 4.90909)",1,22,134448m 134449m 144489m 234448m 234449m 234489m 244489m 334448m 334449m 344448m 344449m 344458m 344459m 344468m 344488m 344499m 344589m 444489m 444589m 444689m 444889m 444899m
344579m,344579m33z,メンツ＋ターツ＋不要牌,8m,1,4,0,16,15,6.826087,"(4, 1, 16, 15, 6.82609)",1,23,134579m 234457m 234459m 234479m 234579m 334457m 334459m 334579m 344457m 344459m 344479m 344557m 344559m 344567m 344569m 344577m 344599m 345579m 345679m 345779m 345799m 444579m 445679m
344589m,344589m33z,メンツ＋ターツ＋不要牌,7m,1,4,0,10,11,5.478261,"(4, 1, 10, 11, 5.47826)",1,23,134589m 234458m 234459m 234489m 234589m 334458m 334459m 334589m 344458m 344459m 344489m 344558m 344559m 344568m 344569m 344588m 344599m 345589m 345689m 345889m 345899m 444589m 445689m
345589m,345589m33z,メンツ＋ターツ＋不要牌,7m,1,4,0,8,8,5.090909,"(4, 1, 8, 8, 5.09091)",1,22,134589m 234558m 234559m 234589m 334558m 334559m 334589m 344558m 344559m 344589m 345558m 345559m 345568m 345569m 345588m 345599m 345689m 345889m 345899m 355589m 455589m 455689m
345689m,345689m33z,メンツ＋ターツ＋不要牌,7m,1,4,0,14,11,6.137931,"(4, 1, 14, 11, 6.13793)",1,29,134568m 134569m 134589m 145689m 234568m 234569m 234589m 234689m 245689m 334568m 334569m 334589m 344568m 344569m 344589m 345568m 345569m 345589m 345668m 345669m 345688m 345699m 345889m 345899m 445689m 455689m 456689m 456889m 456899m
355558m,355558m33z,メンツ＋ターツ＋不要牌,4m,1,4,0,9,8,6.117647,"(4, 1, 9, 8, 6.11765)",2,17,135555m 135558m 235555m 235558m 335555m 335558m 355556m 355557m 355559m 355568m 355578m 355588m 355589m 555568m 555578m 555588m 555589m
355559m,355559m33z,メンツ＋ターツ＋不要牌,4m,1,4,0,8,8,6.000000,"(4, 1, 8, 8, 6)",2,16,135555m 135559m 235555m 235559m 335555m 335559m 355556m 355557m 355558m 355579m 355589m 355599m 555569m 555579m 555589m 555599m
355568m,355568m33z,メンツ＋ターツ＋不要牌,7m,1,4,0,10,14,6.047619,"(4, 1, 10, 14, 6.04762)",1,21,135556m 135558m 155568m 235556m 235558m 255568m 335556m 335558m 345556m 345558m 345568m 355556m 355558m 355566m 355588m 355589m 455568m 555568m 555668m 555688m 555689m
355579m,355579m33z,メンツ＋ターツ＋不要牌,8m,1,4,0,11,11,6.181818,"(4, 1, 11, 11, 6.18182)",1,22,135557m 135559m 155579m 235557m 235559m 255579m 335557m 335559m 345557m 345559m 345579m 355557m 355559m 355567m 355577m 355599m 355679m 455579m 555579m 555679m 555779m 555799m
355589m,355589m33z,メンツ＋ターツ＋不要牌,7m,1,4,0,6,8,5.047619,"(4, 1, 6, 8, 5.04762)",1,21,135558m 135559m 155589m 235558m 235559m 255589m 335558m 335559m 345558m 345559m 345589m 355558m 355559m 355568m 355588m 355599m 455589m 555589m 555689m 555889m 555899m
355679m,355679m33z,メンツ＋ターツ＋不要牌,4m,1,4,0,14,11,6.800000,"(4, 1, 14, 11, 6.8)",1,20,135567m 135679m 235567m 235679m 335567m 335679m 355567m 355579m 355667m 355677m 355678m 355789m 356779m 356789m 356799m 555679m 556679m 556779m 556789m 556799m
356668m,356668m33z,メンツ＋ターツ＋不要牌,4m,1,4,0,11,14,6.350000,"(4, 1, 11, 14, 6.35)",1,20,135666m 136668m 235666m 236668m 335666m 336668m 355666m 356666m 356667m 356669m 356678m 366668m 366678m 366688m 366689m 556668m 566668m 566678m 566688m 566689m
356669m,356669m33z,メンツ＋ターツ＋不要牌,4m,1,4,0,9,8,5.888889,"(4, 1, 9, 8, 5.88889)",2,18,135666m 136669m 235666m 236669m 335666m 336669m 355666m 356666m 356667m 356668m 366679m 366689m 366699m 556669m 566669m 566679m 566689m 566699m
356779m,356779m33z,メンツ＋ターツ＋不要牌,8m,1,4,0,13,15,6.727273,"(4, 1, 13, 15, 6.72727)",1,22,135677m 135679m 156779m 235677m 235679m 256779m 335677m 335679m 345677m 345679m 345779m 355677m 355679m 356677m 356777m 356799m 357779m 456779m 556779m 566779m 567779m 567799m
357778m,357778m33z,メンツ＋ターツ＋不要牌,4m,1,4,0,13,14,6.714286,"(4, 1, 13, 14, 6.71429)",1,21,135777m 137778m 235777m 237778m 335777m 337778m 355777m 356777m 356778m 357777m 357779m 357789m 367778m 377778m 377788m 377789m 557778m 567778m 577778m 577788m 577789m
357779m,357779m33z,メンツ＋ターツ＋不要牌,4m,1,4,0,11,11,6.200000,"(4, 1, 11, 11, 6.2)",1,20,135777m 137779m 235777m 237779m 335777m 337779m 355777m 356777m 356779m 357777m 357778m 357789m 377779m 377789m 377799m 557779m 567779m 577779m 577789m 577799m
357889m,357889m33z,メンツ＋ターツ＋不要牌,4m,1,4,0,13,11,6.136364,"(4, 1, 13, 11, 6.13636)",1,22,135789m 137889m 235789m 237889m 335789m 337889m 355789m 356788m 356789m 357789m 357888m 357899m 358889m 367889m 377889m 378889m 378899m 557889m 567889m 577889m 578889m 578899m
357899m,357899m33z,メンツ＋ターツ＋不要牌,4m,1,4,0,12,11,6.000000,"(4, 1, 12, 11, 6)",1,22,135789m 137899m 235789m 237899m 335789m 337899m 355789m 356789m 356799m 357789m 357889m 357999m 358999m 367899m 377899m 378899m 378999m 557899m 567899m 577899m 578899m 578999m
358888m,358888m33z,メンツ＋ターツ＋不要牌,4m,1,4,0,10,8,6.352941,"(4, 1, 10, 8, 6.35294)",2,17,135888m 138888m 235888m 238888m 335888m 338888m 355888m 356888m 357888m 358889m 368888m 378888m 388889m 558888m 568888m 578888m 588889m
358889m,358889m33z,メンツ＋ターツ＋不要牌,4m,1,4,0,9,8,5.789474,"(4, 1, 9, 8, 5.78947)",2,19,135888m 138889m 235888m 238889m 335888m 338889m 355888m 356888m 357888m 357889m 358888m 378889m 388889m 388899m 558889m 568889m 578889m 588889m 588899m
358999m,358999m33z,メンツ＋ターツ＋不要牌,4m,1,4,0,10,8,5.900000,"(4, 1, 10, 8, 5.9)",2,20,135999m 138999m 235999m 238999m 335999m 338999m 355999m 356999m 357899m 357999m 359999m 368999m 378999m 388999m 389999m 558999m 568999m 578999m 588999m 589999m
359999m,359999m33z,メンツ＋ターツ＋不要牌,4m,1,4,0,9,8,6.250000,"(4, 1, 9, 8, 6.25)",2,16,135999m 139999m 235999m 239999m 335999m 339999m 355999m 356999m 357999m 358999m 379999m 389999m 559999m 569999m 579999m 589999m
366668m,366668m33z,メンツ＋ターツ＋不要牌,7m,1,4,0,8,8,5.777778,"(4, 1, 8, 8, 5.77778)",2,18,136666m 136668m 166668m 236666m 236668m 266668m 336666m 336668m 346666m 346668m 356666m 356668m 366688m 366689m 466668m 566668m 666688m 666689m
366679m,366679m33z,メンツ＋ターツ＋不要牌,8m,1,4,0,10,8,5.900000,"(4, 1, 10, 8, 5.9)",2,20,136667m 136669m 166679m 236667m 236669m 266679m 336667m 336669m 346667m 346669m 356667m 356669m 366667m 366677m 366699m 466679m 566679m 666679m 666779m 666799m
366689m,366689m33z,メンツ＋ターツ＋不要牌,7m,1,4,0,6,8,5.200000,"(4, 1, 6, 8, 5.2)",1,20,136668m 136669m 166689m 236668m 236669m 266689m 336668m 336669m 346668m 346669m 356668m 356669m 366668m 366688m 366699m 466689m 566689m 666689m 666889m 666899m
368888m,368888m33z,メンツ＋ターツ＋不要牌,7m,1,4,0,8,8,5.777778,"(4, 1, 8, 8, 5.77778)",2,18,136888m 138888m 168888m 236888m 238888m 268888m 336888m 338888m 346888m 348888m 356888m 358888m 366888m 388889m 468888m 568888m 668888m 688889m
368999m,368999m33z,メンツ＋ターツ＋不要牌,7m,1,4,0,9,8,5.800000,"(4, 1, 9, 8, 5.8)",2,20,136999m 138999m 168999m 236999m 238999m 268999m 336999m 338999m 346999m 348999m 356999m 358999m 366999m 388999m 389999m 468999m 568999m 668999m 688999m 689999m
377779m,377779m33z,メンツ＋ターツ＋不要牌,8m,1,4,0,9,8,6.000000,"(4, 1, 9, 8, 6)",2,18,137777m 137779m 177779m 237777m 237779m 277779m 337777m 337779m 347777m 347779m 357777m 357779m 367777m 377799m 477779m 577779m 677779m 777799m
379999m,379999m33z,メンツ＋ターツ＋不要牌,8m,1,4,0,9,8,6.000000,"(4, 1, 9, 8, 6)",2,18,137999m 139999m 179999m 237999m 239999m 279999m 337999m 339999m 347999m 349999m 357999m 359999m 367999m 377999m 479999m 579999m 679999m 779999m
388889m,388889m33z,メンツ＋ターツ＋不要牌,7m,1,4,0,5,8,5.111111,"(4, 1, 5, 8, 5.11111)",1,18,138888m 138889m 188889m 238888m 238889m 288889m 338888m 338889m 348888m 348889m 358888m 358889m 368888m 388899m 488889m 588889m 688889m 888899m
389999m,389999m33z,メンツ＋ターツ＋不要牌,7m,1,4,0,5,8,5.111111,"(4, 1, 5, 8, 5.11111)",1,18,138999m 139999m 189999m 238999m 239999m 289999m 338999m 339999m 348999m 349999m 358999m 359999m 368999m 388999m 489999m 589999m 689999m 889999m
444469m,444469m33z,メンツ＋ターツ＋不要牌,5m,1,4,0,7,8,5.866667,"(4, 1, 7, 8, 5.86667)",2,15,144446m 244446m 244449m 344446m 344449m 444466m 444467m 444468m 444479m 444489m 444499m 444669m 444679m 444689m 444699m
444479m,444479m33z,メンツ＋ターツ＋不要牌,8m,1,4,0,9,8,6.117647,"(4, 1, 9, 8, 6.11765)",2,17,144479m 244447m 244449m 244479m 344447m 344449m 344479m 444457m 444459m 444467m 444469m 444477m 444499m 444579m 444679m 444779m 444799m
444489m,444489m33z,メンツ＋ターツ＋不要牌,7m,1,4,0,7,8,5.647059,"(4, 1, 7, 8, 5.64706)",1,17,144489m 244448m 244449m 244489m 344448m 344449m 344489m 444458m 444459m 444468m 444469m 444488m 444499m 444589m 444689m 444889m 444899m
444589m,444589m33z,メンツ＋ターツ＋不要牌,7m,1,4,0,6,8,5.052632,"(4, 1, 6, 8, 5.05263)",1,19,144489m 244489m 344458m 344459m 344489m 344589m 444458m 444459m 444489m 444558m 444559m 444568m 444569m 444588m 444599m 444689m 444889m 444899m 445689m
444689m,444689m33z,メンツ＋ターツ＋不要牌,7m,1,4,0,7,8,5.368421,"(4, 1, 7, 8, 5.36842)",1,19,144468m 144489m 244468m 244489m 344468m 344489m 444468m 444469m 444489m 444568m 444569m 444589m 444668m 444669m 444688m 444699m 444889m 444899m 445689m
445689m,445689m33z,メンツ＋ターツ＋不要牌,7m,1,4,0,9,11,5.454545,"(4, 1, 9, 11, 5.45455)",1,22,145689m 244568m 244569m 245689m 344568m 344569m 344589m 345689m 444568m 444569m 444589m 444689m 445568m 445569m 445668m 445669m 445688m 445699m 455689m 456689m 456889m 456899m
455579m,455579m33z,メンツ＋ターツ＋不要牌,8m,1,4,0,11,14,6.523810,"(4, 1, 11, 14, 6.52381)",1,21,155579m 245557m 245559m 255579m 345557m 345559m 345579m 355579m 445557m 445559m 455557m 455559m 455567m 455569m 455577m 455599m 455679m 555579m 555679m 555779m 555799m
455589m,455589m33z,メンツ＋ターツ＋不要牌,7m,1,4,0,7,8,5.142857,"(4, 1, 7, 8, 5.14286)",1,21,155589m 245558m 245559m 255589m 345558m 345559m 345589m 355589m 445558m 445559m 455558m 455559m 455568m 455569m 455588m 455599m 455689m 555589m 555689m 555889m 555899m
455689m,455689m33z,メンツ＋ターツ＋不要牌,7m,1,4,0,9,8,5.400000,"(4, 1, 9, 8, 5.4)",1,20,145689m 245689m 345568m 345569m 345589m 345689m 445568m 445569m 445689m 455568m 455569m 455589m 455668m 455669m 455688m 455699m 456689m 456889m 456899m 555689m
456689m,456689m33z,メンツ＋ターツ＋不要牌,7m,1,4,0,9,11,5.619048,"(4, 1, 9, 11, 5.61905)",1,21,145668m 145689m 245668m 245689m 345668m 345669m 345689m 445668m 445669m 445689m 455668m 455669m 455689m 456668m 456669m 456688m 456699m 456889m 456899m 466689m 566689m
466669m,466669m33z,メンツ＋ターツ＋不要牌,5m,1,4,0,7,8,5.866667,"(4, 1, 7, 8, 5.86667)",2,15,146666m 246666m 246669m 346666m 346669m 446666m 446669m 466667m 466668m 466679m 466689m 466699m 666679m 666689m 666699m
466679m,466679m33z,メンツ＋ターツ＋不要牌,8m,1,4,0,10,14,6.150000,"(4, 1, 10, 14, 6.15)",1,20,166679m 246667m 246669m 266679m 346667m 346669m 366679m 446667m 446669m 456667m 456669m 456679m 466667m 466669m 466677m 466699m 566679m 666679m 666779m 666799m
466689m,466689m33z,メンツ＋ターツ＋不要牌,7m,1,4,0,7,11,5.500000,"(4, 1, 7, 11, 5.5)",1,20,166689m 246668m 246669m 266689m 346668m 346669m 366689m 446668m 446669m 456668m 456669m 456689m 466668m 466669m 466688m 466699m 566689m 666689m 666889m 666899m
467779m,467779m33z,メンツ＋ターツ＋不要牌,5m,1,4,0,10,10,6.166667,"(4, 1, 10, 10, 6.16667)",2,18,146777m 246777m 247779m 346777m 347779m 446777m 447779m 466777m 467777m 467778m 467789m 477779m 477789m 477799m 667779m 677779m 677789m 677799m
468889m,468889m33z,メンツ＋ターツ＋不要牌,5m,1,4,0,9,10,5.944444,"(4, 1, 9, 10, 5.94444)",1,18,146888m 246888m 248889m 346888m 348889m 446888m 448889m 466888m 467888m 467889m 468888m 478889m 488889m 488899m 668889m 678889m 688889m 688899m
469999m,469999m33z,メンツ＋ターツ＋不要牌,5m,1,4,0,8,8,6.133333,"(4, 1, 8, 8, 6.13333)",2,15,146999m 246999m 249999m 346999m 349999m 446999m 449999m 466999m 467999m 468999m 479999m 489999m 669999m 679999m 689999m
477779m,477779m33z,メンツ＋ターツ＋不要牌,8m,1,4,0,8,8,5.882353,"(4, 1, 8, 8, 5.88235)",2,17,177779m 247777m 247779m 277779m 347777m 347779m 377779m 447777m 447779m 457777m 457779m 467777m 467779m 477799m 577779m 677779m 777799m
479999m,479999m33z,メンツ＋ターツ＋不要牌,8m,1,4,0,8,8,5.882353,"(4, 1, 8, 8, 5.88235)",2,17,179999m 247999m 249999m 279999m 347999m 349999m 379999m 447999m 449999m 457999m 459999m 467999m 469999m 477999m 579999m 679999m 779999m
488889m,488889m33z,メンツ＋ターツ＋不要牌,7m,1,4,0,6,8,5.411765,"(4, 1, 6, 8, 5.41176)",1,17,188889m 248888m 248889m 288889m 348888m 348889m 388889m 448888m 448889m 458888m 458889m 468888m 468889m 488899m 588889m 688889m 888899m
489999m,489999m33z,メンツ＋ターツ＋不要牌,7m,1,4,0,6,8,5.411765,"(4, 1, 6, 8, 5.41176)",1,17,189999m 248999m 249999m 289999m 348999m 349999m 389999m 448999m 449999m 458999m 459999m 468999m 469999m 488999m 589999m 689999m 889999m
555589m,555589m33z,メンツ＋ターツ＋不要牌,7m,1,4,0,6,8,5.600000,"(4, 1, 6, 8, 5.6)",1,15,155589m 255589m 355558m 355559m 355589m 455558m 455559m 455589m 555568m 555569m 555588m 555599m 555689m 555889m 555899m
555689m,555689m33z,メンツ＋ターツ＋不要牌,7m,1,4,0,7,8,5.368421,"(4, 1, 7, 8, 5.36842)",1,19,155568m 155589m 255568m 255589m 355568m 355589m 455568m 455569m 455589m 455689m 555568m 555569m 555589m 555668m 555669m 555688m 555699m 555889m 555899m
566689m,566689m33z,メンツ＋ターツ＋不要牌,7m,1,4,0,6,11,5.444444,"(4, 1, 6, 11, 5.44444)",1,18,166689m 266689m 356668m 356669m 366689m 456668m 456669m 456689m 466689m 556668m 556669m 566668m 566669m 566688m 566699m 666689m 666889m 666899m
588889m,588889m33z,メンツ＋ターツ＋不要牌,7m,1,4,0,5,8,5.333333,"(4, 1, 5, 8, 5.33333)",1,15,188889m 288889m 358888m 358889m 388889m 458888m 458889m 488889m 558888m 558889m 568888m 568889m 588899m 688889m 888899m
589999m,589999m33z,メンツ＋ターツ＋不要牌,7m,1,4,0,5,8,5.333333,"(4, 1, 5, 8, 5.33333)",1,15,189999m 289999m 358999m 359999m 389999m 458999m 459999m 489999m 558999m 559999m 568999m 569999m 588999m 689999m 889999m
666689m,666689m33z,メンツ＋ターツ＋不要牌,7m,1,4,0,6,8,5.500000,"(4, 1, 6, 8, 5.5)",1,16,166668m 166689m 266668m 266689m 366668m 366689m 466668m 466669m 466689m 566668m 566669m 566689m 666688m 666699m 666889m 666899m
688889m,688889m33z,メンツ＋ターツ＋不要牌,7m,1,4,0,5,8,5.250000,"(4, 1, 5, 8, 5.25)",1,16,168888m 188889m 268888m 288889m 368888m 388889m 468888m 468889m 488889m 568888m 568889m 588889m 668888m 668889m 688899m 888899m
689999m,689999m33z,メンツ＋ターツ＋不要牌,7m,1,4,0,6,8,5.500000,"(4, 1, 6, 8, 5.5)",2,16,168999m 189999m 268999m 289999m 368999m 389999m 468999m 469999m 489999m 568999m 569999m 589999m 668999m 669999m 688999m 889999m
122236m,122236m33z,メンツ＋ターツ＋不要牌,2m 3z,2,3,0,22,12,5.923077,"(3, 2, 22, 12, 5.92308)",1,26,112223m 112226m 112236m 122233m 122234m 122235m 122237m 122238m 122239m 122246m 122256m 122266m 122267m 122268m 122336m 122346m 122356m 122366m 122367m 122368m 222336m 222346m 222356m 222366m 222367m 222368m
122237m,122237m33z,メンツ＋ターツ＋不要牌,2m 3z,2,3,0,23,12,5.785714,"(3, 2, 23, 12, 5.78571)",1,28,112223m 112227m 112237m 122233m 122234m 122235m 122236m 122238m 122239m 122257m 122267m 122277m 122278m 122279m 122337m 122347m 122357m 122367m 122377m 122378m 122379m 222337m 222347m 222357m 222367m 222377m 222378m 222379m
122238m,122238m33z,メンツ＋ターツ＋不要牌,2m 3z,2,3,0,21,12,5.307692,"(3, 2, 21, 12, 5.30769)",1,26,112223m 112228m 112238m 122233m 122234m 122235m 122236m 122237m 122239m 122268m 122278m 122288m 122289m 122338m 122348m 122368m 122378m 122388m 122389m 222338m 222348m 222358m 222368m 222378m 222388m 222389m
122239m,122239m33z,メンツ＋ターツ＋不要牌,2m 3z,2,3,0,18,12,4.956522,"(3, 2, 18, 12, 4.95652)",1,23,112223m 112229m 112239m 122233m 122234m 122235m 122236m 122237m 122238m 122279m 122289m 122299m 122339m 122349m 122379m 122389m 122399m 222339m 222349m 222359m 222379m 222389m 222399m
123336m,123336m33z,メンツ＋ターツ＋不要牌,3m 3z,2,3,0,22,12,5.923077,"(3, 2, 22, 12, 5.92308)",1,26,112333m 112336m 113336m 122333m 122336m 123334m 123335m 123337m 123338m 123339m 123346m 123356m 123366m 123367m 123368m 133346m 133356m 133366m 133367m 133368m 223336m 233346m 233356m 233366m 233367m 233368m
123337m,123337m33z,メンツ＋ターツ＋不要牌,3m 3z,2,3,0,23,12,5.785714,"(3, 2, 23, 12, 5.78571)",1,28,112333m 112337m 113337m 122333m 122337m 123334m 123335m 123336m 123338m 123339m 123347m 123357m 123367m 123377m 123378m 123379m 133357m 133367m 133377m 133378m 133379m 223337m 233347m 233357m 233367m 233377m 233378m 233379m
123338m,123338m33z,メンツ＋ターツ＋不要牌,3m 3z,2,3,0,21,12,5.307692,"(3, 2, 21, 12, 5.30769)",1,26,112333m 112338m 113338m 122333m 122338m 123334m 123335m 123336m 123337m 123339m 123348m 123358m 123368m 123378m 123388m 123389m 133368m 133378m 133388m 133389m 223338m 233348m 233368m 233378m 233388m 233389m
123339m,123339m33z,メンツ＋ターツ＋不要牌,3m 3z,2,3,0,18,12,4.956522,"(3, 2, 18, 12, 4.95652)",1,23,112333m 112339m 113339m 122333m 122339m 123334m 123335m 123336m 123337m 123338m 123349m 123359m 123379m 123389m 123399m 133379m 133389m 133399m 223339m 233349m 233379m 233389m 233399m
145556m,145556m33z,メンツ＋ターツ＋不要牌,5m 3z,2,3,0,22,14,6.739130,"(3, 2, 22, 14, 6.73913)",1,23,114555m 114556m 115556m 124555m 124556m 125556m 134555m 134556m 135556m 144555m 144556m 145566m 145567m 155566m 155567m 155568m 245556m 345556m 445556m 455566m 455567m 455568m 455569m
156667m,156667m33z,メンツ＋ターツ＋不要牌,6m 3z,2,3,0,24,14,6.520000,"(3, 2, 24, 14, 6.52)",1,25,115666m 115667m 116667m 125666m 125667m 126667m 135666m 135667m 136667m 145666m 145667m 155666m 155667m 156677m 156678m 166677m 166678m 166679m 256667m 356667m 456667m 556667m 566677m 566678m 566679m
167778m,167778m33z,メンツ＋ターツ＋不要牌,7m 3z,2,3,0,22,14,5.880000,"(3, 2, 22, 14, 5.88)",1,25,116777m 116778m 117778m 126777m 126778m 127778m 136777m 136778m 137778m 146777m 156777m 156778m 166777m 166778m 167788m 167789m 177788m 177789m 267778m 367778m 467778m 567778m 667778m 677788m 677789m
177789m,177789m33z,メンツ＋ターツ＋不要牌,7m 3z,2,3,0,18,12,4.956522,"(3, 2, 18, 12, 4.95652)",1,23,117778m 117779m 117789m 127778m 127779m 127789m 137778m 137779m 137789m 157789m 167778m 167789m 177788m 177799m 177889m 177899m 277789m 377789m 477789m 577789m 677789m 777889m 777899m
178889m,178889m33z,メンツ＋ターツ＋不要牌,8m 3z,2,3,0,18,12,4.956522,"(3, 2, 18, 12, 4.95652)",1,23,117888m 117889m 118889m 127888m 127889m 128889m 137888m 137889m 138889m 157888m 167888m 167889m 177888m 177889m 178899m 188899m 278889m 378889m 478889m 578889m 678889m 778889m 788899m
233347m,233347m33z,メンツ＋ターツ＋不要牌,3m 3z,2,3,0,25,14,6.678571,"(3, 2, 25, 14, 6.67857)",1,28,123334m 123337m 123347m 223334m 223337m 223347m 233344m 233345m 233346m 233348m 233349m 233357m 233367m 233377m 233378m 233379m 233447m 233457m 233467m 233477m 233478m 233479m 333447m 333457m 333467m 333477m 333478m 333479m
233348m,233348m33z,メンツ＋ターツ＋不要牌,3m 3z,2,3,0,24,14,6.333333,"(3, 2, 24, 14, 6.33333)",1,27,123334m 123338m 123348m 223334m 223338m 223348m 233344m 233345m 233346m 233347m 233349m 233368m 233378m 233388m 233389m 233448m 233458m 233468m 233478m 233488m 233489m 333448m 333458m 333468m 333478m 333488m 333489m
233349m,233349m33z,メンツ＋ターツ＋不要牌,3m 3z,2,3,0,22,14,5.880000,"(3, 2, 22, 14, 5.88)",1,25,123334m 123339m 123349m 223334m 223339m 223349m 233344m 233345m 233346m 233347m 233348m 233379m 233389m 233399m 233449m 233459m 233479m 233489m 233499m 333449m 333459m 333469m 333479m 333489m 333499m
256667m,256667m33z,メンツ＋ターツ＋不要牌,6m 3z,2,3,0,25,14,6.884615,"(3, 2, 25, 14, 6.88462)",1,26,125666m 125667m 126667m 156667m 225666m 225667m 226667m 235666m 235667m 236667m 245666m 245667m 246667m 255666m 255667m 256677m 256678m 266677m 266678m 266679m 356667m 456667m 556667m 566677m 566678m 566679m
267778m,267778m33z,メンツ＋ターツ＋不要牌,7m 3z,2,3,0,24,14,6.333333,"(3, 2, 24, 14, 6.33333)",1,27,126777m 126778m 127778m 167778m 226777m 226778m 227778m 236777m 236778m 237778m 246777m 246778m 247778m 256777m 256778m 266777m 266778m 267788m 267789m 277788m 277789m 367778m 467778m 567778m 667778m 677788m 677789m
277789m,277789m33z,メンツ＋ターツ＋不要牌,7m 3z,2,3,0,21,12,5.307692,"(3, 2, 21, 12, 5.30769)",1,26,127778m 127779m 127789m 177789m 227778m 227779m 227789m 237778m 237779m 237789m 247778m 247779m 247789m 257789m 267778m 267789m 277788m 277799m 277889m 277899m 377789m 477789m 577789m 677789m 777889m 777899m
278889m,278889m33z,メンツ＋ターツ＋不要牌,8m 3z,2,3,0,21,12,5.307692,"(3, 2, 21, 12, 5.30769)",1,26,127888m 127889m 128889m 178889m 227888m 227889m 228889m 237888m 237889m 238889m 247888m 247889m 248889m 257888m 267888m 267889m 277888m 277889m 278899m 288899m 378889m 478889m 578889m 678889m 778889m 788899m
344458m,344458m33z,メンツ＋ターツ＋不要牌,4m 3z,2,3,0,25,14,6.884615,"(3, 2, 25, 14, 6.88462)",1,26,134445m 134448m 234445m 234448m 234458m 334445m 334448m 334458m 344455m 344456m 344457m 344459m 344468m 344478m 344488m 344489m 344558m 344568m 344578m 344588m 344589m 444558m 444568m 444578m 444588m 444589m
344459m,344459m33z,メンツ＋ターツ＋不要牌,4m 3z,2,3,0,24,14,6.520000,"(3, 2, 24, 14, 6.52)",1,25,134445m 134449m 234445m 234449m 234459m 334445m 334449m 334459m 344455m 344456m 344457m 344458m 344479m 344489m 344499m 344559m 344569m 344579m 344589m 344599m 444559m 444569m 444579m 444589m 444599m
367778m,367778m33z,メンツ＋ターツ＋不要牌,7m 3z,2,3,0,25,14,6.678571,"(3, 2, 25, 14, 6.67857)",1,28,136777m 136778m 137778m 167778m 236777m 236778m 237778m 267778m 336777m 336778m 337778m 346777m 346778m 347778m 356777m 356778m 357778m 366777m 366778m 367788m 367789m 377788m 377789m 467778m 567778m 667778m 677788m 677789m
377789m,377789m33z,メンツ＋ターツ＋不要牌,7m 3z,2,3,0,23,12,5.785714,"(3, 2, 23, 12, 5.78571)",1,28,137778m 137779m 137789m 177789m 237778m 237779m 237789m 277789m 337778m 337779m 337789m 347778m 347779m 347789m 357778m 357779m 357789m 367778m 367789m 377788m 377799m 377889m 377899m 477789m 577789m 677789m 777889m 777899m
378889m,378889m33z,メンツ＋ターツ＋不要牌,8m 3z,2,3,0,23,12,5.785714,"(3, 2, 23, 12, 5.78571)",1,28,137888m 137889m 138889m 178889m 237888m 237889m 238889m 278889m 337888m 337889m 338889m 347888m 347889m 348889m 357888m 357889m 358889m 367888m 367889m 377888m 377889m 378899m 388899m 478889m 578889m 678889m 778889m 788899m
455569m,455569m33z,メンツ＋ターツ＋不要牌,5m 3z,2,3,0,22,14,6.739130,"(3, 2, 22, 14, 6.73913)",1,23,145556m 245556m 245559m 345556m 345559m 345569m 445556m 445559m 445569m 455566m 455567m 455568m 455579m 455589m 455599m 455669m 455679m 455689m 455699m 555669m 555679m 555689m 555699m
477789m,477789m33z,メンツ＋ターツ＋不要牌,7m 3z,2,3,0,22,12,5.923077,"(3, 2, 22, 12, 5.92308)",1,26,177789m 247778m 247779m 247789m 277789m 347778m 347779m 347789m 377789m 447778m 447779m 447789m 457778m 457779m 457789m 467778m 467779m 467789m 477788m 477799m 477889m 477899m 577789m 677789m 777889m 777899m
478889m,478889m33z,メンツ＋ターツ＋不要牌,8m 3z,2,3,0,22,12,5.923077,"(3, 2, 22, 12, 5.92308)",1,26,178889m 247888m 247889m 248889m 278889m 347888m 347889m 348889m 378889m 447888m 447889m 448889m 457888m 457889m 458889m 467888m 467889m 468889m 477888m 477889m 478899m 488899m 578889m 678889m 778889m 788899m
112235m,112235m33z,メンツ＋ターツ＋不要牌,3m,1,3,0,15,12,6.052632,"(3, 1, 15, 12, 6.05263)",1,19,111223m 111225m 111235m 112223m 112225m 112234m 112236m 112237m 112238m 112239m 112345m 112355m 112356m 112357m 122235m 122345m 122355m 122356m 122357m
112236m,112236m33z,メンツ＋ターツ＋不要牌,3m,1,3,0,16,12,5.714286,"(3, 1, 16, 12, 5.71429)",1,21,111223m 111226m 111236m 112223m 112226m 112234m 112235m 112237m 112238m 112239m 112346m 112356m 112366m 112367m 112368m 122236m 122346m 122356m 122366m 122367m 122368m
112237m,112237m33z,メンツ＋ターツ＋不要牌,3m,1,3,0,17,12,5.217391,"(3, 1, 17, 12, 5.21739)",1,23,111223m 111227m 111237m 112223m 112227m 112234m 112235m 112236m 112238m 112239m 112347m 112357m 112367m 112377m 112378m 112379m 122237m 122347m 122357m 122367m 122377m 122378m 122379m
112238m,112238m33z,メンツ＋ターツ＋不要牌,3m,1,3,0,15,12,4.952381,"(3, 1, 15, 12, 4.95238)",1,21,111223m 111228m 111238m 112223m 112228m 112234m 112235m 112236m 112237m 112239m 112348m 112368m 112378m 112388m 112389m 122238m 122348m 122368m 122378m 122388m 122389m
112239m,112239m33z,メンツ＋ターツ＋不要牌,3m,1,3,0,13,12,4.631579,"(3, 1, 13, 12, 4.63158)",1,19,111223m 111229m 111239m 112223m 112229m 112234m 112235m 112236m 112237m 112238m 112349m 112379m 112389m 112399m 122239m 122349m 122379m 122389m 122399m
112336m,112336m33z,メンツ＋ターツ＋不要牌,2m,1,3,0,17,12,6.095238,"(3, 1, 17, 12, 6.09524)",1,21,111233m 111236m 111336m 112333m 112334m 112335m 112337m 112338m 112339m 112346m 112356m 112366m 112367m 112368m 113336m 123336m 123346m 123356m 123366m 123367m 123368m
112337m,112337m33z,メンツ＋ターツ＋不要牌,2m,1,3,0,19,12,5.913043,"(3, 1, 19, 12, 5.91304)",1,23,111233m 111237m 111337m 112333m 112334m 112335m 112336m 112338m 112339m 112347m 112357m 112367m 112377m 112378m 112379m 113337m 123337m 123347m 123357m 123367m 123377m 123378m 123379m
112338m,112338m33z,メンツ＋ターツ＋不要牌,2m,1,3,0,18,12,5.454545,"(3, 1, 18, 12, 5.45455)",1,22,111233m 111238m 111338m 112333m 112334m 112335m 112336m 112337m 112339m 112348m 112368m 112378m 112388m 112389m 113338m 123338m 123348m 123358m 123368m 123378m 123388m 123389m
112339m,112339m33z,メンツ＋ターツ＋不要牌,2m,1,3,0,16,12,5.200000,"(3, 1, 16, 12, 5.2)",1,20,111233m 111239m 111339m 112333m 112334m 112335m 112336m 112337m 112338m 112349m 112379m 112389m 112399m 113339m 123339m 123349m 123359m 123379m 123389m 123399m
122347m,122347m33z,メンツ＋ターツ＋不要牌,3m,1,3,0,23,11,5.821429,"(3, 1, 23, 11, 5.82143)",1,28,112234m 112237m 112347m 122234m 122237m 122344m 122345m 122346m 122348m 122349m 122357m 122367m 122377m 122378m 122379m 123447m 123457m 123467m 123477m 123478m 123479m 222347m 223447m 223457m 223467m 223477m 223478m 223479m
122348m,122348m33z,メンツ＋ターツ＋不要牌,3m,1,3,0,22,11,5.444444,"(3, 1, 22, 11, 5.44444)",1,27,112234m 112238m 112348m 122234m 122238m 122344m 122345m 122346m 122347m 122349m 122368m 122378m 122388m 122389m 123448m 123458m 123468m 123478m 123488m 123489m 222348m 223448m 223458m 223468m 223478m 223488m 223489m
122349m,122349m33z,メンツ＋ターツ＋不要牌,3m,1,3,0,20,11,4.920000,"(3, 1, 20, 11, 4.92)",1,25,112234m 112239m 112349m 122234m 122239m 122344m 122345m 122346m 122347m 122348m 122379m 122389m 122399m 123449m 123459m 123469m 123479m 123489m 123499m 222349m 223449m 223459m 223479m 223489m 223499m
144566m,144566m33z,メンツ＋ターツ＋不要牌,5m,1,3,0,19,12,6.550000,"(3, 1, 19, 12, 6.55)",2,20,114456m 114566m 124456m 124566m 134456m 134566m 144456m 144466m 144567m 144666m 145666m 145667m 145668m 244566m 344566m 444566m 445666m 445667m 445668m 445669m
155677m,155677m33z,メンツ＋ターツ＋不要牌,6m,1,3,0,21,12,6.318182,"(3, 1, 21, 12, 6.31818)",2,22,115567m 115677m 125567m 125677m 135567m 135677m 145567m 145677m 155567m 155577m 155678m 155777m 156777m 156778m 156779m 255677m 355677m 455677m 555677m 556777m 556778m 556779m
166788m,166788m33z,メンツ＋ターツ＋不要牌,7m,1,3,0,19,12,5.590909,"(3, 1, 19, 12, 5.59091)",1,22,116678m 116788m 126678m 126788m 136678m 136788m 146678m 156678m 156788m 166678m 166688m 166789m 166888m 167888m 167889m 266788m 366788m 466788m 566788m 666788m 667888m 667889m
167889m,167889m33z,メンツ＋ターツ＋不要牌,7m,1,3,0,20,11,4.920000,"(3, 1, 20, 11, 4.92)",1,25,116788m 116789m 117889m 126788m 126789m 127889m 136788m 136789m 137889m 146789m 156788m 156789m 166788m 166789m 167888m 167899m 178889m 178899m 267889m 367889m 467889m 567889m 667889m 678889m 678899m
177899m,177899m33z,メンツ＋ターツ＋不要牌,8m,1,3,0,16,12,5.200000,"(3, 1, 16, 12, 5.2)",1,20,117789m 117899m 127789m 127899m 137789m 137899m 157789m 167789m 167899m 177789m 177799m 177999m 178999m 277899m 377899m 477899m 577899m 677899m 777899m 778999m
178899m,178899m33z,メンツ＋ターツ＋不要牌,7m,1,3,0,13,12,4.631579,"(3, 1, 13, 12, 4.63158)",1,19,117889m 117899m 127889m 127899m 137889m 137899m 167889m 167899m 178889m 178999m 188899m 188999m 278899m 378899m 478899m 578899m 678899m 788899m 788999m
223447m,223447m33z,メンツ＋ターツ＋不要牌,3m,1,3,0,20,12,6.391304,"(3, 1, 20, 12, 6.3913)",1,23,122344m 122347m 123447m 222344m 222347m 222447m 223444m 223445m 223446m 223448m 223449m 223457m 223467m 223477m 223478m 223479m 224447m 234447m 234457m 234467m 234477m 234478m 234479m
223448m,223448m33z,メンツ＋ターツ＋不要牌,3m,1,3,0,20,12,6.043478,"(3, 1, 20, 12, 6.04348)",1,23,122344m 122348m 123448m 222344m 222348m 222448m 223444m 223445m 223446m 223447m 223449m 223458m 223468m 223478m 223488m 223489m 224448m 234448m 234458m 234468m 234478m 234488m 234489m
223449m,223449m33z,メンツ＋ターツ＋不要牌,3m,1,3,0,19,12,5.590909,"(3, 1, 19, 12, 5.59091)",1,22,122344m 122349m 123449m 222344m 222349m 222449m 223444m 223445m 223446m 223447m 223448m 223459m 223479m 223489m 223499m 224449m 234449m 234459m 234469m 234479m 234489m 234499m
255677m,255677m33z,メンツ＋ターツ＋不要牌,6m,1,3,0,21,12,6.681818,"(3, 1, 21, 12, 6.68182)",2,22,125567m 125677m 155677m 225567m 225677m 235567m 235677m 245567m 245677m 255567m 255577m 255678m 255777m 256777m 256778m 256779m 355677m 455677m 555677m 556777m 556778m 556779m
266788m,266788m33z,メンツ＋ターツ＋不要牌,7m,1,3,0,20,12,6.043478,"(3, 1, 20, 12, 6.04348)",1,23,126678m 126788m 166788m 226678m 226788m 236678m 236788m 246678m 246788m 256678m 256788m 266678m 266688m 266789m 266888m 267888m 267889m 366788m 466788m 566788m 666788m 667888m 667889m
267889m,267889m33z,メンツ＋ターツ＋不要牌,7m,1,3,0,22,11,5.444444,"(3, 1, 22, 11, 5.44444)",1,27,126788m 126789m 127889m 167889m 226788m 226789m 227889m 236788m 236789m 237889m 246788m 246789m 247889m 256788m 256789m 266788m 266789m 267888m 267899m 278889m 278899m 367889m 467889m 567889m 667889m 678889m 678899m
277899m,277899m33z,メンツ＋ターツ＋不要牌,8m,1,3,0,18,12,5.454545,"(3, 1, 18, 12, 5.45455)",1,22,127789m 127899m 177899m 227789m 227899m 237789m 237899m 247789m 247899m 257789m 267789m 267899m 277789m 277799m 277999m 278999m 377899m 477899m 577899m 677899m 777899m 778999m
278899m,278899m33z,メンツ＋ターツ＋不要牌,7m,1,3,0,15,12,4.952381,"(3, 1, 15, 12, 4.95238)",1,21,127889m 127899m 178899m 227889m 227899m 237889m 237899m 247889m 247899m 267889m 267899m 278889m 278999m 288899m 288999m 378899m 478899m 578899m 678899m 788899m 788999m
334558m,334558m33z,メンツ＋ターツ＋不要牌,4m,1,3,0,21,12,6.681818,"(3, 1, 21, 12, 6.68182)",2,22,133455m 133458m 233455m 233458m 234558m 333455m 333458m 333558m 334555m 334556m 334557m 334559m 334568m 334578m 334588m 334589m 335558m 345558m 345568m 345578m 345588m 345589m
334559m,334559m33z,メンツ＋ターツ＋不要牌,4m,1,3,0,21,12,6.318182,"(3, 1, 21, 12, 6.31818)",2,22,133455m 133459m 233455m 233459m 234559m 333455m 333459m 333559m 334555m 334556m 334557m 334558m 334569m 334579m 334589m 334599m 335559m 345559m 345569m 345579m 345589m 345599m
366788m,366788m33z,メンツ＋ターツ＋不要牌,7m,1,3,0,20,12,6.391304,"(3, 1, 20, 12, 6.3913)",1,23,136678m 136788m 166788m 236678m 236788m 266788m 336678m 336788m 346678m 346788m 356678m 356788m 366678m 366688m 366789m 366888m 367888m 367889m 466788m 566788m 666788m 667888m 667889m
367889m,367889m33z,メンツ＋ターツ＋不要牌,7m,1,3,0,23,11,5.821429,"(3, 1, 23, 11, 5.82143)",1,28,136788m 136789m 137889m 167889m 236788m 236789m 237889m 267889m 336788m 336789m 337889m 346788m 346789m 347889m 356788m 356789m 357889m 366788m 366789m 367888m 367899m 378889m 378899m 467889m 567889m 667889m 678889m 678899m
377899m,377899m33z,メンツ＋ターツ＋不要牌,8m,1,3,0,19,12,5.913043,"(3, 1, 19, 12, 5.91304)",1,23,137789m 137899m 177899m 237789m 237899m 277899m 337789m 337899m 347789m 347899m 357789m 357899m 367789m 367899m 377789m 377799m 377999m 378999m 477899m 577899m 677899m 777899m 778999m
378899m,378899m33z,メンツ＋ターツ＋不要牌,7m,1,3,0,17,12,5.217391,"(3, 1, 17, 12, 5.21739)",1,23,137889m 137899m 178899m 237889m 237899m 278899m 337889m 337899m 347889m 347899m 357889m 357899m 367889m 367899m 378889m 378999m 388899m 388999m 478899m 578899m 678899m 788899m 788999m
445669m,445669m33z,メンツ＋ターツ＋不要牌,5m,1,3,0,19,12,6.550000,"(3, 1, 19, 12, 6.55)",2,20,144566m 244566m 244569m 344566m 344569m 345669m 444566m 444569m 444669m 445666m 445667m 445668m 445679m 445689m 445699m 446669m 456669m 456679m 456689m 456699m
477899m,477899m33z,メンツ＋ターツ＋不要牌,8m,1,3,0,17,12,6.095238,"(3, 1, 17, 12, 6.09524)",1,21,177899m 247789m 247899m 277899m 347789m 347899m 377899m 447789m 447899m 457789m 457899m 467789m 467899m 477789m 477799m 477999m 478999m 577899m 677899m 777899m 778999m
478899m,478899m33z,メンツ＋ターツ＋不要牌,7m,1,3,0,16,12,5.714286,"(3, 1, 16, 12, 5.71429)",1,21,178899m 247889m 247899m 278899m 347889m 347899m 378899m 447889m 447899m 457889m 457899m 467889m 467899m 478889m 478999m 488899m 488999m 578899m 678899m 788899m 788999m
578899m,578899m33z,メンツ＋ターツ＋不要牌,7m,1,3,0,15,12,6.052632,"(3, 1, 15, 12, 6.05263)",1,19,178899m 278899m 357889m 357899m 378899m 457889m 457899m 478899m 557889m 557899m 567889m 567899m 578889m 578999m 588899m 588999m 678899m 788899m 788999m
