from,to,change,from_score,to_score,from_ukeire_count,to_ukeire_count,from_fixed_ryanmen_count,to_fixed_ryanmen_count
111124m,111145m,ツモ5m / 打2m,"(4, 1, 6, 8, 5.5)","(8, 2, 2, 12, 6.90909)",4,8,0,1
111124m,111224m,ツモ2m / 打1m,"(4, 1, 6, 8, 5.5)","(8, 3, 0, 8, 5.23077)",4,8,0,0
111124m,111244m,ツモ4m / 打1m,"(4, 1, 6, 8, 5.5)","(8, 3, 1, 12, 5.84615)",4,8,0,0
111124m,111246m,ツモ6m / 打1m,"(4, 1, 6, 8, 5.5)","(8, 2, 0, 8, 5.64706)",4,8,0,0
111125m,111122m,ツモ2m / 打5m,"(4, 1, 5, 8, 5.33333)","(8, 3, 0, 8, 4.33333)",4,8,0,0
111125m,111145m,ツモ4m / 打2m,"(4, 1, 5, 8, 5.33333)","(8, 2, 2, 12, 6.90909)",4,8,0,1
111125m,111156m,ツモ6m / 打2m,"(4, 1, 5, 8, 5.33333)","(8, 2, 2, 12, 6.76923)",4,8,0,1
111126m,111122m,ツモ2m / 打6m,"(4, 1, 6, 8, 5.41176)","(8, 3, 0, 8, 4.33333)",4,8,0,0
111126m,111156m,ツモ5m / 打2m,"(4, 1, 6, 8, 5.41176)","(8, 2, 2, 12, 6.76923)",4,8,0,1
111126m,111246m,ツモ4m / 打1m,"(4, 1, 6, 8, 5.41176)","(8, 2, 0, 8, 5.64706)",4,8,0,0
111126m,111267m,ツモ7m / 打1m,"(4, 1, 6, 8, 5.41176)","(8, 2, 2, 12, 6.55556)",4,8,0,1
111127m,111122m,ツモ2m / 打7m,"(4, 1, 5, 8, 5.11111)","(8, 3, 0, 8, 4.33333)",4,8,0,0
111127m,111178m,ツモ8m / 打2m,"(4, 1, 5, 8, 5.11111)","(8, 2, 2, 12, 6.46154)",4,8,0,1
111127m,111267m,ツモ6m / 打1m,"(4, 1, 5, 8, 5.11111)","(8, 2, 2, 12, 6.55556)",4,8,0,1
111128m,111122m,ツモ2m / 打8m,"(4, 1, 3, 8, 4.75)","(8, 3, 0, 8, 4.33333)",4,8,0,0
111128m,111178m,ツモ7m / 打2m,"(4, 1, 3, 8, 4.75)","(8, 2, 2, 12, 6.46154)",4,8,0,1
111129m,111122m,ツモ2m / 打9m,"(4, 1, 1, 8, 4.28571)","(8, 3, 0, 8, 4.33333)",4,8,0,0
111133m,111334m,ツモ4m / 打1m,"(8, 3, 1, 12, 5.66667)","(12, 4, 0, 12, 6.90909)",8,12,0,1
111134m,111334m,ツモ3m / 打1m,"(8, 2, 2, 12, 6.76923)","(12, 4, 0, 12, 6.90909)",8,12,1,1
111134m,111344m,ツモ4m / 打1m,"(8, 2, 2, 12, 6.76923)","(12, 4, 0, 12, 6.90909)",8,12,1,1
111135m,111356m,ツモ6m / 打1m,"(8, 2, 0, 8, 5.71429)","(8, 2, 2, 12, 7)",8,8,0,1
111136m,111133m,ツモ3m / 打6m,"(4, 1, 8, 8, 5.88235)","(8, 3, 1, 12, 5.66667)",4,8,0,0
111136m,111346m,ツモ4m / 打1m,"(4, 1, 8, 8, 5.88235)","(8, 2, 2, 12, 7.05882)",4,8,0,1
111136m,111356m,ツモ5m / 打1m,"(4, 1, 8, 8, 5.88235)","(8, 2, 2, 12, 7)",4,8,0,1
111136m,111367m,ツモ7m / 打1m,"(4, 1, 8, 8, 5.88235)","(8, 2, 2, 12, 6.77778)",4,8,0,1
111137m,111133m,ツモ3m / 打7m,"(4, 1, 9, 8, 6)","(8, 3, 1, 12, 5.66667)",4,8,0,0
111137m,111347m,ツモ4m / 打1m,"(4, 1, 9, 8, 6)","(8, 2, 2, 12, 6.82353)",4,8,0,1
111137m,111357m,ツモ5m / 打1m,"(4, 1, 9, 8, 6)","(8, 2, 0, 8, 6)",4,8,0,0
111137m,111367m,ツモ6m / 打1m,"(4, 1, 9, 8, 6)","(8, 2, 2, 12, 6.77778)",4,8,0,1
111137m,111378m,ツモ8m / 打1m,"(4, 1, 9, 8, 6)","(8, 2, 2, 12, 6.84211)",4,8,0,1
111138m,111133m,ツモ3m / 打8m,"(4, 1, 6, 8, 5.41176)","(8, 3, 1, 12, 5.66667)",4,8,0,0
111138m,111134m,ツモ4m / 打8m,"(4, 1, 6, 8, 5.41176)","(8, 2, 2, 12, 6.76923)",4,8,0,1
111138m,111135m,ツモ5m / 打8m,"(4, 1, 6, 8, 5.41176)","(8, 2, 0, 8, 5.71429)",4,8,0,0
111138m,111378m,ツモ7m / 打1m,"(4, 1, 6, 8, 5.41176)","(8, 2, 2, 12, 6.84211)",4,8,0,1
111139m,111133m,ツモ3m / 打9m,"(4, 1, 4, 8, 5.06667)","(8, 3, 1, 12, 5.66667)",4,8,0,0
111139m,111134m,ツモ4m / 打9m,"(4, 1, 4, 8, 5.06667)","(8, 2, 2, 12, 6.76923)",4,8,0,1
111139m,111135m,ツモ5m / 打9m,"(4, 1, 4, 8, 5.06667)","(8, 2, 0, 8, 5.71429)",4,8,0,0
111144m,111244m,ツモ2m / 打1m,"(4, 2, 6, 12, 6.90909)","(8, 3, 1, 12, 5.84615)",4,8,0,0
111144m,111344m,ツモ3m / 打1m,"(4, 2, 6, 12, 6.90909)","(12, 4, 0, 12, 6.90909)",4,12,0,1
111144m,111445m,ツモ5m / 打1m,"(4, 2, 6, 12, 6.90909)","(12, 4, 0, 12, 6.90909)",4,12,0,1
111144m,111446m,ツモ6m / 打1m,"(4, 2, 6, 12, 6.90909)","(8, 3, 1, 12, 6.46154)",4,8,0,0
111145m,111445m,ツモ4m / 打1m,"(8, 2, 2, 12, 6.90909)","(12, 4, 0, 12, 6.90909)",8,12,1,1
111145m,111455m,ツモ5m / 打1m,"(8, 2, 2, 12, 6.90909)","(12, 4, 0, 12, 6.90909)",8,12,1,1
111146m,111246m,ツモ2m / 打1m,"(4, 1, 8, 8, 6.13333)","(8, 2, 0, 8, 5.64706)",4,8,0,0
111146m,111346m,ツモ3m / 打1m,"(4, 1, 8, 8, 6.13333)","(8, 2, 2, 12, 7.05882)",4,8,0,1
111146m,111446m,ツモ4m / 打1m,"(4, 1, 8, 8, 6.13333)","(8, 3, 1, 12, 6.46154)",4,8,0,0
111146m,111466m,ツモ6m / 打1m,"(4, 1, 8, 8, 6.13333)","(8, 3, 1, 12, 6.46154)",4,8,0,0
111146m,111467m,ツモ7m / 打1m,"(4, 1, 8, 8, 6.13333)","(8, 2, 2, 12, 7.05882)",4,8,0,1
111146m,111468m,ツモ8m / 打1m,"(4, 1, 8, 8, 6.13333)","(8, 2, 0, 8, 5.64706)",4,8,0,0
111155m,111355m,ツモ3m / 打1m,"(4, 2, 7, 12, 7)","(8, 3, 1, 12, 6.21429)",4,8,0,0
111155m,111455m,ツモ4m / 打1m,"(4, 2, 7, 12, 7)","(12, 4, 0, 12, 6.90909)",4,12,0,1
111155m,111556m,ツモ6m / 打1m,"(4, 2, 7, 12, 7)","(12, 4, 0, 12, 6.90909)",4,12,0,1
111155m,111557m,ツモ7m / 打1m,"(4, 2, 7, 12, 7)","(8, 3, 1, 12, 6.46154)",4,8,0,0
111156m,111556m,ツモ5m / 打1m,"(8, 2, 2, 12, 6.76923)","(12, 4, 0, 12, 6.90909)",8,12,1,1
111156m,111566m,ツモ6m / 打1m,"(8, 2, 2, 12, 6.76923)","(12, 4, 0, 12, 6.90909)",8,12,1,1
111157m,111357m,ツモ3m / 打1m,"(4, 1, 9, 8, 6.25)","(8, 2, 0, 8, 6)",4,8,0,0
111157m,111457m,ツモ4m / 打1m,"(4, 1, 9, 8, 6.25)","(8, 2, 2, 12, 7.05882)",4,8,0,1
111157m,111557m,ツモ5m / 打1m,"(4, 1, 9, 8, 6.25)","(8, 3, 1, 12, 6.46154)",4,8,0,0
111157m,111577m,ツモ7m / 打1m,"(4, 1, 9, 8, 6.25)","(8, 3, 1, 12, 6.46154)",4,8,0,0
111157m,111578m,ツモ8m / 打1m,"(4, 1, 9, 8, 6.25)","(8, 2, 2, 12, 7.25)",4,8,0,1
111157m,111579m,ツモ9m / 打1m,"(4, 1, 9, 8, 6.25)","(8, 2, 0, 8, 5.75)",4,8,0,0
111166m,111466m,ツモ4m / 打1m,"(4, 2, 6, 12, 6.46154)","(8, 3, 1, 12, 6.46154)",4,8,0,0
111166m,111566m,ツモ5m / 打1m,"(4, 2, 6, 12, 6.46154)","(12, 4, 0, 12, 6.90909)",4,12,0,1
111166m,111667m,ツモ7m / 打1m,"(4, 2, 6, 12, 6.46154)","(12, 4, 0, 12, 6.90909)",4,12,0,1
111166m,111668m,ツモ8m / 打1m,"(4, 2, 6, 12, 6.46154)","(8, 3, 1, 12, 5.84615)",4,8,0,0
111167m,111667m,ツモ6m / 打1m,"(8, 2, 2, 12, 6.28571)","(12, 4, 0, 12, 6.90909)",8,12,1,1
111167m,111677m,ツモ7m / 打1m,"(8, 2, 2, 12, 6.28571)","(12, 4, 0, 12, 6.90909)",8,12,1,1
111168m,111156m,ツモ5m / 打8m,"(4, 1, 5, 8, 5.25)","(8, 2, 2, 12, 6.76923)",4,8,0,1
111168m,111468m,ツモ4m / 打1m,"(4, 1, 5, 8, 5.25)","(8, 2, 0, 8, 5.64706)",4,8,0,0
111168m,111668m,ツモ6m / 打1m,"(4, 1, 5, 8, 5.25)","(8, 3, 1, 12, 5.84615)",4,8,0,0
111168m,111688m,ツモ8m / 打1m,"(4, 1, 5, 8, 5.25)","(8, 3, 0, 8, 5.23077)",4,8,0,0
111177m,111577m,ツモ5m / 打1m,"(4, 2, 6, 12, 6.46154)","(8, 3, 1, 12, 6.46154)",4,8,0,0
111177m,111677m,ツモ6m / 打1m,"(4, 2, 6, 12, 6.46154)","(12, 4, 0, 12, 6.90909)",4,12,0,1
111177m,111778m,ツモ8m / 打1m,"(4, 2, 6, 12, 6.46154)","(12, 4, 0, 12, 6.90909)",4,12,0,1
111177m,111779m,ツモ9m / 打1m,"(4, 2, 6, 12, 6.46154)","(8, 3, 1, 12, 5.84615)",4,8,0,0
111178m,111778m,ツモ7m / 打1m,"(8, 2, 2, 12, 6.46154)","(12, 4, 0, 12, 6.90909)",8,12,1,1
111178m,111788m,ツモ8m / 打1m,"(8, 2, 2, 12, 6.46154)","(12, 4, 0, 12, 6.54545)",8,12,1,1
111179m,111579m,ツモ5m / 打1m,"(4, 1, 5, 8, 5.33333)","(8, 2, 0, 8, 5.75)",4,8,0,0
111179m,111679m,ツモ6m / 打1m,"(4, 1, 5, 8, 5.33333)","(8, 2, 2, 12, 6.66667)",4,8,0,1
111179m,111779m,ツモ7m / 打1m,"(4, 1, 5, 8, 5.33333)","(8, 3, 1, 12, 5.84615)",4,8,0,0
111179m,111799m,ツモ9m / 打1m,"(4, 1, 5, 8, 5.33333)","(8, 3, 0, 8, 4.92308)",4,8,0,0
111188m,111688m,ツモ6m / 打1m,"(4, 2, 4, 12, 5.66667)","(8, 3, 0, 8, 5.23077)",4,8,0,0
111188m,111788m,ツモ7m / 打1m,"(4, 2, 4, 12, 5.66667)","(12, 4, 0, 12, 6.54545)",4,12,0,1
111188m,111889m,ツモ9m / 打1m,"(4, 2, 4, 12, 5.66667)","(8, 3, 0, 8, 4.61538)",4,8,0,0
111189m,111889m,ツモ8m / 打1m,"(4, 1, 2, 8, 4.57143)","(8, 3, 0, 8, 4.61538)",4,8,0,0
111189m,111899m,ツモ9m / 打1m,"(4, 1, 2, 8, 4.57143)","(8, 3, 0, 8, 4.30769)",4,8,0,0
111199m,111799m,ツモ7m / 打1m,"(4, 2, 2, 8, 4.72727)","(8, 3, 0, 8, 4.92308)",4,8,0,0
111199m,111899m,ツモ8m / 打1m,"(4, 2, 2, 8, 4.72727)","(8, 3, 0, 8, 4.30769)",4,8,0,0
111224m,111245m,ツモ5m / 打2m,"(8, 3, 0, 8, 5.23077)","(8, 2, 2, 12, 6.5)",8,8,0,1
111225m,111122m,ツモ1m / 打5m,"(4, 2, 6, 12, 5.85714)","(8, 3, 0, 8, 4.33333)",4,8,0,0
111225m,111223m,ツモ3m / 打5m,"(4, 2, 6, 12, 5.85714)","(12, 5, 0, 7, 4.66667)",4,12,0,1
111225m,111245m,ツモ4m / 打2m,"(4, 2, 6, 12, 5.85714)","(8, 2, 2, 12, 6.5)",4,8,0,1
111225m,111256m,ツモ6m / 打2m,"(4, 2, 6, 12, 5.85714)","(8, 2, 2, 12, 6.625)",4,8,0,1
111226m,111122m,ツモ1m / 打6m,"(4, 2, 7, 12, 6)","(8, 3, 0, 8, 4.33333)",4,8,0,0
111226m,111223m,ツモ3m / 打6m,"(4, 2, 7, 12, 6)","(12, 5, 0, 7, 4.66667)",4,12,0,1
111226m,111224m,ツモ4m / 打6m,"(4, 2, 7, 12, 6)","(8, 3, 0, 8, 5.23077)",4,8,0,0
111226m,111256m,ツモ5m / 打2m,"(4, 2, 7, 12, 6)","(8, 2, 2, 12, 6.625)",4,8,0,1
111226m,111267m,ツモ7m / 打2m,"(4, 2, 7, 12, 6)","(8, 2, 2, 12, 6.55556)",4,8,0,1
111227m,111122m,ツモ1m / 打7m,"(4, 2, 6, 12, 5.625)","(8, 3, 0, 8, 4.33333)",4,8,0,0
111227m,111223m,ツモ3m / 打7m,"(4, 2, 6, 12, 5.625)","(12, 5, 0, 7, 4.66667)",4,12,0,1
111227m,111224m,ツモ4m / 打7m,"(4, 2, 6, 12, 5.625)","(8, 3, 0, 8, 5.23077)",4,8,0,0
111227m,111267m,ツモ6m / 打2m,"(4, 2, 6, 12, 5.625)","(8, 2, 2, 12, 6.55556)",4,8,0,1
111227m,111278m,ツモ8m / 打2m,"(4, 2, 6, 12, 5.625)","(8, 2, 2, 12, 6.33333)",4,8,0,1
111228m,111122m,ツモ1m / 打8m,"(4, 2, 5, 12, 5.46667)","(8, 3, 0, 8, 4.33333)",4,8,0,0
111228m,111223m,ツモ3m / 打8m,"(4, 2, 5, 12, 5.46667)","(12, 5, 0, 7, 4.66667)",4,12,0,1
111228m,111224m,ツモ4m / 打8m,"(4, 2, 5, 12, 5.46667)","(8, 3, 0, 8, 5.23077)",4,8,0,0
111228m,111278m,ツモ7m / 打2m,"(4, 2, 5, 12, 5.46667)","(8, 2, 2, 12, 6.33333)",4,8,0,1
111229m,111122m,ツモ1m / 打9m,"(4, 2, 4, 12, 5.28571)","(8, 3, 0, 8, 4.33333)",4,8,0,0
111229m,111223m,ツモ3m / 打9m,"(4, 2, 4, 12, 5.28571)","(12, 5, 0, 7, 4.66667)",4,12,0,1
111229m,111224m,ツモ4m / 打9m,"(4, 2, 4, 12, 5.28571)","(8, 3, 0, 8, 5.23077)",4,8,0,0
111235m,111223m,ツモ2m / 打5m,"(7, 3, 8, 12, 6.57143)","(12, 5, 0, 7, 4.66667)",7,12,1,1
111235m,111233m,ツモ3m / 打5m,"(7, 3, 8, 12, 6.57143)","(12, 5, 0, 8, 5.2)",7,12,1,1
111235m,111355m,ツモ5m / 打2m,"(7, 3, 8, 12, 6.57143)","(8, 3, 1, 12, 6.21429)",7,8,1,0
111235m,111356m,ツモ6m / 打2m,"(7, 3, 8, 12, 6.57143)","(8, 2, 2, 12, 7)",7,8,1,1
111235m,111357m,ツモ7m / 打2m,"(7, 3, 8, 12, 6.57143)","(8, 2, 0, 8, 6)",7,8,1,0
111236m,111223m,ツモ2m / 打6m,"(7, 3, 8, 12, 6.27273)","(12, 5, 0, 7, 4.66667)",7,12,1,1
111236m,111233m,ツモ3m / 打6m,"(7, 3, 8, 12, 6.27273)","(12, 5, 0, 8, 5.2)",7,12,1,1
111236m,111356m,ツモ5m / 打2m,"(7, 3, 8, 12, 6.27273)","(8, 2, 2, 12, 7)",7,8,1,1
111236m,111367m,ツモ7m / 打2m,"(7, 3, 8, 12, 6.27273)","(8, 2, 2, 12, 6.77778)",7,8,1,1
111237m,111223m,ツモ2m / 打7m,"(7, 3, 9, 12, 6.16)","(12, 5, 0, 7, 4.66667)",7,12,1,1
111237m,111233m,ツモ3m / 打7m,"(7, 3, 9, 12, 6.16)","(12, 5, 0, 8, 5.2)",7,12,1,1
111237m,111357m,ツモ5m / 打2m,"(7, 3, 9, 12, 6.16)","(8, 2, 0, 8, 6)",7,8,1,0
111237m,111367m,ツモ6m / 打2m,"(7, 3, 9, 12, 6.16)","(8, 2, 2, 12, 6.77778)",7,8,1,1
111237m,111378m,ツモ8m / 打2m,"(7, 3, 9, 12, 6.16)","(8, 2, 2, 12, 6.84211)",7,8,1,1
111238m,111223m,ツモ2m / 打8m,"(7, 3, 5, 12, 5.65217)","(12, 5, 0, 7, 4.66667)",7,12,1,1
111238m,111233m,ツモ3m / 打8m,"(7, 3, 5, 12, 5.65217)","(12, 5, 0, 8, 5.2)",7,12,1,1
111238m,111378m,ツモ7m / 打2m,"(7, 3, 5, 12, 5.65217)","(8, 2, 2, 12, 6.84211)",7,8,1,1
111239m,111223m,ツモ2m / 打9m,"(7, 3, 2, 12, 5.3)","(12, 5, 0, 7, 4.66667)",7,12,1,1
111239m,111233m,ツモ3m / 打9m,"(7, 3, 2, 12, 5.3)","(12, 5, 0, 8, 5.2)",7,12,1,1
111244m,111445m,ツモ5m / 打2m,"(8, 3, 1, 12, 5.84615)","(12, 4, 0, 12, 6.90909)",8,12,0,1
111245m,111445m,ツモ4m / 打2m,"(8, 2, 2, 12, 6.5)","(12, 4, 0, 12, 6.90909)",8,12,1,1
111245m,111455m,ツモ5m / 打2m,"(8, 2, 2, 12, 6.5)","(12, 4, 0, 12, 6.90909)",8,12,1,1
111246m,111467m,ツモ7m / 打2m,"(8, 2, 0, 8, 5.64706)","(8, 2, 2, 12, 7.05882)",8,8,0,1
111247m,111224m,ツモ2m / 打7m,"(4, 1, 9, 8, 5.8)","(8, 3, 0, 8, 5.23077)",4,8,0,0
111247m,111244m,ツモ4m / 打7m,"(4, 1, 9, 8, 5.8)","(8, 3, 1, 12, 5.84615)",4,8,0,0
111247m,111457m,ツモ5m / 打2m,"(4, 1, 9, 8, 5.8)","(8, 2, 2, 12, 7.05882)",4,8,0,1
111247m,111467m,ツモ6m / 打2m,"(4, 1, 9, 8, 5.8)","(8, 2, 2, 12, 7.05882)",4,8,0,1
111247m,111478m,ツモ8m / 打2m,"(4, 1, 9, 8, 5.8)","(8, 2, 2, 12, 7)",4,8,0,1
111248m,111224m,ツモ2m / 打8m,"(4, 1, 8, 8, 5.68421)","(8, 3, 0, 8, 5.23077)",4,8,0,0
111248m,111244m,ツモ4m / 打8m,"(4, 1, 8, 8, 5.68421)","(8, 3, 1, 12, 5.84615)",4,8,0,0
111248m,111246m,ツモ6m / 打8m,"(4, 1, 8, 8, 5.68421)","(8, 2, 0, 8, 5.64706)",4,8,0,0
111248m,111458m,ツモ5m / 打2m,"(4, 1, 8, 8, 5.68421)","(8, 2, 2, 12, 6.66667)",4,8,0,1
111248m,111468m,ツモ6m / 打2m,"(4, 1, 8, 8, 5.68421)","(8, 2, 0, 8, 5.64706)",4,8,0,0
111248m,111478m,ツモ7m / 打2m,"(4, 1, 8, 8, 5.68421)","(8, 2, 2, 12, 7)",4,8,0,1
111249m,111224m,ツモ2m / 打9m,"(4, 1, 5, 8, 5.11111)","(8, 3, 0, 8, 5.23077)",4,8,0,0
111249m,111244m,ツモ4m / 打9m,"(4, 1, 5, 8, 5.11111)","(8, 3, 1, 12, 5.84615)",4,8,0,0
111249m,111245m,ツモ5m / 打9m,"(4, 1, 5, 8, 5.11111)","(8, 2, 2, 12, 6.5)",4,8,0,1
111249m,111246m,ツモ6m / 打9m,"(4, 1, 5, 8, 5.11111)","(8, 2, 0, 8, 5.64706)",4,8,0,0
111255m,111355m,ツモ3m / 打2m,"(4, 2, 7, 12, 6.5)","(8, 3, 1, 12, 6.21429)",4,8,0,0
111255m,111455m,ツモ4m / 打2m,"(4, 2, 7, 12, 6.5)","(12, 4, 0, 12, 6.90909)",4,12,0,1
111255m,111556m,ツモ6m / 打2m,"(4, 2, 7, 12, 6.5)","(12, 4, 0, 12, 6.90909)",4,12,0,1
111255m,111557m,ツモ7m / 打2m,"(4, 2, 7, 12, 6.5)","(8, 3, 1, 12, 6.46154)",4,8,0,0
111256m,111556m,ツモ5m / 打2m,"(8, 2, 2, 12, 6.625)","(12, 4, 0, 12, 6.90909)",8,12,1,1
111256m,111566m,ツモ6m / 打2m,"(8, 2, 2, 12, 6.625)","(12, 4, 0, 12, 6.90909)",8,12,1,1
111257m,111357m,ツモ3m / 打2m,"(4, 1, 10, 8, 5.9)","(8, 2, 0, 8, 6)",4,8,0,0
111257m,111457m,ツモ4m / 打2m,"(4, 1, 10, 8, 5.9)","(8, 2, 2, 12, 7.05882)",4,8,0,1
111257m,111557m,ツモ5m / 打2m,"(4, 1, 10, 8, 5.9)","(8, 3, 1, 12, 6.46154)",4,8,0,0
111257m,111577m,ツモ7m / 打2m,"(4, 1, 10, 8, 5.9)","(8, 3, 1, 12, 6.46154)",4,8,0,0
111257m,111578m,ツモ8m / 打2m,"(4, 1, 10, 8, 5.9)","(8, 2, 2, 12, 7.25)",4,8,0,1
111257m,111579m,ツモ9m / 打2m,"(4, 1, 10, 8, 5.9)","(8, 2, 0, 8, 5.75)",4,8,0,0
111266m,111236m,ツモ3m / 打6m,"(4, 2, 8, 12, 6.6)","(7, 3, 8, 12, 6.27273)",4,7,0,1
111266m,111466m,ツモ4m / 打2m,"(4, 2, 8, 12, 6.6)","(8, 3, 1, 12, 6.46154)",4,8,0,0
111266m,111566m,ツモ5m / 打2m,"(4, 2, 8, 12, 6.6)","(12, 4, 0, 12, 6.90909)",4,12,0,1
111266m,111667m,ツモ7m / 打2m,"(4, 2, 8, 12, 6.6)","(12, 4, 0, 12, 6.90909)",4,12,0,1
111266m,111668m,ツモ8m / 打2m,"(4, 2, 8, 12, 6.6)","(8, 3, 1, 12, 5.84615)",4,8,0,0
111267m,111667m,ツモ6m / 打2m,"(8, 2, 2, 12, 6.55556)","(12, 4, 0, 12, 6.90909)",8,12,1,1
111267m,111677m,ツモ7m / 打2m,"(8, 2, 2, 12, 6.55556)","(12, 4, 0, 12, 6.90909)",8,12,1,1
111268m,111236m,ツモ3m / 打8m,"(4, 1, 8, 8, 5.5)","(7, 3, 8, 12, 6.27273)",4,7,0,1
111268m,111246m,ツモ4m / 打8m,"(4, 1, 8, 8, 5.5)","(8, 2, 0, 8, 5.64706)",4,8,0,0
111268m,111256m,ツモ5m / 打8m,"(4, 1, 8, 8, 5.5)","(8, 2, 2, 12, 6.625)",4,8,0,1
111268m,111468m,ツモ4m / 打2m,"(4, 1, 8, 8, 5.5)","(8, 2, 0, 8, 5.64706)",4,8,0,0
111268m,111668m,ツモ6m / 打2m,"(4, 1, 8, 8, 5.5)","(8, 3, 1, 12, 5.84615)",4,8,0,0
111268m,111688m,ツモ8m / 打2m,"(4, 1, 8, 8, 5.5)","(8, 3, 0, 8, 5.23077)",4,8,0,0
111277m,111237m,ツモ3m / 打7m,"(4, 2, 7, 12, 6.1875)","(7, 3, 9, 12, 6.16)",4,7,0,1
111277m,111577m,ツモ5m / 打2m,"(4, 2, 7, 12, 6.1875)","(8, 3, 1, 12, 6.46154)",4,8,0,0
111277m,111677m,ツモ6m / 打2m,"(4, 2, 7, 12, 6.1875)","(12, 4, 0, 12, 6.90909)",4,12,0,1
111277m,111778m,ツモ8m / 打2m,"(4, 2, 7, 12, 6.1875)","(12, 4, 0, 12, 6.90909)",4,12,0,1
111277m,111779m,ツモ9m / 打2m,"(4, 2, 7, 12, 6.1875)","(8, 3, 1, 12, 5.84615)",4,8,0,0
111278m,111778m,ツモ7m / 打2m,"(8, 2, 2, 12, 6.33333)","(12, 4, 0, 12, 6.90909)",8,12,1,1
111278m,111788m,ツモ8m / 打2m,"(8, 2, 2, 12, 6.33333)","(12, 4, 0, 12, 6.54545)",8,12,1,1
111279m,111237m,ツモ3m / 打9m,"(4, 1, 7, 8, 5.3)","(7, 3, 9, 12, 6.16)",4,7,0,1
111279m,111579m,ツモ5m / 打2m,"(4, 1, 7, 8, 5.3)","(8, 2, 0, 8, 5.75)",4,8,0,0
111279m,111679m,ツモ6m / 打2m,"(4, 1, 7, 8, 5.3)","(8, 2, 2, 12, 6.66667)",4,8,0,1
111279m,111779m,ツモ7m / 打2m,"(4, 1, 7, 8, 5.3)","(8, 3, 1, 12, 5.84615)",4,8,0,0
111279m,111799m,ツモ9m / 打2m,"(4, 1, 7, 8, 5.3)","(8, 3, 0, 8, 4.92308)",4,8,0,0
111288m,111238m,ツモ3m / 打8m,"(4, 2, 5, 12, 5.53333)","(7, 3, 5, 12, 5.65217)",4,7,0,1
111288m,111688m,ツモ6m / 打2m,"(4, 2, 5, 12, 5.53333)","(8, 3, 0, 8, 5.23077)",4,8,0,0
111288m,111788m,ツモ7m / 打2m,"(4, 2, 5, 12, 5.53333)","(12, 4, 0, 12, 6.54545)",4,12,0,1
111288m,111889m,ツモ9m / 打2m,"(4, 2, 5, 12, 5.53333)","(8, 3, 0, 8, 4.61538)",4,8,0,0
111289m,111238m,ツモ3m / 打9m,"(4, 1, 4, 8, 4.73684)","(7, 3, 5, 12, 5.65217)",4,7,0,1
111289m,111889m,ツモ8m / 打2m,"(4, 1, 4, 8, 4.73684)","(8, 3, 0, 8, 4.61538)",4,8,0,0
111289m,111899m,ツモ9m / 打2m,"(4, 1, 4, 8, 4.73684)","(8, 3, 0, 8, 4.30769)",4,8,0,0
111299m,111239m,ツモ3m / 打9m,"(4, 2, 3, 8, 4.78571)","(7, 3, 2, 12, 5.3)",4,7,0,1
111299m,111799m,ツモ7m / 打2m,"(4, 2, 3, 8, 4.78571)","(8, 3, 0, 8, 4.92308)",4,8,0,0
111299m,111899m,ツモ8m / 打2m,"(4, 2, 3, 8, 4.78571)","(8, 3, 0, 8, 4.30769)",4,8,0,0
111335m,111233m,ツモ2m / 打5m,"(8, 3, 1, 12, 6.42857)","(12, 5, 0, 8, 5.2)",8,12,0,1
111335m,111356m,ツモ6m / 打3m,"(8, 3, 1, 12, 6.42857)","(8, 2, 2, 12, 7)",8,8,0,1
111336m,111133m,ツモ1m / 打6m,"(4, 2, 8, 12, 6.53333)","(8, 3, 1, 12, 5.66667)",4,8,0,0
111336m,111233m,ツモ2m / 打6m,"(4, 2, 8, 12, 6.53333)","(12, 5, 0, 8, 5.2)",4,12,0,1
111336m,111334m,ツモ4m / 打6m,"(4, 2, 8, 12, 6.53333)","(12, 4, 0, 12, 6.90909)",4,12,0,1
111336m,111356m,ツモ5m / 打3m,"(4, 2, 8, 12, 6.53333)","(8, 2, 2, 12, 7)",4,8,0,1
111336m,111367m,ツモ7m / 打3m,"(4, 2, 8, 12, 6.53333)","(8, 2, 2, 12, 6.77778)",4,8,0,1
111337m,111133m,ツモ1m / 打7m,"(4, 2, 9, 12, 6.625)","(8, 3, 1, 12, 5.66667)",4,8,0,0
111337m,111233m,ツモ2m / 打7m,"(4, 2, 9, 12, 6.625)","(12, 5, 0, 8, 5.2)",4,12,0,1
111337m,111334m,ツモ4m / 打7m,"(4, 2, 9, 12, 6.625)","(12, 4, 0, 12, 6.90909)",4,12,0,1
111337m,111335m,ツモ5m / 打7m,"(4, 2, 9, 12, 6.625)","(8, 3, 1, 12, 6.42857)",4,8,0,0
111337m,111367m,ツモ6m / 打3m,"(4, 2, 9, 12, 6.625)","(8, 2, 2, 12, 6.77778)",4,8,0,1
111337m,111378m,ツモ8m / 打3m,"(4, 2, 9, 12, 6.625)","(8, 2, 2, 12, 6.84211)",4,8,0,1
111338m,111133m,ツモ1m / 打8m,"(4, 2, 7, 12, 6.125)","(8, 3, 1, 12, 5.66667)",4,8,0,0
111338m,111233m,ツモ2m / 打8m,"(4, 2, 7, 12, 6.125)","(12, 5, 0, 8, 5.2)",4,12,0,1
111338m,111334m,ツモ4m / 打8m,"(4, 2, 7, 12, 6.125)","(12, 4, 0, 12, 6.90909)",4,12,0,1
111338m,111335m,ツモ5m / 打8m,"(4, 2, 7, 12, 6.125)","(8, 3, 1, 12, 6.42857)",4,8,0,0
111338m,111378m,ツモ7m / 打3m,"(4, 2, 7, 12, 6.125)","(8, 2, 2, 12, 6.84211)",4,8,0,1
111339m,111133m,ツモ1m / 打9m,"(4, 2, 6, 12, 6)","(8, 3, 1, 12, 5.66667)",4,8,0,0
111339m,111233m,ツモ2m / 打9m,"(4, 2, 6, 12, 6)","(12, 5, 0, 8, 5.2)",4,12,0,1
111339m,111334m,ツモ4m / 打9m,"(4, 2, 6, 12, 6)","(12, 4, 0, 12, 6.90909)",4,12,0,1
111339m,111335m,ツモ5m / 打9m,"(4, 2, 6, 12, 6)","(8, 3, 1, 12, 6.42857)",4,8,0,0
111346m,111334m,ツモ3m / 打6m,"(8, 2, 2, 12, 7.05882)","(12, 4, 0, 12, 6.90909)",8,12,1,1
111346m,111344m,ツモ4m / 打6m,"(8, 2, 2, 12, 7.05882)","(12, 4, 0, 12, 6.90909)",8,12,1,1
111347m,111334m,ツモ3m / 打7m,"(8, 2, 2, 12, 6.82353)","(12, 4, 0, 12, 6.90909)",8,12,1,1
111347m,111344m,ツモ4m / 打7m,"(8, 2, 2, 12, 6.82353)","(12, 4, 0, 12, 6.90909)",8,12,1,1
111348m,111334m,ツモ3m / 打8m,"(8, 2, 2, 12, 6.58824)","(12, 4, 0, 12, 6.90909)",8,12,1,1
111348m,111344m,ツモ4m / 打8m,"(8, 2, 2, 12, 6.58824)","(12, 4, 0, 12, 6.90909)",8,12,1,1
111349m,111334m,ツモ3m / 打9m,"(8, 2, 2, 12, 6)","(12, 4, 0, 12, 6.90909)",8,12,1,1
111349m,111344m,ツモ4m / 打9m,"(8, 2, 2, 12, 6)","(12, 4, 0, 12, 6.90909)",8,12,1,1
111355m,111556m,ツモ6m / 打3m,"(8, 3, 1, 12, 6.21429)","(12, 4, 0, 12, 6.90909)",8,12,0,1
111356m,111556m,ツモ5m / 打3m,"(8, 2, 2, 12, 7)","(12, 4, 0, 12, 6.90909)",8,12,1,1
111356m,111566m,ツモ6m / 打3m,"(8, 2, 2, 12, 7)","(12, 4, 0, 12, 6.90909)",8,12,1,1
111357m,111578m,ツモ8m / 打3m,"(8, 2, 0, 8, 6)","(8, 2, 2, 12, 7.25)",8,8,0,1
111358m,111135m,ツモ1m / 打8m,"(4, 1, 10, 8, 6)","(8, 2, 0, 8, 5.71429)",4,8,0,0
111358m,111235m,ツモ2m / 打8m,"(4, 1, 10, 8, 6)","(7, 3, 8, 12, 6.57143)",4,7,0,1
111358m,111335m,ツモ3m / 打8m,"(4, 1, 10, 8, 6)","(8, 3, 1, 12, 6.42857)",4,8,0,0
111358m,111355m,ツモ5m / 打8m,"(4, 1, 10, 8, 6)","(8, 3, 1, 12, 6.21429)",4,8,0,0
111358m,111356m,ツモ6m / 打8m,"(4, 1, 10, 8, 6)","(8, 2, 2, 12, 7)",4,8,0,1
111358m,111578m,ツモ7m / 打3m,"(4, 1, 10, 8, 6)","(8, 2, 2, 12, 7.25)",4,8,0,1
111359m,111135m,ツモ1m / 打9m,"(4, 1, 9, 8, 5.88889)","(8, 2, 0, 8, 5.71429)",4,8,0,0
111359m,111235m,ツモ2m / 打9m,"(4, 1, 9, 8, 5.88889)","(7, 3, 8, 12, 6.57143)",4,7,0,1
111359m,111335m,ツモ3m / 打9m,"(4, 1, 9, 8, 5.88889)","(8, 3, 1, 12, 6.42857)",4,8,0,0
111359m,111355m,ツモ5m / 打9m,"(4, 1, 9, 8, 5.88889)","(8, 3, 1, 12, 6.21429)",4,8,0,0
111359m,111356m,ツモ6m / 打9m,"(4, 1, 9, 8, 5.88889)","(8, 2, 2, 12, 7)",4,8,0,1
111359m,111357m,ツモ7m / 打9m,"(4, 1, 9, 8, 5.88889)","(8, 2, 0, 8, 6)",4,8,0,0
111366m,111236m,ツモ2m / 打6m,"(4, 2, 8, 12, 6.6)","(7, 3, 8, 12, 6.27273)",4,7,0,1
111366m,111346m,ツモ4m / 打6m,"(4, 2, 8, 12, 6.6)","(8, 2, 2, 12, 7.05882)",4,8,0,1
111366m,111566m,ツモ5m / 打3m,"(4, 2, 8, 12, 6.6)","(12, 4, 0, 12, 6.90909)",4,12,0,1
111366m,111667m,ツモ7m / 打3m,"(4, 2, 8, 12, 6.6)","(12, 4, 0, 12, 6.90909)",4,12,0,1
111366m,111668m,ツモ8m / 打3m,"(4, 2, 8, 12, 6.6)","(8, 3, 1, 12, 5.84615)",4,8,0,0
111367m,111667m,ツモ6m / 打3m,"(8, 2, 2, 12, 6.77778)","(12, 4, 0, 12, 6.90909)",8,12,1,1
111367m,111677m,ツモ7m / 打3m,"(8, 2, 2, 12, 6.77778)","(12, 4, 0, 12, 6.90909)",8,12,1,1
111368m,111236m,ツモ2m / 打8m,"(4, 1, 9, 8, 5.61905)","(7, 3, 8, 12, 6.27273)",4,7,0,1
111368m,111346m,ツモ4m / 打8m,"(4, 1, 9, 8, 5.61905)","(8, 2, 2, 12, 7.05882)",4,8,0,1
111368m,111356m,ツモ5m / 打8m,"(4, 1, 9, 8, 5.61905)","(8, 2, 2, 12, 7)",4,8,0,1
111368m,111668m,ツモ6m / 打3m,"(4, 1, 9, 8, 5.61905)","(8, 3, 1, 12, 5.84615)",4,8,0,0
111368m,111688m,ツモ8m / 打3m,"(4, 1, 9, 8, 5.61905)","(8, 3, 0, 8, 5.23077)",4,8,0,0
111377m,111237m,ツモ2m / 打7m,"(4, 2, 9, 12, 6.6875)","(7, 3, 9, 12, 6.16)",4,7,0,1
111377m,111347m,ツモ4m / 打7m,"(4, 2, 9, 12, 6.6875)","(8, 2, 2, 12, 6.82353)",4,8,0,1
111377m,111577m,ツモ5m / 打3m,"(4, 2, 9, 12, 6.6875)","(8, 3, 1, 12, 6.46154)",4,8,0,0
111377m,111677m,ツモ6m / 打3m,"(4, 2, 9, 12, 6.6875)","(12, 4, 0, 12, 6.90909)",4,12,0,1
111377m,111778m,ツモ8m / 打3m,"(4, 2, 9, 12, 6.6875)","(12, 4, 0, 12, 6.90909)",4,12,0,1
111377m,111779m,ツモ9m / 打3m,"(4, 2, 9, 12, 6.6875)","(8, 3, 1, 12, 5.84615)",4,8,0,0
111378m,111778m,ツモ7m / 打3m,"(8, 2, 2, 12, 6.84211)","(12, 4, 0, 12, 6.90909)",8,12,1,1
111378m,111788m,ツモ8m / 打3m,"(8, 2, 2, 12, 6.84211)","(12, 4, 0, 12, 6.54545)",8,12,1,1
111379m,111237m,ツモ2m / 打9m,"(4, 1, 10, 8, 5.80952)","(7, 3, 9, 12, 6.16)",4,7,0,1
111379m,111347m,ツモ4m / 打9m,"(4, 1, 10, 8, 5.80952)","(8, 2, 2, 12, 6.82353)",4,8,0,1
111379m,111357m,ツモ5m / 打9m,"(4, 1, 10, 8, 5.80952)","(8, 2, 0, 8, 6)",4,8,0,0
111379m,111367m,ツモ6m / 打9m,"(4, 1, 10, 8, 5.80952)","(8, 2, 2, 12, 6.77778)",4,8,0,1
111379m,111779m,ツモ7m / 打3m,"(4, 1, 10, 8, 5.80952)","(8, 3, 1, 12, 5.84615)",4,8,0,0
111379m,111799m,ツモ9m / 打3m,"(4, 1, 10, 8, 5.80952)","(8, 3, 0, 8, 4.92308)",4,8,0,0
111388m,111238m,ツモ2m / 打8m,"(4, 2, 6, 12, 5.6875)","(7, 3, 5, 12, 5.65217)",4,7,0,1
111388m,111348m,ツモ4m / 打8m,"(4, 2, 6, 12, 5.6875)","(8, 2, 2, 12, 6.58824)",4,8,0,1
111388m,111688m,ツモ6m / 打3m,"(4, 2, 6, 12, 5.6875)","(8, 3, 0, 8, 5.23077)",4,8,0,0
111388m,111788m,ツモ7m / 打3m,"(4, 2, 6, 12, 5.6875)","(12, 4, 0, 12, 6.54545)",4,12,0,1
111388m,111889m,ツモ9m / 打3m,"(4, 2, 6, 12, 5.6875)","(8, 3, 0, 8, 4.61538)",4,8,0,0
111389m,111238m,ツモ2m / 打9m,"(4, 1, 6, 8, 5.04762)","(7, 3, 5, 12, 5.65217)",4,7,0,1
111389m,111348m,ツモ4m / 打9m,"(4, 1, 6, 8, 5.04762)","(8, 2, 2, 12, 6.58824)",4,8,0,1
111389m,111889m,ツモ8m / 打3m,"(4, 1, 6, 8, 5.04762)","(8, 3, 0, 8, 4.61538)",4,8,0,0
111389m,111899m,ツモ9m / 打3m,"(4, 1, 6, 8, 5.04762)","(8, 3, 0, 8, 4.30769)",4,8,0,0
111399m,111239m,ツモ2m / 打9m,"(4, 2, 4, 8, 5)","(7, 3, 2, 12, 5.3)",4,7,0,1
111399m,111349m,ツモ4m / 打9m,"(4, 2, 4, 8, 5)","(8, 2, 2, 12, 6)",4,8,0,1
111399m,111799m,ツモ7m / 打3m,"(4, 2, 4, 8, 5)","(8, 3, 0, 8, 4.92308)",4,8,0,0
111399m,111899m,ツモ8m / 打3m,"(4, 2, 4, 8, 5)","(8, 3, 0, 8, 4.30769)",4,8,0,0
111446m,111344m,ツモ3m / 打6m,"(8, 3, 1, 12, 6.46154)","(12, 4, 0, 12, 6.90909)",8,12,0,1
111446m,111467m,ツモ7m / 打4m,"(8, 3, 1, 12, 6.46154)","(8, 2, 2, 12, 7.05882)",8,8,0,1
111447m,111244m,ツモ2m / 打7m,"(4, 2, 8, 12, 6.85714)","(8, 3, 1, 12, 5.84615)",4,8,0,0
111447m,111344m,ツモ3m / 打7m,"(4, 2, 8, 12, 6.85714)","(12, 4, 0, 12, 6.90909)",4,12,0,1
111447m,111445m,ツモ5m / 打7m,"(4, 2, 8, 12, 6.85714)","(12, 4, 0, 12, 6.90909)",4,12,0,1
111447m,111467m,ツモ6m / 打4m,"(4, 2, 8, 12, 6.85714)","(8, 2, 2, 12, 7.05882)",4,8,0,1
111447m,111478m,ツモ8m / 打4m,"(4, 2, 8, 12, 6.85714)","(8, 2, 2, 12, 7)",4,8,0,1
111448m,111244m,ツモ2m / 打8m,"(4, 2, 8, 12, 6.85714)","(8, 3, 1, 12, 5.84615)",4,8,0,0
111448m,111344m,ツモ3m / 打8m,"(4, 2, 8, 12, 6.85714)","(12, 4, 0, 12, 6.90909)",4,12,0,1
111448m,111445m,ツモ5m / 打8m,"(4, 2, 8, 12, 6.85714)","(12, 4, 0, 12, 6.90909)",4,12,0,1
111448m,111446m,ツモ6m / 打8m,"(4, 2, 8, 12, 6.85714)","(8, 3, 1, 12, 6.46154)",4,8,0,0
111448m,111478m,ツモ7m / 打4m,"(4, 2, 8, 12, 6.85714)","(8, 2, 2, 12, 7)",4,8,0,1
111449m,111244m,ツモ2m / 打9m,"(4, 2, 6, 12, 6.28571)","(8, 3, 1, 12, 5.84615)",4,8,0,0
111449m,111344m,ツモ3m / 打9m,"(4, 2, 6, 12, 6.28571)","(12, 4, 0, 12, 6.90909)",4,12,0,1
111449m,111445m,ツモ5m / 打9m,"(4, 2, 6, 12, 6.28571)","(12, 4, 0, 12, 6.90909)",4,12,0,1
111449m,111446m,ツモ6m / 打9m,"(4, 2, 6, 12, 6.28571)","(8, 3, 1, 12, 6.46154)",4,8,0,0
111457m,111445m,ツモ4m / 打7m,"(8, 2, 2, 12, 7.05882)","(12, 4, 0, 12, 6.90909)",8,12,1,1
111457m,111455m,ツモ5m / 打7m,"(8, 2, 2, 12, 7.05882)","(12, 4, 0, 12, 6.90909)",8,12,1,1
111458m,111445m,ツモ4m / 打8m,"(8, 2, 2, 12, 6.66667)","(12, 4, 0, 12, 6.90909)",8,12,1,1
111458m,111455m,ツモ5m / 打8m,"(8, 2, 2, 12, 6.66667)","(12, 4, 0, 12, 6.90909)",8,12,1,1
111459m,111445m,ツモ4m / 打9m,"(8, 2, 2, 12, 6.4)","(12, 4, 0, 12, 6.90909)",8,12,1,1
111459m,111455m,ツモ5m / 打9m,"(8, 2, 2, 12, 6.4)","(12, 4, 0, 12, 6.90909)",8,12,1,1
111466m,111346m,ツモ3m / 打6m,"(8, 3, 1, 12, 6.46154)","(8, 2, 2, 12, 7.05882)",8,8,0,1
111466m,111667m,ツモ7m / 打4m,"(8, 3, 1, 12, 6.46154)","(12, 4, 0, 12, 6.90909)",8,12,0,1
111467m,111667m,ツモ6m / 打4m,"(8, 2, 2, 12, 7.05882)","(12, 4, 0, 12, 6.90909)",8,12,1,1
111467m,111677m,ツモ7m / 打4m,"(8, 2, 2, 12, 7.05882)","(12, 4, 0, 12, 6.90909)",8,12,1,1
111468m,111346m,ツモ3m / 打8m,"(8, 2, 0, 8, 5.64706)","(8, 2, 2, 12, 7.05882)",8,8,0,1
111469m,111246m,ツモ2m / 打9m,"(4, 1, 8, 8, 5.88235)","(8, 2, 0, 8, 5.64706)",4,8,0,0
111469m,111346m,ツモ3m / 打9m,"(4, 1, 8, 8, 5.88235)","(8, 2, 2, 12, 7.05882)",4,8,0,1
111469m,111446m,ツモ4m / 打9m,"(4, 1, 8, 8, 5.88235)","(8, 3, 1, 12, 6.46154)",4,8,0,0
111469m,111466m,ツモ6m / 打9m,"(4, 1, 8, 8, 5.88235)","(8, 3, 1, 12, 6.46154)",4,8,0,0
111469m,111467m,ツモ7m / 打9m,"(4, 1, 8, 8, 5.88235)","(8, 2, 2, 12, 7.05882)",4,8,0,1
111469m,111468m,ツモ8m / 打9m,"(4, 1, 8, 8, 5.88235)","(8, 2, 0, 8, 5.64706)",4,8,0,0
111477m,111347m,ツモ3m / 打7m,"(4, 2, 8, 12, 6.85714)","(8, 2, 2, 12, 6.82353)",4,8,0,1
111477m,111457m,ツモ5m / 打7m,"(4, 2, 8, 12, 6.85714)","(8, 2, 2, 12, 7.05882)",4,8,0,1
111477m,111677m,ツモ6m / 打4m,"(4, 2, 8, 12, 6.85714)","(12, 4, 0, 12, 6.90909)",4,12,0,1
111477m,111778m,ツモ8m / 打4m,"(4, 2, 8, 12, 6.85714)","(12, 4, 0, 12, 6.90909)",4,12,0,1
111477m,111779m,ツモ9m / 打4m,"(4, 2, 8, 12, 6.85714)","(8, 3, 1, 12, 5.84615)",4,8,0,0
111478m,111778m,ツモ7m / 打4m,"(8, 2, 2, 12, 7)","(12, 4, 0, 12, 6.90909)",8,12,1,1
111478m,111788m,ツモ8m / 打4m,"(8, 2, 2, 12, 7)","(12, 4, 0, 12, 6.54545)",8,12,1,1
111479m,111347m,ツモ3m / 打9m,"(4, 1, 9, 8, 5.89474)","(8, 2, 2, 12, 6.82353)",4,8,0,1
111479m,111457m,ツモ5m / 打9m,"(4, 1, 9, 8, 5.89474)","(8, 2, 2, 12, 7.05882)",4,8,0,1
111479m,111467m,ツモ6m / 打9m,"(4, 1, 9, 8, 5.89474)","(8, 2, 2, 12, 7.05882)",4,8,0,1
111479m,111779m,ツモ7m / 打4m,"(4, 1, 9, 8, 5.89474)","(8, 3, 1, 12, 5.84615)",4,8,0,0
111479m,111799m,ツモ9m / 打4m,"(4, 1, 9, 8, 5.89474)","(8, 3, 0, 8, 4.92308)",4,8,0,0
111488m,111348m,ツモ3m / 打8m,"(4, 2, 7, 12, 6.28571)","(8, 2, 2, 12, 6.58824)",4,8,0,1
111488m,111458m,ツモ5m / 打8m,"(4, 2, 7, 12, 6.28571)","(8, 2, 2, 12, 6.66667)",4,8,0,1
111488m,111688m,ツモ6m / 打4m,"(4, 2, 7, 12, 6.28571)","(8, 3, 0, 8, 5.23077)",4,8,0,0
111488m,111788m,ツモ7m / 打4m,"(4, 2, 7, 12, 6.28571)","(12, 4, 0, 12, 6.54545)",4,12,0,1
111488m,111889m,ツモ9m / 打4m,"(4, 2, 7, 12, 6.28571)","(8, 3, 0, 8, 4.61538)",4,8,0,0
111489m,111348m,ツモ3m / 打9m,"(4, 1, 7, 8, 5.47368)","(8, 2, 2, 12, 6.58824)",4,8,0,1
111489m,111458m,ツモ5m / 打9m,"(4, 1, 7, 8, 5.47368)","(8, 2, 2, 12, 6.66667)",4,8,0,1
111489m,111468m,ツモ6m / 打9m,"(4, 1, 7, 8, 5.47368)","(8, 2, 0, 8, 5.64706)",4,8,0,0
111489m,111889m,ツモ8m / 打4m,"(4, 1, 7, 8, 5.47368)","(8, 3, 0, 8, 4.61538)",4,8,0,0
111489m,111899m,ツモ9m / 打4m,"(4, 1, 7, 8, 5.47368)","(8, 3, 0, 8, 4.30769)",4,8,0,0
111499m,111349m,ツモ3m / 打9m,"(4, 2, 4, 8, 5.14286)","(8, 2, 2, 12, 6)",4,8,0,1
111499m,111459m,ツモ5m / 打9m,"(4, 2, 4, 8, 5.14286)","(8, 2, 2, 12, 6.4)",4,8,0,1
111499m,111799m,ツモ7m / 打4m,"(4, 2, 4, 8, 5.14286)","(8, 3, 0, 8, 4.92308)",4,8,0,0
111499m,111899m,ツモ8m / 打4m,"(4, 2, 4, 8, 5.14286)","(8, 3, 0, 8, 4.30769)",4,8,0,0
111557m,111455m,ツモ4m / 打7m,"(8, 3, 1, 12, 6.46154)","(12, 4, 0, 12, 6.90909)",8,12,0,1
111557m,111578m,ツモ8m / 打5m,"(8, 3, 1, 12, 6.46154)","(8, 2, 2, 12, 7.25)",8,8,0,1
111558m,111355m,ツモ3m / 打8m,"(4, 2, 7, 12, 6.76923)","(8, 3, 1, 12, 6.21429)",4,8,0,0
111558m,111455m,ツモ4m / 打8m,"(4, 2, 7, 12, 6.76923)","(12, 4, 0, 12, 6.90909)",4,12,0,1
111558m,111556m,ツモ6m / 打8m,"(4, 2, 7, 12, 6.76923)","(12, 4, 0, 12, 6.90909)",4,12,0,1
111558m,111578m,ツモ7m / 打5m,"(4, 2, 7, 12, 6.76923)","(8, 2, 2, 12, 7.25)",4,8,0,1
111559m,111355m,ツモ3m / 打9m,"(4, 2, 7, 12, 6.76923)","(8, 3, 1, 12, 6.21429)",4,8,0,0
111559m,111455m,ツモ4m / 打9m,"(4, 2, 7, 12, 6.76923)","(12, 4, 0, 12, 6.90909)",4,12,0,1
111559m,111556m,ツモ6m / 打9m,"(4, 2, 7, 12, 6.76923)","(12, 4, 0, 12, 6.90909)",4,12,0,1
111559m,111557m,ツモ7m / 打9m,"(4, 2, 7, 12, 6.76923)","(8, 3, 1, 12, 6.46154)",4,8,0,0
111568m,111556m,ツモ5m / 打8m,"(8, 2, 2, 12, 6.5)","(12, 4, 0, 12, 6.90909)",8,12,1,1
111568m,111566m,ツモ6m / 打8m,"(8, 2, 2, 12, 6.5)","(12, 4, 0, 12, 6.90909)",8,12,1,1
111569m,111556m,ツモ5m / 打9m,"(8, 2, 2, 12, 6.46154)","(12, 4, 0, 12, 6.90909)",8,12,1,1
111569m,111566m,ツモ6m / 打9m,"(8, 2, 2, 12, 6.46154)","(12, 4, 0, 12, 6.90909)",8,12,1,1
111577m,111457m,ツモ4m / 打7m,"(8, 3, 1, 12, 6.46154)","(8, 2, 2, 12, 7.05882)",8,8,0,1
111577m,111778m,ツモ8m / 打5m,"(8, 3, 1, 12, 6.46154)","(12, 4, 0, 12, 6.90909)",8,12,0,1
111578m,111778m,ツモ7m / 打5m,"(8, 2, 2, 12, 7.25)","(12, 4, 0, 12, 6.90909)",8,12,1,1
111578m,111788m,ツモ8m / 打5m,"(8, 2, 2, 12, 7.25)","(12, 4, 0, 12, 6.54545)",8,12,1,1
111579m,111457m,ツモ4m / 打9m,"(8, 2, 0, 8, 5.75)","(8, 2, 2, 12, 7.05882)",8,8,0,1
111588m,111458m,ツモ4m / 打8m,"(4, 2, 6, 12, 6.15385)","(8, 2, 2, 12, 6.66667)",4,8,0,1
111588m,111568m,ツモ6m / 打8m,"(4, 2, 6, 12, 6.15385)","(8, 2, 2, 12, 6.5)",4,8,0,1
111588m,111788m,ツモ7m / 打5m,"(4, 2, 6, 12, 6.15385)","(12, 4, 0, 12, 6.54545)",4,12,0,1
111588m,111889m,ツモ9m / 打5m,"(4, 2, 6, 12, 6.15385)","(8, 3, 0, 8, 4.61538)",4,8,0,0
111589m,111458m,ツモ4m / 打9m,"(4, 1, 6, 8, 5.41176)","(8, 2, 2, 12, 6.66667)",4,8,0,1
111589m,111568m,ツモ6m / 打9m,"(4, 1, 6, 8, 5.41176)","(8, 2, 2, 12, 6.5)",4,8,0,1
111589m,111889m,ツモ8m / 打5m,"(4, 1, 6, 8, 5.41176)","(8, 3, 0, 8, 4.61538)",4,8,0,0
111589m,111899m,ツモ9m / 打5m,"(4, 1, 6, 8, 5.41176)","(8, 3, 0, 8, 4.30769)",4,8,0,0
111599m,111459m,ツモ4m / 打9m,"(4, 2, 5, 8, 5.53846)","(8, 2, 2, 12, 6.4)",4,8,0,1
111599m,111569m,ツモ6m / 打9m,"(4, 2, 5, 8, 5.53846)","(8, 2, 2, 12, 6.46154)",4,8,0,1
111599m,111799m,ツモ7m / 打5m,"(4, 2, 5, 8, 5.53846)","(8, 3, 0, 8, 4.92308)",4,8,0,0
111599m,111899m,ツモ8m / 打5m,"(4, 2, 5, 8, 5.53846)","(8, 3, 0, 8, 4.30769)",4,8,0,0
111668m,111566m,ツモ5m / 打8m,"(8, 3, 1, 12, 5.84615)","(12, 4, 0, 12, 6.90909)",8,12,0,1
111669m,111466m,ツモ4m / 打9m,"(4, 2, 6, 12, 6.66667)","(8, 3, 1, 12, 6.46154)",4,8,0,0
111669m,111566m,ツモ5m / 打9m,"(4, 2, 6, 12, 6.66667)","(12, 4, 0, 12, 6.90909)",4,12,0,1
111669m,111667m,ツモ7m / 打9m,"(4, 2, 6, 12, 6.66667)","(12, 4, 0, 12, 6.90909)",4,12,0,1
111669m,111668m,ツモ8m / 打9m,"(4, 2, 6, 12, 6.66667)","(8, 3, 1, 12, 5.84615)",4,8,0,0
111679m,111667m,ツモ6m / 打9m,"(8, 2, 2, 12, 6.66667)","(12, 4, 0, 12, 6.90909)",8,12,1,1
111679m,111677m,ツモ7m / 打9m,"(8, 2, 2, 12, 6.66667)","(12, 4, 0, 12, 6.90909)",8,12,1,1
111688m,111568m,ツモ5m / 打8m,"(8, 3, 0, 8, 5.23077)","(8, 2, 2, 12, 6.5)",8,8,0,1
111689m,111468m,ツモ4m / 打9m,"(4, 1, 7, 8, 5.55556)","(8, 2, 0, 8, 5.64706)",4,8,0,0
111689m,111568m,ツモ5m / 打9m,"(4, 1, 7, 8, 5.55556)","(8, 2, 2, 12, 6.5)",4,8,0,1
111689m,111668m,ツモ6m / 打9m,"(4, 1, 7, 8, 5.55556)","(8, 3, 1, 12, 5.84615)",4,8,0,0
111689m,111688m,ツモ8m / 打9m,"(4, 1, 7, 8, 5.55556)","(8, 3, 0, 8, 5.23077)",4,8,0,0
111689m,111899m,ツモ9m / 打6m,"(4, 1, 7, 8, 5.55556)","(8, 3, 0, 8, 4.30769)",4,8,0,0
111699m,111569m,ツモ5m / 打9m,"(4, 2, 4, 8, 5.33333)","(8, 2, 2, 12, 6.46154)",4,8,0,1
111699m,111679m,ツモ7m / 打9m,"(4, 2, 4, 8, 5.33333)","(8, 2, 2, 12, 6.66667)",4,8,0,1
111699m,111899m,ツモ8m / 打6m,"(4, 2, 4, 8, 5.33333)","(8, 3, 0, 8, 4.30769)",4,8,0,0
111779m,111677m,ツモ6m / 打9m,"(8, 3, 1, 12, 5.84615)","(12, 4, 0, 12, 6.90909)",8,12,0,1
111799m,111679m,ツモ6m / 打9m,"(8, 3, 0, 8, 4.92308)","(8, 2, 2, 12, 6.66667)",8,8,0,1
112223m,122234m,ツモ4m / 打1m,"(8, 4, 1, 10, 4.16667)","(10, 4, 1, 12, 5.36842)",8,10,0,1
112224m,112222m,ツモ2m / 打4m,"(4, 2, 5, 10, 5.61538)","(8, 3, 0, 4, 4)",4,8,0,0
112224m,122234m,ツモ3m / 打1m,"(4, 2, 5, 10, 5.61538)","(10, 4, 1, 12, 5.36842)",4,10,0,1
112224m,122245m,ツモ5m / 打1m,"(4, 2, 5, 10, 5.61538)","(8, 2, 2, 12, 6.46154)",4,8,0,1
112225m,112222m,ツモ2m / 打5m,"(4, 2, 5, 8, 5.28571)","(8, 3, 0, 4, 4)",4,8,0,0
112225m,112223m,ツモ3m / 打5m,"(4, 2, 5, 8, 5.28571)","(8, 4, 1, 10, 4.16667)",4,8,0,0
112225m,122245m,ツモ4m / 打1m,"(4, 2, 5, 8, 5.28571)","(8, 2, 2, 12, 6.46154)",4,8,0,1
112225m,122256m,ツモ6m / 打1m,"(4, 2, 5, 8, 5.28571)","(8, 2, 2, 12, 6.375)",4,8,0,1
112226m,112222m,ツモ2m / 打6m,"(4, 2, 4, 8, 4.93333)","(8, 3, 0, 4, 4)",4,8,0,0
112226m,112223m,ツモ3m / 打6m,"(4, 2, 4, 8, 4.93333)","(8, 4, 1, 10, 4.16667)",4,8,0,0
112226m,122256m,ツモ5m / 打1m,"(4, 2, 4, 8, 4.93333)","(8, 2, 2, 12, 6.375)",4,8,0,1
112226m,122267m,ツモ7m / 打1m,"(4, 2, 4, 8, 4.93333)","(8, 2, 2, 12, 6)",4,8,0,1
112227m,112222m,ツモ2m / 打7m,"(4, 2, 4, 8, 4.93333)","(8, 3, 0, 4, 4)",4,8,0,0
112227m,112223m,ツモ3m / 打7m,"(4, 2, 4, 8, 4.93333)","(8, 4, 1, 10, 4.16667)",4,8,0,0
112227m,122267m,ツモ6m / 打1m,"(4, 2, 4, 8, 4.93333)","(8, 2, 2, 12, 6)",4,8,0,1
112227m,122278m,ツモ8m / 打1m,"(4, 2, 4, 8, 4.93333)","(8, 2, 2, 12, 6.125)",4,8,0,1
112228m,112222m,ツモ2m / 打8m,"(4, 2, 3, 8, 4.71429)","(8, 3, 0, 4, 4)",4,8,0,0
112228m,112223m,ツモ3m / 打8m,"(4, 2, 3, 8, 4.71429)","(8, 4, 1, 10, 4.16667)",4,8,0,0
112228m,122278m,ツモ7m / 打1m,"(4, 2, 3, 8, 4.71429)","(8, 2, 2, 12, 6.125)",4,8,0,1
112229m,112222m,ツモ2m / 打9m,"(4, 2, 2, 8, 4.46154)","(8, 3, 0, 4, 4)",4,8,0,0
112229m,112223m,ツモ3m / 打9m,"(4, 2, 2, 8, 4.46154)","(8, 4, 1, 10, 4.16667)",4,8,0,0
112234m,112346m,ツモ6m / 打2m,"(7, 3, 5, 11, 5.4)","(8, 3, 1, 11, 6)",7,8,0,0
112234m,122234m,ツモ2m / 打1m,"(7, 3, 5, 11, 5.4)","(10, 4, 1, 12, 5.36842)",7,10,0,1
112234m,122345m,ツモ5m / 打1m,"(7, 3, 5, 11, 5.4)","(11, 4, 0, 11, 6.36842)",7,11,0,1
112235m,111223m,ツモ1m / 打5m,"(3, 1, 15, 12, 6.05263)","(12, 5, 0, 7, 4.66667)",3,12,0,1
112235m,112223m,ツモ2m / 打5m,"(3, 1, 15, 12, 6.05263)","(8, 4, 1, 10, 4.16667)",3,8,0,0
112235m,112356m,ツモ6m / 打2m,"(3, 1, 15, 12, 6.05263)","(8, 2, 2, 12, 6.70588)",3,8,0,1
112235m,122345m,ツモ4m / 打1m,"(3, 1, 15, 12, 6.05263)","(11, 4, 0, 11, 6.36842)",3,11,0,1
112235m,122355m,ツモ5m / 打1m,"(3, 1, 15, 12, 6.05263)","(4, 2, 10, 12, 6.8125)",3,4,0,0
112235m,122356m,ツモ6m / 打1m,"(3, 1, 15, 12, 6.05263)","(8, 2, 2, 12, 6.70588)",3,8,0,1
112235m,122357m,ツモ7m / 打1m,"(3, 1, 15, 12, 6.05263)","(4, 1, 13, 11, 6.13636)",3,4,0,0
112236m,111223m,ツモ1m / 打6m,"(3, 1, 16, 12, 5.71429)","(12, 5, 0, 7, 4.66667)",3,12,0,1
112236m,112223m,ツモ2m / 打6m,"(3, 1, 16, 12, 5.71429)","(8, 4, 1, 10, 4.16667)",3,8,0,0
112236m,112346m,ツモ4m / 打2m,"(3, 1, 16, 12, 5.71429)","(8, 3, 1, 11, 6)",3,8,0,0
112236m,112356m,ツモ5m / 打2m,"(3, 1, 16, 12, 5.71429)","(8, 2, 2, 12, 6.70588)",3,8,0,1
112236m,112366m,ツモ6m / 打2m,"(3, 1, 16, 12, 5.71429)","(4, 2, 8, 12, 6.3125)",3,4,0,0
112236m,112367m,ツモ7m / 打2m,"(3, 1, 16, 12, 5.71429)","(8, 2, 2, 12, 6.42105)",3,8,0,1
112236m,112368m,ツモ8m / 打2m,"(3, 1, 16, 12, 5.71429)","(4, 1, 8, 8, 5.2381)",3,4,0,0
112236m,122356m,ツモ5m / 打1m,"(3, 1, 16, 12, 5.71429)","(8, 2, 2, 12, 6.70588)",3,8,0,1
112237m,111223m,ツモ1m / 打7m,"(3, 1, 17, 12, 5.21739)","(12, 5, 0, 7, 4.66667)",3,12,0,1
112237m,112223m,ツモ2m / 打7m,"(3, 1, 17, 12, 5.21739)","(8, 4, 1, 10, 4.16667)",3,8,0,0
112237m,112234m,ツモ4m / 打7m,"(3, 1, 17, 12, 5.21739)","(7, 3, 5, 11, 5.4)",3,7,0,0
112237m,112367m,ツモ6m / 打2m,"(3, 1, 17, 12, 5.21739)","(8, 2, 2, 12, 6.42105)",3,8,0,1
112237m,112377m,ツモ7m / 打2m,"(3, 1, 17, 12, 5.21739)","(4, 2, 7, 12, 5.94118)",3,4,0,0
112237m,112378m,ツモ8m / 打2m,"(3, 1, 17, 12, 5.21739)","(8, 2, 2, 12, 6.21053)",3,8,0,1
112237m,112379m,ツモ9m / 打2m,"(3, 1, 17, 12, 5.21739)","(4, 1, 7, 8, 5.04762)",3,4,0,0
112237m,122357m,ツモ5m / 打1m,"(3, 1, 17, 12, 5.21739)","(4, 1, 13, 11, 6.13636)",3,4,0,0
112238m,111223m,ツモ1m / 打8m,"(3, 1, 15, 12, 4.95238)","(12, 5, 0, 7, 4.66667)",3,12,0,1
112238m,112223m,ツモ2m / 打8m,"(3, 1, 15, 12, 4.95238)","(8, 4, 1, 10, 4.16667)",3,8,0,0
112238m,112234m,ツモ4m / 打8m,"(3, 1, 15, 12, 4.95238)","(7, 3, 5, 11, 5.4)",3,7,0,0
112238m,112368m,ツモ6m / 打2m,"(3, 1, 15, 12, 4.95238)","(4, 1, 8, 8, 5.2381)",3,4,0,0
112238m,112378m,ツモ7m / 打2m,"(3, 1, 15, 12, 4.95238)","(8, 2, 2, 12, 6.21053)",3,8,0,1
112238m,112388m,ツモ8m / 打2m,"(3, 1, 15, 12, 4.95238)","(4, 2, 5, 12, 5.3125)",3,4,0,0
112238m,112389m,ツモ9m / 打2m,"(3, 1, 15, 12, 4.95238)","(4, 1, 4, 8, 4.5)",3,4,0,0
112239m,111223m,ツモ1m / 打9m,"(3, 1, 13, 12, 4.63158)","(12, 5, 0, 7, 4.66667)",3,12,0,1
112239m,112223m,ツモ2m / 打9m,"(3, 1, 13, 12, 4.63158)","(8, 4, 1, 10, 4.16667)",3,8,0,0
112239m,112234m,ツモ4m / 打9m,"(3, 1, 13, 12, 4.63158)","(7, 3, 5, 11, 5.4)",3,7,0,0
112239m,112379m,ツモ7m / 打2m,"(3, 1, 13, 12, 4.63158)","(4, 1, 7, 8, 5.04762)",3,4,0,0
112239m,112389m,ツモ8m / 打2m,"(3, 1, 13, 12, 4.63158)","(4, 1, 4, 8, 4.5)",3,4,0,0
112239m,112399m,ツモ9m / 打2m,"(3, 1, 13, 12, 4.63158)","(4, 2, 3, 8, 4.6)",3,4,0,0
112333m,112334m,ツモ4m / 打3m,"(8, 4, 2, 11, 4.61111)","(11, 4, 0, 11, 5.82353)",8,11,0,1
112335m,111233m,ツモ1m / 打5m,"(7, 2, 7, 12, 5.88889)","(12, 5, 0, 8, 5.2)",7,12,0,1
112335m,112333m,ツモ3m / 打5m,"(7, 2, 7, 12, 5.88889)","(8, 4, 2, 11, 4.61111)",7,8,0,0
112335m,123355m,ツモ5m / 打1m,"(7, 2, 7, 12, 5.88889)","(8, 3, 1, 12, 5.93333)",7,8,0,0
112335m,123356m,ツモ6m / 打1m,"(7, 2, 7, 12, 5.88889)","(8, 2, 2, 12, 6.84211)",7,8,0,1
112335m,123357m,ツモ7m / 打1m,"(7, 2, 7, 12, 5.88889)","(8, 2, 0, 8, 5.7)",7,8,0,0
112336m,111233m,ツモ1m / 打6m,"(3, 1, 17, 12, 6.09524)","(12, 5, 0, 8, 5.2)",3,12,0,1
112336m,112333m,ツモ3m / 打6m,"(3, 1, 17, 12, 6.09524)","(8, 4, 2, 11, 4.61111)",3,8,0,0
112336m,112334m,ツモ4m / 打6m,"(3, 1, 17, 12, 6.09524)","(11, 4, 0, 11, 5.82353)",3,11,0,1
112336m,112366m,ツモ6m / 打3m,"(3, 1, 17, 12, 6.09524)","(4, 2, 8, 12, 6.3125)",3,4,0,0
112336m,123356m,ツモ5m / 打1m,"(3, 1, 17, 12, 6.09524)","(8, 2, 2, 12, 6.84211)",3,8,0,1
112336m,123367m,ツモ7m / 打1m,"(3, 1, 17, 12, 6.09524)","(8, 2, 2, 12, 6.6)",3,8,0,1
112336m,123368m,ツモ8m / 打1m,"(3, 1, 17, 12, 6.09524)","(4, 1, 9, 8, 5.21739)",3,4,0,0
112337m,111233m,ツモ1m / 打7m,"(3, 1, 19, 12, 5.91304)","(12, 5, 0, 8, 5.2)",3,12,0,1
112337m,112333m,ツモ3m / 打7m,"(3, 1, 19, 12, 5.91304)","(8, 4, 2, 11, 4.61111)",3,8,0,0
112337m,112334m,ツモ4m / 打7m,"(3, 1, 19, 12, 5.91304)","(11, 4, 0, 11, 5.82353)",3,11,0,1
112337m,123357m,ツモ5m / 打1m,"(3, 1, 19, 12, 5.91304)","(8, 2, 0, 8, 5.7)",3,8,0,0
112337m,123367m,ツモ6m / 打1m,"(3, 1, 19, 12, 5.91304)","(8, 2, 2, 12, 6.6)",3,8,0,1
112337m,123377m,ツモ7m / 打1m,"(3, 1, 19, 12, 5.91304)","(4, 2, 9, 12, 6.22222)",3,4,0,0
112337m,123378m,ツモ8m / 打1m,"(3, 1, 19, 12, 5.91304)","(8, 2, 2, 12, 6.66667)",3,8,0,1
112337m,123379m,ツモ9m / 打1m,"(3, 1, 19, 12, 5.91304)","(4, 1, 10, 8, 5.3913)",3,4,0,0
112338m,111233m,ツモ1m / 打8m,"(3, 1, 18, 12, 5.45455)","(12, 5, 0, 8, 5.2)",3,12,0,1
112338m,112333m,ツモ3m / 打8m,"(3, 1, 18, 12, 5.45455)","(8, 4, 2, 11, 4.61111)",3,8,0,0
112338m,112334m,ツモ4m / 打8m,"(3, 1, 18, 12, 5.45455)","(11, 4, 0, 11, 5.82353)",3,11,0,1
112338m,112335m,ツモ5m / 打8m,"(3, 1, 18, 12, 5.45455)","(7, 2, 7, 12, 5.88889)",3,7,0,0
112338m,123368m,ツモ6m / 打1m,"(3, 1, 18, 12, 5.45455)","(4, 1, 9, 8, 5.21739)",3,4,0,0
112338m,123378m,ツモ7m / 打1m,"(3, 1, 18, 12, 5.45455)","(8, 2, 2, 12, 6.66667)",3,8,0,1
112338m,123388m,ツモ8m / 打1m,"(3, 1, 18, 12, 5.45455)","(4, 2, 6, 12, 5.33333)",3,4,0,0
112338m,123389m,ツモ9m / 打1m,"(3, 1, 18, 12, 5.45455)","(4, 1, 6, 8, 4.69565)",3,4,0,0
112339m,111233m,ツモ1m / 打9m,"(3, 1, 16, 12, 5.2)","(12, 5, 0, 8, 5.2)",3,12,0,1
112339m,112333m,ツモ3m / 打9m,"(3, 1, 16, 12, 5.2)","(8, 4, 2, 11, 4.61111)",3,8,0,0
112339m,112334m,ツモ4m / 打9m,"(3, 1, 16, 12, 5.2)","(11, 4, 0, 11, 5.82353)",3,11,0,1
112339m,112335m,ツモ5m / 打9m,"(3, 1, 16, 12, 5.2)","(7, 2, 7, 12, 5.88889)",3,7,0,0
112339m,123379m,ツモ7m / 打1m,"(3, 1, 16, 12, 5.2)","(4, 1, 10, 8, 5.3913)",3,4,0,0
112339m,123389m,ツモ8m / 打1m,"(3, 1, 16, 12, 5.2)","(4, 1, 6, 8, 4.69565)",3,4,0,0
112339m,123399m,ツモ9m / 打1m,"(3, 1, 16, 12, 5.2)","(4, 2, 4, 8, 4.70588)",3,4,0,0
112344m,122344m,ツモ2m / 打1m,"(6, 3, 8, 11, 6.8)","(7, 3, 6, 12, 6.2)",6,7,0,0
112344m,123344m,ツモ3m / 打1m,"(6, 3, 8, 11, 6.8)","(11, 4, 1, 12, 7)",6,11,0,1
112344m,123445m,ツモ5m / 打1m,"(6, 3, 8, 11, 6.8)","(11, 4, 0, 11, 7.38889)",6,11,0,1
112344m,123446m,ツモ6m / 打1m,"(6, 3, 8, 11, 6.8)","(8, 3, 1, 11, 6.73684)",6,8,0,0
112346m,112334m,ツモ3m / 打6m,"(8, 3, 1, 11, 6)","(11, 4, 0, 11, 5.82353)",8,11,0,1
112346m,123467m,ツモ7m / 打1m,"(8, 3, 1, 11, 6)","(8, 2, 4, 12, 7.5)",8,8,0,1
112347m,112234m,ツモ2m / 打7m,"(4, 2, 11, 11, 5.82609)","(7, 3, 5, 11, 5.4)",4,7,0,0
112347m,112334m,ツモ3m / 打7m,"(4, 2, 11, 11, 5.82609)","(11, 4, 0, 11, 5.82353)",4,11,0,1
112347m,112344m,ツモ4m / 打7m,"(4, 2, 11, 11, 5.82609)","(6, 3, 8, 11, 6.8)",4,6,0,0
112347m,112345m,ツモ5m / 打7m,"(4, 2, 11, 11, 5.82609)","(11, 4, 0, 11, 5.78947)",4,11,0,1
112347m,123467m,ツモ6m / 打1m,"(4, 2, 11, 11, 5.82609)","(8, 2, 4, 12, 7.5)",4,8,0,1
112347m,123478m,ツモ8m / 打1m,"(4, 2, 11, 11, 5.82609)","(8, 2, 4, 12, 7.12)",4,8,0,1
112348m,112234m,ツモ2m / 打8m,"(4, 2, 10, 11, 5.72727)","(7, 3, 5, 11, 5.4)",4,7,0,0
112348m,112334m,ツモ3m / 打8m,"(4, 2, 10, 11, 5.72727)","(11, 4, 0, 11, 5.82353)",4,11,0,1
112348m,112344m,ツモ4m / 打8m,"(4, 2, 10, 11, 5.72727)","(6, 3, 8, 11, 6.8)",4,6,0,0
112348m,112345m,ツモ5m / 打8m,"(4, 2, 10, 11, 5.72727)","(11, 4, 0, 11, 5.78947)",4,11,0,1
112348m,112346m,ツモ6m / 打8m,"(4, 2, 10, 11, 5.72727)","(8, 3, 1, 11, 6)",4,8,0,0
112348m,123478m,ツモ7m / 打1m,"(4, 2, 10, 11, 5.72727)","(8, 2, 4, 12, 7.12)",4,8,0,1
112349m,112234m,ツモ2m / 打9m,"(4, 2, 7, 11, 5.2381)","(7, 3, 5, 11, 5.4)",4,7,0,0
112349m,112334m,ツモ3m / 打9m,"(4, 2, 7, 11, 5.2381)","(11, 4, 0, 11, 5.82353)",4,11,0,1
112349m,112344m,ツモ4m / 打9m,"(4, 2, 7, 11, 5.2381)","(6, 3, 8, 11, 6.8)",4,6,0,0
112349m,112345m,ツモ5m / 打9m,"(4, 2, 7, 11, 5.2381)","(11, 4, 0, 11, 5.78947)",4,11,0,1
112349m,112346m,ツモ6m / 打9m,"(4, 2, 7, 11, 5.2381)","(8, 3, 1, 11, 6)",4,8,0,0
112355m,111355m,ツモ1m / 打2m,"(4, 2, 9, 12, 6.6875)","(8, 3, 1, 12, 6.21429)",4,8,0,0
112355m,123355m,ツモ3m / 打1m,"(4, 2, 9, 12, 6.6875)","(8, 3, 1, 12, 5.93333)",4,8,0,0
112355m,123455m,ツモ4m / 打1m,"(4, 2, 9, 12, 6.6875)","(11, 4, 0, 11, 6.63158)",4,11,0,1
112355m,123556m,ツモ6m / 打1m,"(4, 2, 9, 12, 6.6875)","(12, 4, 0, 12, 6.90909)",4,12,0,1
112355m,123557m,ツモ7m / 打1m,"(4, 2, 9, 12, 6.6875)","(8, 3, 1, 11, 6.26667)",4,8,0,0
112356m,123556m,ツモ5m / 打1m,"(8, 2, 2, 12, 6.70588)","(12, 4, 0, 12, 6.90909)",8,12,1,1
112356m,123566m,ツモ6m / 打1m,"(8, 2, 2, 12, 6.70588)","(12, 4, 0, 12, 6.90909)",8,12,1,1
112357m,111357m,ツモ1m / 打2m,"(4, 1, 12, 11, 6)","(8, 2, 0, 8, 6)",4,8,0,0
112357m,112345m,ツモ4m / 打7m,"(4, 1, 12, 11, 6)","(11, 4, 0, 11, 5.78947)",4,11,0,1
112357m,123357m,ツモ3m / 打1m,"(4, 1, 12, 11, 6)","(8, 2, 0, 8, 5.7)",4,8,0,0
112357m,123557m,ツモ5m / 打1m,"(4, 1, 12, 11, 6)","(8, 3, 1, 11, 6.26667)",4,8,0,0
112357m,123577m,ツモ7m / 打1m,"(4, 1, 12, 11, 6)","(8, 3, 1, 12, 6.33333)",4,8,0,0
112357m,123578m,ツモ8m / 打1m,"(4, 1, 12, 11, 6)","(8, 2, 2, 12, 7.22222)",4,8,0,1
112357m,123579m,ツモ9m / 打1m,"(4, 1, 12, 11, 6)","(8, 2, 0, 8, 5.66667)",4,8,0,0
112366m,111236m,ツモ1m / 打6m,"(4, 2, 8, 12, 6.3125)","(7, 3, 8, 12, 6.27273)",4,7,0,1
112366m,123466m,ツモ4m / 打1m,"(4, 2, 8, 12, 6.3125)","(8, 3, 2, 12, 6.63158)",4,8,0,0
112366m,123566m,ツモ5m / 打1m,"(4, 2, 8, 12, 6.3125)","(12, 4, 0, 12, 6.90909)",4,12,0,1
112366m,123667m,ツモ7m / 打1m,"(4, 2, 8, 12, 6.3125)","(12, 4, 0, 12, 7.33333)",4,12,0,1
112366m,123668m,ツモ8m / 打1m,"(4, 2, 8, 12, 6.3125)","(8, 3, 1, 12, 6)",4,8,0,0
112367m,123667m,ツモ6m / 打1m,"(8, 2, 2, 12, 6.42105)","(12, 4, 0, 12, 7.33333)",8,12,1,1
112367m,123677m,ツモ7m / 打1m,"(8, 2, 2, 12, 6.42105)","(12, 4, 0, 12, 7.33333)",8,12,1,1
112368m,111236m,ツモ1m / 打8m,"(4, 1, 8, 8, 5.2381)","(7, 3, 8, 12, 6.27273)",4,7,0,1
112368m,112346m,ツモ4m / 打8m,"(4, 1, 8, 8, 5.2381)","(8, 3, 1, 11, 6)",4,8,0,0
112368m,112356m,ツモ5m / 打8m,"(4, 1, 8, 8, 5.2381)","(8, 2, 2, 12, 6.70588)",4,8,0,1
112368m,123668m,ツモ6m / 打1m,"(4, 1, 8, 8, 5.2381)","(8, 3, 1, 12, 6)",4,8,0,0
112368m,123688m,ツモ8m / 打1m,"(4, 1, 8, 8, 5.2381)","(8, 3, 0, 8, 5.42857)",4,8,0,0
112377m,111237m,ツモ1m / 打7m,"(4, 2, 7, 12, 5.94118)","(7, 3, 9, 12, 6.16)",4,7,0,1
112377m,123577m,ツモ5m / 打1m,"(4, 2, 7, 12, 5.94118)","(8, 3, 1, 12, 6.33333)",4,8,0,0
112377m,123677m,ツモ6m / 打1m,"(4, 2, 7, 12, 5.94118)","(12, 4, 0, 12, 7.33333)",4,12,0,1
112377m,123778m,ツモ8m / 打1m,"(4, 2, 7, 12, 5.94118)","(12, 4, 0, 12, 7.33333)",4,12,0,1
112377m,123779m,ツモ9m / 打1m,"(4, 2, 7, 12, 5.94118)","(8, 3, 1, 12, 6)",4,8,0,0
112378m,123778m,ツモ7m / 打1m,"(8, 2, 2, 12, 6.21053)","(12, 4, 0, 12, 7.33333)",8,12,1,1
112378m,123788m,ツモ8m / 打1m,"(8, 2, 2, 12, 6.21053)","(12, 4, 0, 12, 7)",8,12,1,1
112379m,111237m,ツモ1m / 打9m,"(4, 1, 7, 8, 5.04762)","(7, 3, 9, 12, 6.16)",4,7,0,1
112379m,123579m,ツモ5m / 打1m,"(4, 1, 7, 8, 5.04762)","(8, 2, 0, 8, 5.66667)",4,8,0,0
112379m,123679m,ツモ6m / 打1m,"(4, 1, 7, 8, 5.04762)","(8, 2, 2, 12, 6.75)",4,8,0,1
112379m,123779m,ツモ7m / 打1m,"(4, 1, 7, 8, 5.04762)","(8, 3, 1, 12, 6)",4,8,0,0
112379m,123799m,ツモ9m / 打1m,"(4, 1, 7, 8, 5.04762)","(8, 3, 0, 8, 5.14286)",4,8,0,0
112388m,111238m,ツモ1m / 打8m,"(4, 2, 5, 12, 5.3125)","(7, 3, 5, 12, 5.65217)",4,7,0,1
112388m,123688m,ツモ6m / 打1m,"(4, 2, 5, 12, 5.3125)","(8, 3, 0, 8, 5.42857)",4,8,0,0
112388m,123788m,ツモ7m / 打1m,"(4, 2, 5, 12, 5.3125)","(12, 4, 0, 12, 7)",4,12,0,1
112388m,123889m,ツモ9m / 打1m,"(4, 2, 5, 12, 5.3125)","(8, 3, 0, 8, 4.85714)",4,8,0,0
112389m,111238m,ツモ1m / 打9m,"(4, 1, 4, 8, 4.5)","(7, 3, 5, 12, 5.65217)",4,7,0,1
112389m,123889m,ツモ8m / 打1m,"(4, 1, 4, 8, 4.5)","(8, 3, 0, 8, 4.85714)",4,8,0,0
112389m,123899m,ツモ9m / 打1m,"(4, 1, 4, 8, 4.5)","(8, 3, 0, 8, 4.57143)",4,8,0,0
112399m,111239m,ツモ1m / 打9m,"(4, 2, 3, 8, 4.6)","(7, 3, 2, 12, 5.3)",4,7,0,1
112399m,123799m,ツモ7m / 打1m,"(4, 2, 3, 8, 4.6)","(8, 3, 0, 8, 5.14286)",4,8,0,0
112399m,123899m,ツモ8m / 打1m,"(4, 2, 3, 8, 4.6)","(8, 3, 0, 8, 4.57143)",4,8,0,0
113333m,133334m,ツモ4m / 打1m,"(8, 3, 0, 8, 4.66667)","(8, 2, 1, 12, 6.15385)",8,8,0,1
113334m,112334m,ツモ2m / 打3m,"(4, 2, 7, 11, 6.57143)","(11, 4, 0, 11, 5.82353)",4,11,0,1
113334m,133334m,ツモ3m / 打1m,"(4, 2, 7, 11, 6.57143)","(8, 2, 1, 12, 6.15385)",4,8,0,1
113334m,133345m,ツモ5m / 打1m,"(4, 2, 7, 11, 6.57143)","(11, 4, 2, 16, 6.4375)",4,11,0,1
113335m,112333m,ツモ2m / 打5m,"(4, 2, 8, 11, 6.2)","(8, 4, 2, 11, 4.61111)",4,8,0,0
113335m,113333m,ツモ3m / 打5m,"(4, 2, 8, 11, 6.2)","(8, 3, 0, 8, 4.66667)",4,8,0,0
113335m,133345m,ツモ4m / 打1m,"(4, 2, 8, 11, 6.2)","(11, 4, 2, 16, 6.4375)",4,11,0,1
113335m,133356m,ツモ6m / 打1m,"(4, 2, 8, 11, 6.2)","(8, 2, 2, 12, 6.625)",4,8,0,1
113336m,112333m,ツモ2m / 打6m,"(4, 2, 4, 8, 4.93333)","(8, 4, 2, 11, 4.61111)",4,8,0,0
113336m,113333m,ツモ3m / 打6m,"(4, 2, 4, 8, 4.93333)","(8, 3, 0, 8, 4.66667)",4,8,0,0
113336m,133356m,ツモ5m / 打1m,"(4, 2, 4, 8, 4.93333)","(8, 2, 2, 12, 6.625)",4,8,0,1
113336m,133367m,ツモ7m / 打1m,"(4, 2, 4, 8, 4.93333)","(8, 2, 2, 12, 6)",4,8,0,1
113337m,112333m,ツモ2m / 打7m,"(4, 2, 4, 8, 4.93333)","(8, 4, 2, 11, 4.61111)",4,8,0,0
113337m,113333m,ツモ3m / 打7m,"(4, 2, 4, 8, 4.93333)","(8, 3, 0, 8, 4.66667)",4,8,0,0
113337m,133367m,ツモ6m / 打1m,"(4, 2, 4, 8, 4.93333)","(8, 2, 2, 12, 6)",4,8,0,1
113337m,133378m,ツモ8m / 打1m,"(4, 2, 4, 8, 4.93333)","(8, 2, 2, 12, 6.125)",4,8,0,1
113338m,112333m,ツモ2m / 打8m,"(4, 2, 3, 8, 4.71429)","(8, 4, 2, 11, 4.61111)",4,8,0,0
113338m,113333m,ツモ3m / 打8m,"(4, 2, 3, 8, 4.71429)","(8, 3, 0, 8, 4.66667)",4,8,0,0
113338m,133378m,ツモ7m / 打1m,"(4, 2, 3, 8, 4.71429)","(8, 2, 2, 12, 6.125)",4,8,0,1
113339m,112333m,ツモ2m / 打9m,"(4, 2, 2, 8, 4.46154)","(8, 4, 2, 11, 4.61111)",4,8,0,0
113339m,113333m,ツモ3m / 打9m,"(4, 2, 2, 8, 4.46154)","(8, 3, 0, 8, 4.66667)",4,8,0,0
113345m,133345m,ツモ3m / 打1m,"(8, 3, 1, 11, 5.4)","(11, 4, 2, 16, 6.4375)",8,11,0,1
113444m,134444m,ツモ4m / 打1m,"(8, 3, 0, 8, 4.78571)","(8, 2, 1, 12, 6.46154)",8,8,0,1
113445m,113345m,ツモ3m / 打4m,"(4, 2, 10, 11, 6.5)","(8, 3, 1, 11, 5.4)",4,8,0,0
113445m,113444m,ツモ4m / 打5m,"(4, 2, 10, 11, 6.5)","(8, 3, 0, 8, 4.78571)",4,8,0,0
113445m,113456m,ツモ6m / 打4m,"(4, 2, 10, 11, 6.5)","(8, 3, 2, 11, 5.85)",4,8,0,0
113445m,123445m,ツモ2m / 打1m,"(4, 2, 10, 11, 6.5)","(11, 4, 0, 11, 7.38889)",4,11,0,1
113445m,134455m,ツモ5m / 打1m,"(4, 2, 10, 11, 6.5)","(7, 2, 5, 16, 7.73333)",4,7,0,1
113455m,113345m,ツモ3m / 打5m,"(4, 2, 9, 11, 6.47059)","(8, 3, 1, 11, 5.4)",4,8,0,0
113455m,113555m,ツモ5m / 打4m,"(4, 2, 9, 11, 6.47059)","(8, 3, 0, 8, 4.78571)",4,8,0,0
113455m,123455m,ツモ2m / 打1m,"(4, 2, 9, 11, 6.47059)","(11, 4, 0, 11, 6.63158)",4,11,0,1
113455m,134455m,ツモ4m / 打1m,"(4, 2, 9, 11, 6.47059)","(7, 2, 5, 16, 7.73333)",4,7,0,1
113455m,134556m,ツモ6m / 打1m,"(4, 2, 9, 11, 6.47059)","(11, 3, 1, 14, 7.17647)",4,11,0,1
113456m,134556m,ツモ5m / 打1m,"(8, 3, 2, 11, 5.85)","(11, 3, 1, 14, 7.17647)",8,11,0,1
113456m,134567m,ツモ7m / 打1m,"(8, 3, 2, 11, 5.85)","(11, 3, 4, 15, 7.20833)",8,11,0,1
113457m,112345m,ツモ2m / 打7m,"(4, 2, 7, 11, 5.83333)","(11, 4, 0, 11, 5.78947)",4,11,0,1
113457m,113345m,ツモ3m / 打7m,"(4, 2, 7, 11, 5.83333)","(8, 3, 1, 11, 5.4)",4,8,0,0
113457m,134567m,ツモ6m / 打1m,"(4, 2, 7, 11, 5.83333)","(11, 3, 4, 15, 7.20833)",4,11,0,1
113457m,134578m,ツモ8m / 打1m,"(4, 2, 7, 11, 5.83333)","(8, 2, 2, 12, 6.70588)",4,8,0,1
113458m,112345m,ツモ2m / 打8m,"(4, 2, 6, 11, 5.73333)","(11, 4, 0, 11, 5.78947)",4,11,0,1
113458m,113345m,ツモ3m / 打8m,"(4, 2, 6, 11, 5.73333)","(8, 3, 1, 11, 5.4)",4,8,0,0
113458m,113456m,ツモ6m / 打8m,"(4, 2, 6, 11, 5.73333)","(8, 3, 2, 11, 5.85)",4,8,0,0
113458m,134578m,ツモ7m / 打1m,"(4, 2, 6, 11, 5.73333)","(8, 2, 2, 12, 6.70588)",4,8,0,1
113459m,112345m,ツモ2m / 打9m,"(4, 2, 4, 11, 5.2)","(11, 4, 0, 11, 5.78947)",4,11,0,1
113459m,113345m,ツモ3m / 打9m,"(4, 2, 4, 11, 5.2)","(8, 3, 1, 11, 5.4)",4,8,0,0
113459m,113456m,ツモ6m / 打9m,"(4, 2, 4, 11, 5.2)","(8, 3, 2, 11, 5.85)",4,8,0,0
113567m,134567m,ツモ4m / 打1m,"(8, 3, 1, 11, 5.6875)","(11, 3, 4, 15, 7.20833)",8,11,0,1
113666m,134666m,ツモ4m / 打1m,"(8, 3, 0, 8, 4.92308)","(8, 2, 2, 12, 6.66667)",8,8,0,1
113678m,134678m,ツモ4m / 打1m,"(8, 3, 0, 8, 5.33333)","(8, 2, 2, 12, 6.58824)",8,8,0,1
113777m,134777m,ツモ4m / 打1m,"(8, 3, 0, 8, 4.92308)","(8, 2, 2, 12, 6.66667)",8,8,0,1
113789m,134789m,ツモ4m / 打1m,"(8, 3, 0, 8, 5.14286)","(8, 2, 2, 12, 6.75)",8,8,0,1
113888m,134888m,ツモ4m / 打1m,"(8, 3, 0, 8, 4.92308)","(8, 2, 2, 12, 6.66667)",8,8,0,1
113999m,134999m,ツモ4m / 打1m,"(8, 3, 0, 8, 4.92308)","(8, 2, 2, 12, 6.66667)",8,8,0,1
114444m,112444m,ツモ2m / 打4m,"(4, 2, 4, 8, 5.45455)","(8, 3, 0, 8, 4.30769)",4,8,0,0
114444m,134444m,ツモ3m / 打1m,"(4, 2, 4, 8, 5.45455)","(8, 2, 1, 12, 6.46154)",4,8,0,1
114444m,144445m,ツモ5m / 打1m,"(4, 2, 4, 8, 5.45455)","(8, 2, 1, 12, 6.18182)",4,8,0,1
114445m,112444m,ツモ2m / 打5m,"(4, 2, 5, 8, 5.2)","(8, 3, 0, 8, 4.30769)",4,8,0,0
114445m,113444m,ツモ3m / 打5m,"(4, 2, 5, 8, 5.2)","(8, 3, 0, 8, 4.78571)",4,8,0,0
114445m,144445m,ツモ4m / 打1m,"(4, 2, 5, 8, 5.2)","(8, 2, 1, 12, 6.18182)",4,8,0,1
114445m,144456m,ツモ6m / 打1m,"(4, 2, 5, 8, 5.2)","(7, 3, 4, 16, 6.55)",4,7,0,1
114446m,112444m,ツモ2m / 打6m,"(4, 2, 4, 8, 5)","(8, 3, 0, 8, 4.30769)",4,8,0,0
114446m,113444m,ツモ3m / 打6m,"(4, 2, 4, 8, 5)","(8, 3, 0, 8, 4.78571)",4,8,0,0
114446m,144456m,ツモ5m / 打1m,"(4, 2, 4, 8, 5)","(7, 3, 4, 16, 6.55)",4,7,0,1
114446m,144467m,ツモ7m / 打1m,"(4, 2, 4, 8, 5)","(8, 2, 2, 12, 6)",4,8,0,1
114447m,112444m,ツモ2m / 打7m,"(4, 2, 4, 8, 5.14286)","(8, 3, 0, 8, 4.30769)",4,8,0,0
114447m,113444m,ツモ3m / 打7m,"(4, 2, 4, 8, 5.14286)","(8, 3, 0, 8, 4.78571)",4,8,0,0
114447m,144467m,ツモ6m / 打1m,"(4, 2, 4, 8, 5.14286)","(8, 2, 2, 12, 6)",4,8,0,1
114447m,144478m,ツモ8m / 打1m,"(4, 2, 4, 8, 5.14286)","(8, 2, 2, 12, 6.13333)",4,8,0,1
114448m,112444m,ツモ2m / 打8m,"(4, 2, 3, 8, 4.92308)","(8, 3, 0, 8, 4.30769)",4,8,0,0
114448m,113444m,ツモ3m / 打8m,"(4, 2, 3, 8, 4.92308)","(8, 3, 0, 8, 4.78571)",4,8,0,0
114448m,144478m,ツモ7m / 打1m,"(4, 2, 3, 8, 4.92308)","(8, 2, 2, 12, 6.13333)",4,8,0,1
114449m,112444m,ツモ2m / 打9m,"(4, 2, 2, 8, 4.66667)","(8, 3, 0, 8, 4.30769)",4,8,0,0
114449m,113444m,ツモ3m / 打9m,"(4, 2, 2, 8, 4.66667)","(8, 3, 0, 8, 4.78571)",4,8,0,0
114456m,112456m,ツモ2m / 打4m,"(4, 2, 5, 8, 5)","(8, 3, 0, 8, 4.57143)",4,8,0,0
114456m,113456m,ツモ3m / 打4m,"(4, 2, 5, 8, 5)","(8, 3, 2, 11, 5.85)",4,8,0,0
114456m,144456m,ツモ4m / 打1m,"(4, 2, 5, 8, 5)","(7, 3, 4, 16, 6.55)",4,7,0,1
114456m,144556m,ツモ5m / 打1m,"(4, 2, 5, 8, 5)","(7, 2, 3, 16, 6.5625)",4,7,0,1
114555m,112555m,ツモ2m / 打4m,"(4, 2, 4, 8, 5)","(8, 3, 0, 8, 4.30769)",4,8,0,0
114555m,113555m,ツモ3m / 打4m,"(4, 2, 4, 8, 5)","(8, 3, 0, 8, 4.78571)",4,8,0,0
114555m,145555m,ツモ5m / 打1m,"(4, 2, 4, 8, 5)","(8, 2, 1, 12, 6.18182)",4,8,0,1
114556m,112456m,ツモ2m / 打5m,"(4, 2, 6, 11, 5.35294)","(8, 3, 0, 8, 4.57143)",4,8,0,0
114556m,134556m,ツモ3m / 打1m,"(4, 2, 6, 11, 5.35294)","(11, 3, 1, 14, 7.17647)",4,11,0,1
114556m,144556m,ツモ4m / 打1m,"(4, 2, 6, 11, 5.35294)","(7, 2, 3, 16, 6.5625)",4,7,0,1
114556m,145566m,ツモ6m / 打1m,"(4, 2, 6, 11, 5.35294)","(7, 2, 5, 16, 6.88235)",4,7,0,1
114556m,145567m,ツモ7m / 打1m,"(4, 2, 6, 11, 5.35294)","(7, 2, 6, 15, 6.66667)",4,7,0,1
114566m,112456m,ツモ2m / 打6m,"(4, 2, 6, 8, 5.17647)","(8, 3, 0, 8, 4.57143)",4,8,0,0
114566m,134566m,ツモ3m / 打1m,"(4, 2, 6, 8, 5.17647)","(8, 3, 5, 15, 7.42105)",4,8,0,0
114566m,145566m,ツモ5m / 打1m,"(4, 2, 6, 8, 5.17647)","(7, 2, 5, 16, 6.88235)",4,7,0,1
114566m,145666m,ツモ6m / 打1m,"(4, 2, 6, 8, 5.17647)","(7, 3, 4, 16, 6.47368)",4,7,0,1
114566m,145667m,ツモ7m / 打1m,"(4, 2, 6, 8, 5.17647)","(7, 2, 7, 15, 6.72727)",4,7,0,1
114567m,112567m,ツモ2m / 打4m,"(4, 2, 8, 11, 5.5)","(8, 3, 0, 8, 4.8)",4,8,0,0
114567m,134567m,ツモ3m / 打1m,"(4, 2, 8, 11, 5.5)","(11, 3, 4, 15, 7.20833)",4,11,0,1
114567m,145567m,ツモ5m / 打1m,"(4, 2, 8, 11, 5.5)","(7, 2, 6, 15, 6.66667)",4,7,0,1
114567m,145667m,ツモ6m / 打1m,"(4, 2, 8, 11, 5.5)","(7, 2, 7, 15, 6.72727)",4,7,0,1
114567m,145678m,ツモ8m / 打1m,"(4, 2, 8, 11, 5.5)","(11, 3, 4, 15, 6.71429)",4,11,0,1
114568m,112456m,ツモ2m / 打8m,"(4, 2, 4, 11, 5.1875)","(8, 3, 0, 8, 4.57143)",4,8,0,0
114568m,113456m,ツモ3m / 打8m,"(4, 2, 4, 11, 5.1875)","(8, 3, 2, 11, 5.85)",4,8,0,0
114568m,145678m,ツモ7m / 打1m,"(4, 2, 4, 11, 5.1875)","(11, 3, 4, 15, 6.71429)",4,11,0,1
114569m,112456m,ツモ2m / 打9m,"(4, 2, 2, 8, 4.57143)","(8, 3, 0, 8, 4.57143)",4,8,0,0
114569m,113456m,ツモ3m / 打9m,"(4, 2, 2, 8, 4.57143)","(8, 3, 2, 11, 5.85)",4,8,0,0
114666m,112666m,ツモ2m / 打4m,"(4, 2, 4, 8, 5.15385)","(8, 3, 0, 8, 4.30769)",4,8,0,0
114666m,134666m,ツモ3m / 打1m,"(4, 2, 4, 8, 5.15385)","(8, 2, 2, 12, 6.66667)",4,8,0,1
114666m,145666m,ツモ5m / 打1m,"(4, 2, 4, 8, 5.15385)","(7, 3, 4, 16, 6.47368)",4,7,0,1
114678m,112678m,ツモ2m / 打4m,"(4, 2, 4, 11, 5.1875)","(8, 3, 0, 8, 4.8)",4,8,0,0
114678m,134678m,ツモ3m / 打1m,"(4, 2, 4, 11, 5.1875)","(8, 2, 2, 12, 6.58824)",4,8,0,1
114678m,145678m,ツモ5m / 打1m,"(4, 2, 4, 11, 5.1875)","(11, 3, 4, 15, 6.71429)",4,11,0,1
114777m,112777m,ツモ2m / 打4m,"(4, 2, 4, 8, 5.33333)","(8, 3, 0, 8, 4.30769)",4,8,0,0
114777m,134777m,ツモ3m / 打1m,"(4, 2, 4, 8, 5.33333)","(8, 2, 2, 12, 6.66667)",4,8,0,1
114777m,145777m,ツモ5m / 打1m,"(4, 2, 4, 8, 5.33333)","(8, 2, 2, 12, 6.46154)",4,8,0,1
114789m,112789m,ツモ2m / 打4m,"(4, 2, 4, 8, 5.23077)","(8, 3, 0, 8, 4.57143)",4,8,0,0
114789m,134789m,ツモ3m / 打1m,"(4, 2, 4, 8, 5.23077)","(8, 2, 2, 12, 6.75)",4,8,0,1
114789m,145789m,ツモ5m / 打1m,"(4, 2, 4, 8, 5.23077)","(8, 2, 2, 12, 6.46154)",4,8,0,1
114888m,112888m,ツモ2m / 打4m,"(4, 2, 4, 8, 5.33333)","(8, 3, 0, 8, 4.30769)",4,8,0,0
114888m,134888m,ツモ3m / 打1m,"(4, 2, 4, 8, 5.33333)","(8, 2, 2, 12, 6.66667)",4,8,0,1
114888m,145888m,ツモ5m / 打1m,"(4, 2, 4, 8, 5.33333)","(8, 2, 2, 12, 6.46154)",4,8,0,1
114999m,112999m,ツモ2m / 打4m,"(4, 2, 4, 8, 5.33333)","(8, 3, 0, 8, 4.30769)",4,8,0,0
114999m,134999m,ツモ3m / 打1m,"(4, 2, 4, 8, 5.33333)","(8, 2, 2, 12, 6.66667)",4,8,0,1
114999m,145999m,ツモ5m / 打1m,"(4, 2, 4, 8, 5.33333)","(8, 2, 2, 12, 6.46154)",4,8,0,1
115555m,112555m,ツモ2m / 打5m,"(4, 2, 5, 8, 5.66667)","(8, 3, 0, 8, 4.30769)",4,8,0,0
115555m,113555m,ツモ3m / 打5m,"(4, 2, 5, 8, 5.66667)","(8, 3, 0, 8, 4.78571)",4,8,0,0
115555m,145555m,ツモ4m / 打1m,"(4, 2, 5, 8, 5.66667)","(8, 2, 1, 12, 6.18182)",4,8,0,1
115555m,155556m,ツモ6m / 打1m,"(4, 2, 5, 8, 5.66667)","(8, 2, 1, 12, 6.15385)",4,8,0,1
115556m,112555m,ツモ2m / 打6m,"(4, 2, 4, 8, 4.875)","(8, 3, 0, 8, 4.30769)",4,8,0,0
115556m,113555m,ツモ3m / 打6m,"(4, 2, 4, 8, 4.875)","(8, 3, 0, 8, 4.78571)",4,8,0,0
115556m,155556m,ツモ5m / 打1m,"(4, 2, 4, 8, 4.875)","(8, 2, 1, 12, 6.15385)",4,8,0,1
115556m,155567m,ツモ7m / 打1m,"(4, 2, 4, 8, 4.875)","(7, 3, 5, 16, 6.31818)",4,7,0,1
115557m,112555m,ツモ2m / 打7m,"(4, 2, 4, 8, 5)","(8, 3, 0, 8, 4.30769)",4,8,0,0
115557m,113555m,ツモ3m / 打7m,"(4, 2, 4, 8, 5)","(8, 3, 0, 8, 4.78571)",4,8,0,0
115557m,155567m,ツモ6m / 打1m,"(4, 2, 4, 8, 5)","(7, 3, 5, 16, 6.31818)",4,7,0,1
115557m,155578m,ツモ8m / 打1m,"(4, 2, 4, 8, 5)","(8, 2, 2, 12, 6.13333)",4,8,0,1
115558m,112555m,ツモ2m / 打8m,"(4, 2, 3, 8, 4.92308)","(8, 3, 0, 8, 4.30769)",4,8,0,0
115558m,113555m,ツモ3m / 打8m,"(4, 2, 3, 8, 4.92308)","(8, 3, 0, 8, 4.78571)",4,8,0,0
115558m,155578m,ツモ7m / 打1m,"(4, 2, 3, 8, 4.92308)","(8, 2, 2, 12, 6.13333)",4,8,0,1
115559m,112555m,ツモ2m / 打9m,"(4, 2, 2, 8, 4.66667)","(8, 3, 0, 8, 4.30769)",4,8,0,0
115559m,113555m,ツモ3m / 打9m,"(4, 2, 2, 8, 4.66667)","(8, 3, 0, 8, 4.78571)",4,8,0,0
115567m,112567m,ツモ2m / 打5m,"(4, 2, 6, 8, 5.17647)","(8, 3, 0, 8, 4.8)",4,8,0,0
115567m,113567m,ツモ3m / 打5m,"(4, 2, 6, 8, 5.17647)","(8, 3, 1, 11, 5.6875)",4,8,0,0
115567m,145567m,ツモ4m / 打1m,"(4, 2, 6, 8, 5.17647)","(7, 2, 6, 15, 6.66667)",4,7,0,1
115567m,155567m,ツモ5m / 打1m,"(4, 2, 6, 8, 5.17647)","(7, 3, 5, 16, 6.31818)",4,7,0,1
115567m,155667m,ツモ6m / 打1m,"(4, 2, 6, 8, 5.17647)","(7, 2, 4, 16, 6.5)",4,7,0,1
115666m,112666m,ツモ2m / 打5m,"(4, 2, 5, 8, 5.2)","(8, 3, 0, 8, 4.30769)",4,8,0,0
115666m,113666m,ツモ3m / 打5m,"(4, 2, 5, 8, 5.2)","(8, 3, 0, 8, 4.92308)",4,8,0,0
115666m,145666m,ツモ4m / 打1m,"(4, 2, 5, 8, 5.2)","(7, 3, 4, 16, 6.47368)",4,7,0,1
115666m,156666m,ツモ6m / 打1m,"(4, 2, 5, 8, 5.2)","(8, 2, 1, 12, 6.15385)",4,8,0,1
115667m,112567m,ツモ2m / 打6m,"(4, 2, 6, 8, 5.05556)","(8, 3, 0, 8, 4.8)",4,8,0,0
115667m,113567m,ツモ3m / 打6m,"(4, 2, 6, 8, 5.05556)","(8, 3, 1, 11, 5.6875)",4,8,0,0
115667m,145667m,ツモ4m / 打1m,"(4, 2, 6, 8, 5.05556)","(7, 2, 7, 15, 6.72727)",4,7,0,1
115667m,155667m,ツモ5m / 打1m,"(4, 2, 6, 8, 5.05556)","(7, 2, 4, 16, 6.5)",4,7,0,1
115667m,156677m,ツモ7m / 打1m,"(4, 2, 6, 8, 5.05556)","(7, 2, 3, 16, 6.15789)",4,7,0,1
115667m,156678m,ツモ8m / 打1m,"(4, 2, 6, 8, 5.05556)","(7, 2, 5, 14, 6.08696)",4,7,0,1
115677m,112567m,ツモ2m / 打7m,"(4, 2, 5, 8, 4.88889)","(8, 3, 0, 8, 4.8)",4,8,0,0
115677m,113567m,ツモ3m / 打7m,"(4, 2, 5, 8, 4.88889)","(8, 3, 1, 11, 5.6875)",4,8,0,0
115677m,156677m,ツモ6m / 打1m,"(4, 2, 5, 8, 4.88889)","(7, 2, 3, 16, 6.15789)",4,7,0,1
115677m,156777m,ツモ7m / 打1m,"(4, 2, 5, 8, 4.88889)","(7, 3, 5, 16, 6.31818)",4,7,0,1
115677m,156778m,ツモ8m / 打1m,"(4, 2, 5, 8, 4.88889)","(7, 2, 7, 15, 6.6087)",4,7,0,1
115678m,112567m,ツモ2m / 打8m,"(4, 2, 9, 11, 5.5)","(8, 3, 0, 8, 4.8)",4,8,0,0
115678m,112678m,ツモ2m / 打5m,"(4, 2, 9, 11, 5.5)","(8, 3, 0, 8, 4.8)",4,8,0,0
115678m,113567m,ツモ3m / 打8m,"(4, 2, 9, 11, 5.5)","(8, 3, 1, 11, 5.6875)",4,8,0,0
115678m,145678m,ツモ4m / 打1m,"(4, 2, 9, 11, 5.5)","(11, 3, 4, 15, 6.71429)",4,11,0,1
115678m,156678m,ツモ6m / 打1m,"(4, 2, 9, 11, 5.5)","(7, 2, 5, 14, 6.08696)",4,7,0,1
115678m,156778m,ツモ7m / 打1m,"(4, 2, 9, 11, 5.5)","(7, 2, 7, 15, 6.6087)",4,7,0,1
115678m,156789m,ツモ9m / 打1m,"(4, 2, 9, 11, 5.5)","(7, 2, 6, 11, 5.69231)",4,7,0,1
115679m,112567m,ツモ2m / 打9m,"(4, 2, 3, 8, 4.6875)","(8, 3, 0, 8, 4.8)",4,8,0,0
115679m,113567m,ツモ3m / 打9m,"(4, 2, 3, 8, 4.6875)","(8, 3, 1, 11, 5.6875)",4,8,0,0
115679m,156789m,ツモ8m / 打1m,"(4, 2, 3, 8, 4.6875)","(7, 2, 6, 11, 5.69231)",4,7,0,1
115777m,112777m,ツモ2m / 打5m,"(4, 2, 5, 8, 5.35714)","(8, 3, 0, 8, 4.30769)",4,8,0,0
115777m,113777m,ツモ3m / 打5m,"(4, 2, 5, 8, 5.35714)","(8, 3, 0, 8, 4.92308)",4,8,0,0
115777m,145777m,ツモ4m / 打1m,"(4, 2, 5, 8, 5.35714)","(8, 2, 2, 12, 6.46154)",4,8,0,1
115777m,156777m,ツモ6m / 打1m,"(4, 2, 5, 8, 5.35714)","(7, 3, 5, 16, 6.31818)",4,7,0,1
115789m,112789m,ツモ2m / 打5m,"(4, 2, 5, 8, 5.26667)","(8, 3, 0, 8, 4.57143)",4,8,0,0
115789m,113789m,ツモ3m / 打5m,"(4, 2, 5, 8, 5.26667)","(8, 3, 0, 8, 5.14286)",4,8,0,0
115789m,145789m,ツモ4m / 打1m,"(4, 2, 5, 8, 5.26667)","(8, 2, 2, 12, 6.46154)",4,8,0,1
115789m,156789m,ツモ6m / 打1m,"(4, 2, 5, 8, 5.26667)","(7, 2, 6, 11, 5.69231)",4,7,0,1
115888m,112888m,ツモ2m / 打5m,"(4, 2, 5, 8, 5.53846)","(8, 3, 0, 8, 4.30769)",4,8,0,0
115888m,113888m,ツモ3m / 打5m,"(4, 2, 5, 8, 5.53846)","(8, 3, 0, 8, 4.92308)",4,8,0,0
115888m,145888m,ツモ4m / 打1m,"(4, 2, 5, 8, 5.53846)","(8, 2, 2, 12, 6.46154)",4,8,0,1
115888m,156888m,ツモ6m / 打1m,"(4, 2, 5, 8, 5.53846)","(8, 2, 2, 12, 6.4)",4,8,0,1
115999m,112999m,ツモ2m / 打5m,"(4, 2, 5, 8, 5.53846)","(8, 3, 0, 8, 4.30769)",4,8,0,0
115999m,113999m,ツモ3m / 打5m,"(4, 2, 5, 8, 5.53846)","(8, 3, 0, 8, 4.92308)",4,8,0,0
115999m,145999m,ツモ4m / 打1m,"(4, 2, 5, 8, 5.53846)","(8, 2, 2, 12, 6.46154)",4,8,0,1
115999m,156999m,ツモ6m / 打1m,"(4, 2, 5, 8, 5.53846)","(8, 2, 2, 12, 6.4)",4,8,0,1
116666m,112666m,ツモ2m / 打6m,"(4, 2, 4, 8, 5.23077)","(8, 3, 0, 8, 4.30769)",4,8,0,0
116666m,113666m,ツモ3m / 打6m,"(4, 2, 4, 8, 5.23077)","(8, 3, 0, 8, 4.92308)",4,8,0,0
116666m,156666m,ツモ5m / 打1m,"(4, 2, 4, 8, 5.23077)","(8, 2, 1, 12, 6.15385)",4,8,0,1
116666m,166667m,ツモ7m / 打1m,"(4, 2, 4, 8, 5.23077)","(8, 2, 1, 12, 5.71429)",4,8,0,1
116667m,112666m,ツモ2m / 打7m,"(4, 2, 4, 8, 4.875)","(8, 3, 0, 8, 4.30769)",4,8,0,0
116667m,113666m,ツモ3m / 打7m,"(4, 2, 4, 8, 4.875)","(8, 3, 0, 8, 4.92308)",4,8,0,0
116667m,166667m,ツモ6m / 打1m,"(4, 2, 4, 8, 4.875)","(8, 2, 1, 12, 5.71429)",4,8,0,1
116667m,166678m,ツモ8m / 打1m,"(4, 2, 4, 8, 4.875)","(7, 3, 4, 16, 6.13636)",4,7,0,1
116668m,112666m,ツモ2m / 打8m,"(4, 2, 3, 8, 4.78571)","(8, 3, 0, 8, 4.30769)",4,8,0,0
116668m,113666m,ツモ3m / 打8m,"(4, 2, 3, 8, 4.78571)","(8, 3, 0, 8, 4.92308)",4,8,0,0
116668m,166678m,ツモ7m / 打1m,"(4, 2, 3, 8, 4.78571)","(7, 3, 4, 16, 6.13636)",4,7,0,1
116669m,112666m,ツモ2m / 打9m,"(4, 2, 2, 8, 4.66667)","(8, 3, 0, 8, 4.30769)",4,8,0,0
116669m,113666m,ツモ3m / 打9m,"(4, 2, 2, 8, 4.66667)","(8, 3, 0, 8, 4.92308)",4,8,0,0
116678m,112678m,ツモ2m / 打6m,"(4, 2, 5, 8, 4.88889)","(8, 3, 0, 8, 4.8)",4,8,0,0
116678m,113678m,ツモ3m / 打6m,"(4, 2, 5, 8, 4.88889)","(8, 3, 0, 8, 5.33333)",4,8,0,0
116678m,156678m,ツモ5m / 打1m,"(4, 2, 5, 8, 4.88889)","(7, 2, 5, 14, 6.08696)",4,7,0,1
116678m,166678m,ツモ6m / 打1m,"(4, 2, 5, 8, 4.88889)","(7, 3, 4, 16, 6.13636)",4,7,0,1
116678m,166778m,ツモ7m / 打1m,"(4, 2, 5, 8, 4.88889)","(7, 2, 3, 16, 6.15789)",4,7,0,1
116777m,112777m,ツモ2m / 打6m,"(4, 2, 4, 8, 4.875)","(8, 3, 0, 8, 4.30769)",4,8,0,0
116777m,113777m,ツモ3m / 打6m,"(4, 2, 4, 8, 4.875)","(8, 3, 0, 8, 4.92308)",4,8,0,0
116777m,156777m,ツモ5m / 打1m,"(4, 2, 4, 8, 4.875)","(7, 3, 5, 16, 6.31818)",4,7,0,1
116777m,167777m,ツモ7m / 打1m,"(4, 2, 4, 8, 4.875)","(8, 2, 1, 12, 5.71429)",4,8,0,1
116778m,112678m,ツモ2m / 打7m,"(4, 2, 6, 8, 5.05556)","(8, 3, 0, 8, 4.8)",4,8,0,0
116778m,113678m,ツモ3m / 打7m,"(4, 2, 6, 8, 5.05556)","(8, 3, 0, 8, 5.33333)",4,8,0,0
116778m,156778m,ツモ5m / 打1m,"(4, 2, 6, 8, 5.05556)","(7, 2, 7, 15, 6.6087)",4,7,0,1
116778m,166778m,ツモ6m / 打1m,"(4, 2, 6, 8, 5.05556)","(7, 2, 3, 16, 6.15789)",4,7,0,1
116778m,167788m,ツモ8m / 打1m,"(4, 2, 6, 8, 5.05556)","(7, 2, 3, 16, 6.27778)",4,7,0,1
116778m,167789m,ツモ9m / 打1m,"(4, 2, 6, 8, 5.05556)","(7, 2, 3, 11, 5.31818)",4,7,0,1
116788m,112678m,ツモ2m / 打8m,"(4, 2, 4, 8, 4.70588)","(8, 3, 0, 8, 4.8)",4,8,0,0
116788m,113678m,ツモ3m / 打8m,"(4, 2, 4, 8, 4.70588)","(8, 3, 0, 8, 5.33333)",4,8,0,0
116788m,167788m,ツモ7m / 打1m,"(4, 2, 4, 8, 4.70588)","(7, 2, 3, 16, 6.27778)",4,7,0,1
116788m,167888m,ツモ8m / 打1m,"(4, 2, 4, 8, 4.70588)","(7, 3, 3, 16, 5.59091)",4,7,0,1
116789m,112678m,ツモ2m / 打9m,"(4, 2, 6, 8, 4.91304)","(8, 3, 0, 8, 4.8)",4,8,0,0
116789m,113678m,ツモ3m / 打9m,"(4, 2, 6, 8, 4.91304)","(8, 3, 0, 8, 5.33333)",4,8,0,0
116789m,156789m,ツモ5m / 打1m,"(4, 2, 6, 8, 4.91304)","(7, 2, 6, 11, 5.69231)",4,7,0,1
116789m,167789m,ツモ7m / 打1m,"(4, 2, 6, 8, 4.91304)","(7, 2, 3, 11, 5.31818)",4,7,0,1
116888m,112888m,ツモ2m / 打6m,"(4, 2, 4, 8, 5)","(8, 3, 0, 8, 4.30769)",4,8,0,0
116888m,113888m,ツモ3m / 打6m,"(4, 2, 4, 8, 5)","(8, 3, 0, 8, 4.92308)",4,8,0,0
116888m,156888m,ツモ5m / 打1m,"(4, 2, 4, 8, 5)","(8, 2, 2, 12, 6.4)",4,8,0,1
116888m,167888m,ツモ7m / 打1m,"(4, 2, 4, 8, 5)","(7, 3, 3, 16, 5.59091)",4,7,0,1
116999m,112999m,ツモ2m / 打6m,"(4, 2, 4, 8, 5.14286)","(8, 3, 0, 8, 4.30769)",4,8,0,0
116999m,113999m,ツモ3m / 打6m,"(4, 2, 4, 8, 5.14286)","(8, 3, 0, 8, 4.92308)",4,8,0,0
116999m,156999m,ツモ5m / 打1m,"(4, 2, 4, 8, 5.14286)","(8, 2, 2, 12, 6.4)",4,8,0,1
116999m,167999m,ツモ7m / 打1m,"(4, 2, 4, 8, 5.14286)","(8, 2, 2, 12, 6)",4,8,0,1
117777m,112777m,ツモ2m / 打7m,"(4, 2, 4, 8, 5.23077)","(8, 3, 0, 8, 4.30769)",4,8,0,0
117777m,113777m,ツモ3m / 打7m,"(4, 2, 4, 8, 5.23077)","(8, 3, 0, 8, 4.92308)",4,8,0,0
117777m,167777m,ツモ6m / 打1m,"(4, 2, 4, 8, 5.23077)","(8, 2, 1, 12, 5.71429)",4,8,0,1
117777m,177778m,ツモ8m / 打1m,"(4, 2, 4, 8, 5.23077)","(8, 2, 1, 12, 5.84615)",4,8,0,1
117778m,112777m,ツモ2m / 打8m,"(4, 2, 3, 8, 4.66667)","(8, 3, 0, 8, 4.30769)",4,8,0,0
117778m,113777m,ツモ3m / 打8m,"(4, 2, 3, 8, 4.66667)","(8, 3, 0, 8, 4.92308)",4,8,0,0
117778m,177778m,ツモ7m / 打1m,"(4, 2, 3, 8, 4.66667)","(8, 2, 1, 12, 5.84615)",4,8,0,1
117779m,112777m,ツモ2m / 打9m,"(4, 2, 2, 8, 4.53846)","(8, 3, 0, 8, 4.30769)",4,8,0,0
117779m,113777m,ツモ3m / 打9m,"(4, 2, 2, 8, 4.53846)","(8, 3, 0, 8, 4.92308)",4,8,0,0
117789m,112789m,ツモ2m / 打7m,"(4, 2, 4, 8, 4.70588)","(8, 3, 0, 8, 4.57143)",4,8,0,0
117789m,113789m,ツモ3m / 打7m,"(4, 2, 4, 8, 4.70588)","(8, 3, 0, 8, 5.14286)",4,8,0,0
117789m,167789m,ツモ6m / 打1m,"(4, 2, 4, 8, 4.70588)","(7, 2, 3, 11, 5.31818)",4,7,0,1
117789m,177889m,ツモ8m / 打1m,"(4, 2, 4, 8, 4.70588)","(7, 2, 2, 12, 5.52941)",4,7,0,1
117888m,112888m,ツモ2m / 打7m,"(4, 2, 4, 8, 4.875)","(8, 3, 0, 8, 4.30769)",4,8,0,0
117888m,113888m,ツモ3m / 打7m,"(4, 2, 4, 8, 4.875)","(8, 3, 0, 8, 4.92308)",4,8,0,0
117888m,167888m,ツモ6m / 打1m,"(4, 2, 4, 8, 4.875)","(7, 3, 3, 16, 5.59091)",4,7,0,1
117888m,178888m,ツモ8m / 打1m,"(4, 2, 4, 8, 4.875)","(8, 2, 1, 12, 5.84615)",4,8,0,1
117889m,112789m,ツモ2m / 打8m,"(4, 2, 3, 8, 4.5)","(8, 3, 0, 8, 4.57143)",4,8,0,0
117889m,113789m,ツモ3m / 打8m,"(4, 2, 3, 8, 4.5)","(8, 3, 0, 8, 5.14286)",4,8,0,0
117889m,177889m,ツモ7m / 打1m,"(4, 2, 3, 8, 4.5)","(7, 2, 2, 12, 5.52941)",4,7,0,1
117899m,112789m,ツモ2m / 打9m,"(4, 2, 3, 8, 4.6)","(8, 3, 0, 8, 4.57143)",4,8,0,0
117899m,113789m,ツモ3m / 打9m,"(4, 2, 3, 8, 4.6)","(8, 3, 0, 8, 5.14286)",4,8,0,0
117899m,178999m,ツモ9m / 打1m,"(4, 2, 3, 8, 4.6)","(7, 3, 2, 12, 5.3)",4,7,0,1
117999m,112999m,ツモ2m / 打7m,"(4, 2, 4, 8, 5)","(8, 3, 0, 8, 4.30769)",4,8,0,0
117999m,113999m,ツモ3m / 打7m,"(4, 2, 4, 8, 5)","(8, 3, 0, 8, 4.92308)",4,8,0,0
117999m,167999m,ツモ6m / 打1m,"(4, 2, 4, 8, 5)","(8, 2, 2, 12, 6)",4,8,0,1
117999m,178999m,ツモ8m / 打1m,"(4, 2, 4, 8, 5)","(7, 3, 2, 12, 5.3)",4,7,0,1
118888m,112888m,ツモ2m / 打8m,"(4, 2, 3, 8, 5)","(8, 3, 0, 8, 4.30769)",4,8,0,0
118888m,113888m,ツモ3m / 打8m,"(4, 2, 3, 8, 5)","(8, 3, 0, 8, 4.92308)",4,8,0,0
118888m,178888m,ツモ7m / 打1m,"(4, 2, 3, 8, 5)","(8, 2, 1, 12, 5.84615)",4,8,0,1
118889m,112888m,ツモ2m / 打9m,"(4, 2, 2, 8, 4.53846)","(8, 3, 0, 8, 4.30769)",4,8,0,0
118889m,113888m,ツモ3m / 打9m,"(4, 2, 2, 8, 4.53846)","(8, 3, 0, 8, 4.92308)",4,8,0,0
118999m,112999m,ツモ2m / 打8m,"(4, 2, 3, 8, 4.78571)","(8, 3, 0, 8, 4.30769)",4,8,0,0
118999m,113999m,ツモ3m / 打8m,"(4, 2, 3, 8, 4.78571)","(8, 3, 0, 8, 4.92308)",4,8,0,0
118999m,178999m,ツモ7m / 打1m,"(4, 2, 3, 8, 4.78571)","(7, 3, 2, 12, 5.3)",4,7,0,1
119999m,112999m,ツモ2m / 打9m,"(4, 2, 2, 8, 4.72727)","(8, 3, 0, 8, 4.30769)",4,8,0,0
119999m,113999m,ツモ3m / 打9m,"(4, 2, 2, 8, 4.72727)","(8, 3, 0, 8, 4.92308)",4,8,0,0
122224m,112222m,ツモ1m / 打4m,"(4, 1, 5, 8, 5.25)","(8, 3, 0, 4, 4)",4,8,0,0
122224m,222244m,ツモ4m / 打1m,"(4, 1, 5, 8, 5.25)","(8, 3, 1, 12, 5.66667)",4,8,0,0
122224m,222245m,ツモ5m / 打1m,"(4, 1, 5, 8, 5.25)","(8, 2, 2, 12, 6.57143)",4,8,0,1
122224m,222246m,ツモ6m / 打1m,"(4, 1, 5, 8, 5.25)","(8, 2, 0, 8, 5.6)",4,8,0,0
122225m,112222m,ツモ1m / 打5m,"(4, 1, 5, 8, 5.33333)","(8, 3, 0, 4, 4)",4,8,0,0
122225m,222245m,ツモ4m / 打1m,"(4, 1, 5, 8, 5.33333)","(8, 2, 2, 12, 6.57143)",4,8,0,1
122225m,222256m,ツモ6m / 打1m,"(4, 1, 5, 8, 5.33333)","(8, 2, 2, 12, 7.07692)",4,8,0,1
122226m,112222m,ツモ1m / 打6m,"(4, 1, 6, 8, 5.41176)","(8, 3, 0, 4, 4)",4,8,0,0
122226m,222246m,ツモ4m / 打1m,"(4, 1, 6, 8, 5.41176)","(8, 2, 0, 8, 5.6)",4,8,0,0
122226m,222256m,ツモ5m / 打1m,"(4, 1, 6, 8, 5.41176)","(8, 2, 2, 12, 7.07692)",4,8,0,1
122226m,222267m,ツモ7m / 打1m,"(4, 1, 6, 8, 5.41176)","(8, 2, 2, 12, 6.93333)",4,8,0,1
122227m,112222m,ツモ1m / 打7m,"(4, 1, 5, 8, 5.11111)","(8, 3, 0, 4, 4)",4,8,0,0
122227m,222267m,ツモ6m / 打1m,"(4, 1, 5, 8, 5.11111)","(8, 2, 2, 12, 6.93333)",4,8,0,1
122227m,222278m,ツモ8m / 打1m,"(4, 1, 5, 8, 5.11111)","(8, 2, 2, 12, 6.66667)",4,8,0,1
122228m,112222m,ツモ1m / 打8m,"(4, 1, 3, 8, 4.75)","(8, 3, 0, 4, 4)",4,8,0,0
122228m,222278m,ツモ7m / 打1m,"(4, 1, 3, 8, 4.75)","(8, 2, 2, 12, 6.66667)",4,8,0,1
122229m,112222m,ツモ1m / 打9m,"(4, 1, 1, 8, 4.28571)","(8, 3, 0, 4, 4)",4,8,0,0
122234m,222344m,ツモ4m / 打1m,"(10, 4, 1, 12, 5.36842)","(12, 5, 0, 10, 5.66667)",10,12,1,1
122235m,112223m,ツモ1m / 打5m,"(7, 3, 8, 12, 5.61905)","(8, 4, 1, 10, 4.16667)",7,8,0,0
122235m,122233m,ツモ3m / 打5m,"(7, 3, 8, 12, 5.61905)","(12, 5, 0, 8, 5.2)",7,12,0,1
122235m,222355m,ツモ5m / 打1m,"(7, 3, 8, 12, 5.61905)","(8, 3, 1, 12, 6.21429)",7,8,0,0
122235m,222356m,ツモ6m / 打1m,"(7, 3, 8, 12, 5.61905)","(8, 2, 2, 12, 7)",7,8,0,1
122235m,222357m,ツモ7m / 打1m,"(7, 3, 8, 12, 5.61905)","(8, 2, 0, 8, 6)",7,8,0,0
122236m,112223m,ツモ1m / 打6m,"(3, 2, 22, 12, 5.92308)","(8, 4, 1, 10, 4.16667)",3,8,0,0
122236m,122233m,ツモ3m / 打6m,"(3, 2, 22, 12, 5.92308)","(12, 5, 0, 8, 5.2)",3,12,0,1
122236m,122234m,ツモ4m / 打6m,"(3, 2, 22, 12, 5.92308)","(10, 4, 1, 12, 5.36842)",3,10,0,1
122236m,222356m,ツモ5m / 打1m,"(3, 2, 22, 12, 5.92308)","(8, 2, 2, 12, 7)",3,8,0,1
122236m,222366m,ツモ6m / 打1m,"(3, 2, 22, 12, 5.92308)","(4, 2, 8, 12, 6.375)",3,4,0,0
122236m,222367m,ツモ7m / 打1m,"(3, 2, 22, 12, 5.92308)","(8, 2, 2, 12, 6.73684)",3,8,0,1
122236m,222368m,ツモ8m / 打1m,"(3, 2, 22, 12, 5.92308)","(4, 1, 9, 8, 5.45455)",3,4,0,0
122237m,112223m,ツモ1m / 打7m,"(3, 2, 23, 12, 5.78571)","(8, 4, 1, 10, 4.16667)",3,8,0,0
122237m,122233m,ツモ3m / 打7m,"(3, 2, 23, 12, 5.78571)","(12, 5, 0, 8, 5.2)",3,12,0,1
122237m,122234m,ツモ4m / 打7m,"(3, 2, 23, 12, 5.78571)","(10, 4, 1, 12, 5.36842)",3,10,0,1
122237m,222357m,ツモ5m / 打1m,"(3, 2, 23, 12, 5.78571)","(8, 2, 0, 8, 6)",3,8,0,0
122237m,222367m,ツモ6m / 打1m,"(3, 2, 23, 12, 5.78571)","(8, 2, 2, 12, 6.73684)",3,8,0,1
122237m,222377m,ツモ7m / 打1m,"(3, 2, 23, 12, 5.78571)","(4, 2, 9, 12, 6.47059)",3,4,0,0
122237m,222378m,ツモ8m / 打1m,"(3, 2, 23, 12, 5.78571)","(8, 2, 2, 12, 6.8)",3,8,0,1
122237m,222379m,ツモ9m / 打1m,"(3, 2, 23, 12, 5.78571)","(4, 1, 10, 8, 5.63636)",3,4,0,0
122238m,112223m,ツモ1m / 打8m,"(3, 2, 21, 12, 5.30769)","(8, 4, 1, 10, 4.16667)",3,8,0,0
122238m,122233m,ツモ3m / 打8m,"(3, 2, 21, 12, 5.30769)","(12, 5, 0, 8, 5.2)",3,12,0,1
122238m,122234m,ツモ4m / 打8m,"(3, 2, 21, 12, 5.30769)","(10, 4, 1, 12, 5.36842)",3,10,0,1
122238m,122235m,ツモ5m / 打8m,"(3, 2, 21, 12, 5.30769)","(7, 3, 8, 12, 5.61905)",3,7,0,0
122238m,222368m,ツモ6m / 打1m,"(3, 2, 21, 12, 5.30769)","(4, 1, 9, 8, 5.45455)",3,4,0,0
122238m,222378m,ツモ7m / 打1m,"(3, 2, 21, 12, 5.30769)","(8, 2, 2, 12, 6.8)",3,8,0,1
122238m,222388m,ツモ8m / 打1m,"(3, 2, 21, 12, 5.30769)","(4, 2, 6, 12, 5.52941)",3,4,0,0
122238m,222389m,ツモ9m / 打1m,"(3, 2, 21, 12, 5.30769)","(4, 1, 6, 8, 4.90909)",3,4,0,0
122239m,112223m,ツモ1m / 打9m,"(3, 2, 18, 12, 4.95652)","(8, 4, 1, 10, 4.16667)",3,8,0,0
122239m,122233m,ツモ3m / 打9m,"(3, 2, 18, 12, 4.95652)","(12, 5, 0, 8, 5.2)",3,12,0,1
122239m,122234m,ツモ4m / 打9m,"(3, 2, 18, 12, 4.95652)","(10, 4, 1, 12, 5.36842)",3,10,0,1
122239m,122235m,ツモ5m / 打9m,"(3, 2, 18, 12, 4.95652)","(7, 3, 8, 12, 5.61905)",3,7,0,0
122239m,222379m,ツモ7m / 打1m,"(3, 2, 18, 12, 4.95652)","(4, 1, 10, 8, 5.63636)",3,4,0,0
122239m,222389m,ツモ8m / 打1m,"(3, 2, 18, 12, 4.95652)","(4, 1, 6, 8, 4.90909)",3,4,0,0
122239m,222399m,ツモ9m / 打1m,"(3, 2, 18, 12, 4.95652)","(4, 2, 4, 8, 4.875)",3,4,0,0
122244m,222244m,ツモ2m / 打1m,"(4, 2, 7, 12, 6.84615)","(8, 3, 1, 12, 5.66667)",4,8,0,0
122244m,222344m,ツモ3m / 打1m,"(4, 2, 7, 12, 6.84615)","(12, 5, 0, 10, 5.66667)",4,12,0,1
122244m,222445m,ツモ5m / 打1m,"(4, 2, 7, 12, 6.84615)","(12, 4, 0, 12, 6.90909)",4,12,0,1
122244m,222446m,ツモ6m / 打1m,"(4, 2, 7, 12, 6.84615)","(8, 3, 1, 12, 6.42857)",4,8,0,0
122245m,222445m,ツモ4m / 打1m,"(8, 2, 2, 12, 6.46154)","(12, 4, 0, 12, 6.90909)",8,12,1,1
122245m,222455m,ツモ5m / 打1m,"(8, 2, 2, 12, 6.46154)","(12, 4, 0, 12, 6.90909)",8,12,1,1
122246m,122234m,ツモ3m / 打6m,"(4, 1, 9, 10, 5.94444)","(10, 4, 1, 12, 5.36842)",4,10,0,1
122246m,222246m,ツモ2m / 打1m,"(4, 1, 9, 10, 5.94444)","(8, 2, 0, 8, 5.6)",4,8,0,0
122246m,222446m,ツモ4m / 打1m,"(4, 1, 9, 10, 5.94444)","(8, 3, 1, 12, 6.42857)",4,8,0,0
122246m,222466m,ツモ6m / 打1m,"(4, 1, 9, 10, 5.94444)","(8, 3, 1, 12, 6.21429)",4,8,0,0
122246m,222467m,ツモ7m / 打1m,"(4, 1, 9, 10, 5.94444)","(8, 2, 2, 12, 7)",4,8,0,1
122246m,222468m,ツモ8m / 打1m,"(4, 1, 9, 10, 5.94444)","(8, 2, 0, 8, 5.44444)",4,8,0,0
122255m,222355m,ツモ3m / 打1m,"(4, 2, 7, 12, 6.5)","(8, 3, 1, 12, 6.21429)",4,8,0,0
122255m,222455m,ツモ4m / 打1m,"(4, 2, 7, 12, 6.5)","(12, 4, 0, 12, 6.90909)",4,12,0,1
122255m,222556m,ツモ6m / 打1m,"(4, 2, 7, 12, 6.5)","(12, 4, 0, 12, 6.90909)",4,12,0,1
122255m,222557m,ツモ7m / 打1m,"(4, 2, 7, 12, 6.5)","(8, 3, 1, 12, 6.46154)",4,8,0,0
122256m,222556m,ツモ5m / 打1m,"(8, 2, 2, 12, 6.375)","(12, 4, 0, 12, 6.90909)",8,12,1,1
122256m,222566m,ツモ6m / 打1m,"(8, 2, 2, 12, 6.375)","(12, 4, 0, 12, 6.90909)",8,12,1,1
122257m,222357m,ツモ3m / 打1m,"(4, 1, 9, 8, 5.78947)","(8, 2, 0, 8, 6)",4,8,0,0
122257m,222457m,ツモ4m / 打1m,"(4, 1, 9, 8, 5.78947)","(8, 2, 2, 12, 7.05882)",4,8,0,1
122257m,222557m,ツモ5m / 打1m,"(4, 1, 9, 8, 5.78947)","(8, 3, 1, 12, 6.46154)",4,8,0,0
122257m,222577m,ツモ7m / 打1m,"(4, 1, 9, 8, 5.78947)","(8, 3, 1, 12, 6.46154)",4,8,0,0
122257m,222578m,ツモ8m / 打1m,"(4, 1, 9, 8, 5.78947)","(8, 2, 2, 12, 7.25)",4,8,0,1
122257m,222579m,ツモ9m / 打1m,"(4, 1, 9, 8, 5.78947)","(8, 2, 0, 8, 5.75)",4,8,0,0
122266m,222466m,ツモ4m / 打1m,"(4, 2, 6, 12, 6.06667)","(8, 3, 1, 12, 6.21429)",4,8,0,0
122266m,222566m,ツモ5m / 打1m,"(4, 2, 6, 12, 6.06667)","(12, 4, 0, 12, 6.90909)",4,12,0,1
122266m,222667m,ツモ7m / 打1m,"(4, 2, 6, 12, 6.06667)","(12, 4, 0, 12, 6.90909)",4,12,0,1
122266m,222668m,ツモ8m / 打1m,"(4, 2, 6, 12, 6.06667)","(8, 3, 1, 12, 5.84615)",4,8,0,0
122267m,222667m,ツモ6m / 打1m,"(8, 2, 2, 12, 6)","(12, 4, 0, 12, 6.90909)",8,12,1,1
122267m,222677m,ツモ7m / 打1m,"(8, 2, 2, 12, 6)","(12, 4, 0, 12, 6.90909)",8,12,1,1
122268m,222468m,ツモ4m / 打1m,"(4, 1, 5, 8, 4.94737)","(8, 2, 0, 8, 5.44444)",4,8,0,0
122268m,222568m,ツモ5m / 打1m,"(4, 1, 5, 8, 4.94737)","(8, 2, 2, 12, 6.5)",4,8,0,1
122268m,222668m,ツモ6m / 打1m,"(4, 1, 5, 8, 4.94737)","(8, 3, 1, 12, 5.84615)",4,8,0,0
122268m,222688m,ツモ8m / 打1m,"(4, 1, 5, 8, 4.94737)","(8, 3, 0, 8, 5.23077)",4,8,0,0
122277m,222577m,ツモ5m / 打1m,"(4, 2, 6, 12, 6.06667)","(8, 3, 1, 12, 6.46154)",4,8,0,0
122277m,222677m,ツモ6m / 打1m,"(4, 2, 6, 12, 6.06667)","(12, 4, 0, 12, 6.90909)",4,12,0,1
122277m,222778m,ツモ8m / 打1m,"(4, 2, 6, 12, 6.06667)","(12, 4, 0, 12, 6.90909)",4,12,0,1
122277m,222779m,ツモ9m / 打1m,"(4, 2, 6, 12, 6.06667)","(8, 3, 1, 12, 5.84615)",4,8,0,0
122278m,222778m,ツモ7m / 打1m,"(8, 2, 2, 12, 6.125)","(12, 4, 0, 12, 6.90909)",8,12,1,1
122278m,222788m,ツモ8m / 打1m,"(8, 2, 2, 12, 6.125)","(12, 4, 0, 12, 6.54545)",8,12,1,1
122279m,222579m,ツモ5m / 打1m,"(4, 1, 5, 8, 5)","(8, 2, 0, 8, 5.75)",4,8,0,0
122279m,222679m,ツモ6m / 打1m,"(4, 1, 5, 8, 5)","(8, 2, 2, 12, 6.66667)",4,8,0,1
122279m,222779m,ツモ7m / 打1m,"(4, 1, 5, 8, 5)","(8, 3, 1, 12, 5.84615)",4,8,0,0
122279m,222799m,ツモ9m / 打1m,"(4, 1, 5, 8, 5)","(8, 3, 0, 8, 4.92308)",4,8,0,0
122288m,222688m,ツモ6m / 打1m,"(4, 2, 4, 12, 5.35714)","(8, 3, 0, 8, 5.23077)",4,8,0,0
122288m,222788m,ツモ7m / 打1m,"(4, 2, 4, 12, 5.35714)","(12, 4, 0, 12, 6.54545)",4,12,0,1
122288m,222889m,ツモ9m / 打1m,"(4, 2, 4, 12, 5.35714)","(8, 3, 0, 8, 4.61538)",4,8,0,0
122289m,222889m,ツモ8m / 打1m,"(4, 1, 2, 8, 4.35294)","(8, 3, 0, 8, 4.61538)",4,8,0,0
122289m,222899m,ツモ9m / 打1m,"(4, 1, 2, 8, 4.35294)","(8, 3, 0, 8, 4.30769)",4,8,0,0
122299m,222799m,ツモ7m / 打1m,"(4, 2, 2, 8, 4.53846)","(8, 3, 0, 8, 4.92308)",4,8,0,0
122299m,222899m,ツモ8m / 打1m,"(4, 2, 2, 8, 4.53846)","(8, 3, 0, 8, 4.30769)",4,8,0,0
122335m,122233m,ツモ2m / 打5m,"(7, 2, 7, 12, 7)","(12, 5, 0, 8, 5.2)",7,12,1,1
122335m,122333m,ツモ3m / 打5m,"(7, 2, 7, 12, 7)","(12, 5, 0, 7, 4.93333)",7,12,1,1
122335m,123355m,ツモ5m / 打2m,"(7, 2, 7, 12, 7)","(8, 3, 1, 12, 5.93333)",7,8,1,0
122335m,123356m,ツモ6m / 打2m,"(7, 2, 7, 12, 7)","(8, 2, 2, 12, 6.84211)",7,8,1,1
122335m,123357m,ツモ7m / 打2m,"(7, 2, 7, 12, 7)","(8, 2, 0, 8, 5.7)",7,8,1,0
122336m,122233m,ツモ2m / 打6m,"(7, 2, 6, 12, 6.33333)","(12, 5, 0, 8, 5.2)",7,12,1,1
122336m,122333m,ツモ3m / 打6m,"(7, 2, 6, 12, 6.33333)","(12, 5, 0, 7, 4.93333)",7,12,1,1
122336m,123356m,ツモ5m / 打2m,"(7, 2, 6, 12, 6.33333)","(8, 2, 2, 12, 6.84211)",7,8,1,1
122336m,123367m,ツモ7m / 打2m,"(7, 2, 6, 12, 6.33333)","(8, 2, 2, 12, 6.6)",7,8,1,1
122337m,122233m,ツモ2m / 打7m,"(7, 2, 7, 12, 6.3)","(12, 5, 0, 8, 5.2)",7,12,1,1
122337m,122333m,ツモ3m / 打7m,"(7, 2, 7, 12, 6.3)","(12, 5, 0, 7, 4.93333)",7,12,1,1
122337m,123357m,ツモ5m / 打2m,"(7, 2, 7, 12, 6.3)","(8, 2, 0, 8, 5.7)",7,8,1,0
122337m,123367m,ツモ6m / 打2m,"(7, 2, 7, 12, 6.3)","(8, 2, 2, 12, 6.6)",7,8,1,1
122337m,123378m,ツモ8m / 打2m,"(7, 2, 7, 12, 6.3)","(8, 2, 2, 12, 6.66667)",7,8,1,1
122338m,122233m,ツモ2m / 打8m,"(7, 2, 4, 12, 5.78947)","(12, 5, 0, 8, 5.2)",7,12,1,1
122338m,122333m,ツモ3m / 打8m,"(7, 2, 4, 12, 5.78947)","(12, 5, 0, 7, 4.93333)",7,12,1,1
122338m,123378m,ツモ7m / 打2m,"(7, 2, 4, 12, 5.78947)","(8, 2, 2, 12, 6.66667)",7,8,1,1
122339m,122233m,ツモ2m / 打9m,"(7, 2, 2, 12, 5.52941)","(12, 5, 0, 8, 5.2)",7,12,1,1
122339m,122333m,ツモ3m / 打9m,"(7, 2, 2, 12, 5.52941)","(12, 5, 0, 7, 4.93333)",7,12,1,1
122344m,123446m,ツモ6m / 打2m,"(7, 3, 6, 12, 6.2)","(8, 3, 1, 11, 6.73684)",7,8,0,0
122344m,222344m,ツモ2m / 打1m,"(7, 3, 6, 12, 6.2)","(12, 5, 0, 10, 5.66667)",7,12,0,1
122344m,223445m,ツモ5m / 打1m,"(7, 3, 6, 12, 6.2)","(11, 4, 2, 14, 7.17647)",7,11,0,1
122346m,112346m,ツモ1m / 打2m,"(7, 2, 8, 10, 5.78261)","(8, 3, 1, 11, 6)",7,8,0,0
122346m,122234m,ツモ2m / 打6m,"(7, 2, 8, 10, 5.78261)","(10, 4, 1, 12, 5.36842)",7,10,0,1
122346m,123446m,ツモ4m / 打2m,"(7, 2, 8, 10, 5.78261)","(8, 3, 1, 11, 6.73684)",7,8,0,0
122346m,123466m,ツモ6m / 打2m,"(7, 2, 8, 10, 5.78261)","(8, 3, 2, 12, 6.63158)",7,8,0,0
122346m,123467m,ツモ7m / 打2m,"(7, 2, 8, 10, 5.78261)","(8, 2, 4, 12, 7.5)",7,8,0,1
122346m,123468m,ツモ8m / 打2m,"(7, 2, 8, 10, 5.78261)","(8, 2, 0, 8, 5.66667)",7,8,0,0
122347m,112234m,ツモ1m / 打7m,"(3, 1, 23, 11, 5.82143)","(7, 3, 5, 11, 5.4)",3,7,0,0
122347m,122234m,ツモ2m / 打7m,"(3, 1, 23, 11, 5.82143)","(10, 4, 1, 12, 5.36842)",3,10,0,1
122347m,122344m,ツモ4m / 打7m,"(3, 1, 23, 11, 5.82143)","(7, 3, 6, 12, 6.2)",3,7,0,0
122347m,122345m,ツモ5m / 打7m,"(3, 1, 23, 11, 5.82143)","(11, 4, 0, 11, 6.36842)",3,11,0,1
122347m,123467m,ツモ6m / 打2m,"(3, 1, 23, 11, 5.82143)","(8, 2, 4, 12, 7.5)",3,8,0,1
122347m,123477m,ツモ7m / 打2m,"(3, 1, 23, 11, 5.82143)","(4, 2, 12, 12, 6.65217)",3,4,0,0
122347m,123478m,ツモ8m / 打2m,"(3, 1, 23, 11, 5.82143)","(8, 2, 4, 12, 7.12)",3,8,0,1
122347m,123479m,ツモ9m / 打2m,"(3, 1, 23, 11, 5.82143)","(4, 1, 13, 8, 5.58621)",3,4,0,0
122348m,112234m,ツモ1m / 打8m,"(3, 1, 22, 11, 5.44444)","(7, 3, 5, 11, 5.4)",3,7,0,0
122348m,122234m,ツモ2m / 打8m,"(3, 1, 22, 11, 5.44444)","(10, 4, 1, 12, 5.36842)",3,10,0,1
122348m,122344m,ツモ4m / 打8m,"(3, 1, 22, 11, 5.44444)","(7, 3, 6, 12, 6.2)",3,7,0,0
122348m,122345m,ツモ5m / 打8m,"(3, 1, 22, 11, 5.44444)","(11, 4, 0, 11, 6.36842)",3,11,0,1
122348m,123468m,ツモ6m / 打2m,"(3, 1, 22, 11, 5.44444)","(8, 2, 0, 8, 5.66667)",3,8,0,0
122348m,123478m,ツモ7m / 打2m,"(3, 1, 22, 11, 5.44444)","(8, 2, 4, 12, 7.12)",3,8,0,1
122348m,123488m,ツモ8m / 打2m,"(3, 1, 22, 11, 5.44444)","(4, 2, 10, 12, 5.95652)",3,4,0,0
122348m,123489m,ツモ9m / 打2m,"(3, 1, 22, 11, 5.44444)","(4, 1, 9, 8, 5.03448)",3,4,0,0
122349m,112234m,ツモ1m / 打9m,"(3, 1, 20, 11, 4.92)","(7, 3, 5, 11, 5.4)",3,7,0,0
122349m,122234m,ツモ2m / 打9m,"(3, 1, 20, 11, 4.92)","(10, 4, 1, 12, 5.36842)",3,10,0,1
122349m,122344m,ツモ4m / 打9m,"(3, 1, 20, 11, 4.92)","(7, 3, 6, 12, 6.2)",3,7,0,0
122349m,122345m,ツモ5m / 打9m,"(3, 1, 20, 11, 4.92)","(11, 4, 0, 11, 6.36842)",3,11,0,1
122349m,122346m,ツモ6m / 打9m,"(3, 1, 20, 11, 4.92)","(7, 2, 8, 10, 5.78261)",3,7,0,0
122349m,123479m,ツモ7m / 打2m,"(3, 1, 20, 11, 4.92)","(4, 1, 13, 8, 5.58621)",3,4,0,0
122349m,123489m,ツモ8m / 打2m,"(3, 1, 20, 11, 4.92)","(4, 1, 9, 8, 5.03448)",3,4,0,0
122349m,123499m,ツモ9m / 打2m,"(3, 1, 20, 11, 4.92)","(4, 2, 6, 8, 4.91304)",3,4,0,0
122355m,123355m,ツモ3m / 打2m,"(4, 2, 10, 12, 6.8125)","(8, 3, 1, 12, 5.93333)",4,8,0,0
122355m,123455m,ツモ4m / 打2m,"(4, 2, 10, 12, 6.8125)","(11, 4, 0, 11, 6.63158)",4,11,0,1
122355m,123556m,ツモ6m / 打2m,"(4, 2, 10, 12, 6.8125)","(12, 4, 0, 12, 6.90909)",4,12,0,1
122355m,123557m,ツモ7m / 打2m,"(4, 2, 10, 12, 6.8125)","(8, 3, 1, 11, 6.26667)",4,8,0,0
122355m,222355m,ツモ2m / 打1m,"(4, 2, 10, 12, 6.8125)","(8, 3, 1, 12, 6.21429)",4,8,0,0
122356m,123556m,ツモ5m / 打2m,"(8, 2, 2, 12, 6.70588)","(12, 4, 0, 12, 6.90909)",8,12,1,1
122356m,123566m,ツモ6m / 打2m,"(8, 2, 2, 12, 6.70588)","(12, 4, 0, 12, 6.90909)",8,12,1,1
122357m,122345m,ツモ4m / 打7m,"(4, 1, 13, 11, 6.13636)","(11, 4, 0, 11, 6.36842)",4,11,0,1
122357m,123357m,ツモ3m / 打2m,"(4, 1, 13, 11, 6.13636)","(8, 2, 0, 8, 5.7)",4,8,0,0
122357m,123557m,ツモ5m / 打2m,"(4, 1, 13, 11, 6.13636)","(8, 3, 1, 11, 6.26667)",4,8,0,0
122357m,123577m,ツモ7m / 打2m,"(4, 1, 13, 11, 6.13636)","(8, 3, 1, 12, 6.33333)",4,8,0,0
122357m,123578m,ツモ8m / 打2m,"(4, 1, 13, 11, 6.13636)","(8, 2, 2, 12, 7.22222)",4,8,0,1
122357m,123579m,ツモ9m / 打2m,"(4, 1, 13, 11, 6.13636)","(8, 2, 0, 8, 5.66667)",4,8,0,0
122357m,222357m,ツモ2m / 打1m,"(4, 1, 13, 11, 6.13636)","(8, 2, 0, 8, 6)",4,8,0,0
122366m,122336m,ツモ3m / 打6m,"(4, 2, 8, 12, 6.11765)","(7, 2, 6, 12, 6.33333)",4,7,0,1
122366m,123466m,ツモ4m / 打2m,"(4, 2, 8, 12, 6.11765)","(8, 3, 2, 12, 6.63158)",4,8,0,0
122366m,123566m,ツモ5m / 打2m,"(4, 2, 8, 12, 6.11765)","(12, 4, 0, 12, 6.90909)",4,12,0,1
122366m,123667m,ツモ7m / 打2m,"(4, 2, 8, 12, 6.11765)","(12, 4, 0, 12, 7.33333)",4,12,0,1
122366m,123668m,ツモ8m / 打2m,"(4, 2, 8, 12, 6.11765)","(8, 3, 1, 12, 6)",4,8,0,0
122367m,123667m,ツモ6m / 打2m,"(8, 2, 2, 12, 6.4)","(12, 4, 0, 12, 7.33333)",8,12,1,1
122367m,123677m,ツモ7m / 打2m,"(8, 2, 2, 12, 6.4)","(12, 4, 0, 12, 7.33333)",8,12,1,1
122368m,122336m,ツモ3m / 打8m,"(4, 1, 8, 8, 5.09091)","(7, 2, 6, 12, 6.33333)",4,7,0,1
122368m,122356m,ツモ5m / 打8m,"(4, 1, 8, 8, 5.09091)","(8, 2, 2, 12, 6.70588)",4,8,0,1
122368m,123468m,ツモ4m / 打2m,"(4, 1, 8, 8, 5.09091)","(8, 2, 0, 8, 5.66667)",4,8,0,0
122368m,123668m,ツモ6m / 打2m,"(4, 1, 8, 8, 5.09091)","(8, 3, 1, 12, 6)",4,8,0,0
122368m,123688m,ツモ8m / 打2m,"(4, 1, 8, 8, 5.09091)","(8, 3, 0, 8, 5.42857)",4,8,0,0
122377m,122337m,ツモ3m / 打7m,"(4, 2, 7, 12, 5.77778)","(7, 2, 7, 12, 6.3)",4,7,0,1
122377m,123577m,ツモ5m / 打2m,"(4, 2, 7, 12, 5.77778)","(8, 3, 1, 12, 6.33333)",4,8,0,0
122377m,123677m,ツモ6m / 打2m,"(4, 2, 7, 12, 5.77778)","(12, 4, 0, 12, 7.33333)",4,12,0,1
122377m,123778m,ツモ8m / 打2m,"(4, 2, 7, 12, 5.77778)","(12, 4, 0, 12, 7.33333)",4,12,0,1
122377m,123779m,ツモ9m / 打2m,"(4, 2, 7, 12, 5.77778)","(8, 3, 1, 12, 6)",4,8,0,0
122378m,123778m,ツモ7m / 打2m,"(8, 2, 2, 12, 6.2)","(12, 4, 0, 12, 7.33333)",8,12,1,1
122378m,123788m,ツモ8m / 打2m,"(8, 2, 2, 12, 6.2)","(12, 4, 0, 12, 7)",8,12,1,1
122379m,122337m,ツモ3m / 打9m,"(4, 1, 7, 8, 4.90909)","(7, 2, 7, 12, 6.3)",4,7,0,1
122379m,123579m,ツモ5m / 打2m,"(4, 1, 7, 8, 4.90909)","(8, 2, 0, 8, 5.66667)",4,8,0,0
122379m,123679m,ツモ6m / 打2m,"(4, 1, 7, 8, 4.90909)","(8, 2, 2, 12, 6.75)",4,8,0,1
122379m,123779m,ツモ7m / 打2m,"(4, 1, 7, 8, 4.90909)","(8, 3, 1, 12, 6)",4,8,0,0
122379m,123799m,ツモ9m / 打2m,"(4, 1, 7, 8, 4.90909)","(8, 3, 0, 8, 5.14286)",4,8,0,0
122388m,122338m,ツモ3m / 打8m,"(4, 2, 5, 12, 5.17647)","(7, 2, 4, 12, 5.78947)",4,7,0,1
122388m,123688m,ツモ6m / 打2m,"(4, 2, 5, 12, 5.17647)","(8, 3, 0, 8, 5.42857)",4,8,0,0
122388m,123788m,ツモ7m / 打2m,"(4, 2, 5, 12, 5.17647)","(12, 4, 0, 12, 7)",4,12,0,1
122388m,123889m,ツモ9m / 打2m,"(4, 2, 5, 12, 5.17647)","(8, 3, 0, 8, 4.85714)",4,8,0,0
122389m,122338m,ツモ3m / 打9m,"(4, 1, 4, 8, 4.38095)","(7, 2, 4, 12, 5.78947)",4,7,0,1
122389m,123889m,ツモ8m / 打2m,"(4, 1, 4, 8, 4.38095)","(8, 3, 0, 8, 4.85714)",4,8,0,0
122389m,123899m,ツモ9m / 打2m,"(4, 1, 4, 8, 4.38095)","(8, 3, 0, 8, 4.57143)",4,8,0,0
122399m,122339m,ツモ3m / 打9m,"(4, 2, 3, 8, 4.5)","(7, 2, 2, 12, 5.52941)",4,7,0,1
122399m,123799m,ツモ7m / 打2m,"(4, 2, 3, 8, 4.5)","(8, 3, 0, 8, 5.14286)",4,8,0,0
122399m,123899m,ツモ8m / 打2m,"(4, 2, 3, 8, 4.5)","(8, 3, 0, 8, 4.57143)",4,8,0,0
123334m,112334m,ツモ1m / 打3m,"(10, 4, 3, 12, 5.78947)","(11, 4, 0, 11, 5.82353)",10,11,1,1
123334m,233344m,ツモ4m / 打1m,"(10, 4, 3, 12, 5.78947)","(12, 5, 0, 11, 5.93333)",10,12,1,1
123335m,112333m,ツモ1m / 打5m,"(7, 3, 7, 12, 5.61905)","(8, 4, 2, 11, 4.61111)",7,8,0,0
123335m,122333m,ツモ2m / 打5m,"(7, 3, 7, 12, 5.61905)","(12, 5, 0, 7, 4.93333)",7,12,0,1
123335m,123355m,ツモ5m / 打3m,"(7, 3, 7, 12, 5.61905)","(8, 3, 1, 12, 5.93333)",7,8,0,0
123335m,123357m,ツモ7m / 打3m,"(7, 3, 7, 12, 5.61905)","(8, 2, 0, 8, 5.7)",7,8,0,0
123335m,233356m,ツモ6m / 打1m,"(7, 3, 7, 12, 5.61905)","(8, 2, 2, 12, 6.875)",7,8,0,1
123336m,112333m,ツモ1m / 打6m,"(3, 2, 22, 12, 5.92308)","(8, 4, 2, 11, 4.61111)",3,8,0,0
123336m,122333m,ツモ2m / 打6m,"(3, 2, 22, 12, 5.92308)","(12, 5, 0, 7, 4.93333)",3,12,0,1
123336m,123334m,ツモ4m / 打6m,"(3, 2, 22, 12, 5.92308)","(10, 4, 3, 12, 5.78947)",3,10,0,1
123336m,123367m,ツモ7m / 打3m,"(3, 2, 22, 12, 5.92308)","(8, 2, 2, 12, 6.6)",3,8,0,1
123336m,123368m,ツモ8m / 打3m,"(3, 2, 22, 12, 5.92308)","(4, 1, 9, 8, 5.21739)",3,4,0,0
123336m,233356m,ツモ5m / 打1m,"(3, 2, 22, 12, 5.92308)","(8, 2, 2, 12, 6.875)",3,8,0,1
123336m,233366m,ツモ6m / 打1m,"(3, 2, 22, 12, 5.92308)","(4, 2, 8, 12, 6.375)",3,4,0,0
123337m,112333m,ツモ1m / 打7m,"(3, 2, 23, 12, 5.78571)","(8, 4, 2, 11, 4.61111)",3,8,0,0
123337m,122333m,ツモ2m / 打7m,"(3, 2, 23, 12, 5.78571)","(12, 5, 0, 7, 4.93333)",3,12,0,1
123337m,123334m,ツモ4m / 打7m,"(3, 2, 23, 12, 5.78571)","(10, 4, 3, 12, 5.78947)",3,10,0,1
123337m,123357m,ツモ5m / 打3m,"(3, 2, 23, 12, 5.78571)","(8, 2, 0, 8, 5.7)",3,8,0,0
123337m,123367m,ツモ6m / 打3m,"(3, 2, 23, 12, 5.78571)","(8, 2, 2, 12, 6.6)",3,8,0,1
123337m,123377m,ツモ7m / 打3m,"(3, 2, 23, 12, 5.78571)","(4, 2, 9, 12, 6.22222)",3,4,0,0
123337m,123378m,ツモ8m / 打3m,"(3, 2, 23, 12, 5.78571)","(8, 2, 2, 12, 6.66667)",3,8,0,1
123337m,123379m,ツモ9m / 打3m,"(3, 2, 23, 12, 5.78571)","(4, 1, 10, 8, 5.3913)",3,4,0,0
123338m,112333m,ツモ1m / 打8m,"(3, 2, 21, 12, 5.30769)","(8, 4, 2, 11, 4.61111)",3,8,0,0
123338m,122333m,ツモ2m / 打8m,"(3, 2, 21, 12, 5.30769)","(12, 5, 0, 7, 4.93333)",3,12,0,1
123338m,123334m,ツモ4m / 打8m,"(3, 2, 21, 12, 5.30769)","(10, 4, 3, 12, 5.78947)",3,10,0,1
123338m,123335m,ツモ5m / 打8m,"(3, 2, 21, 12, 5.30769)","(7, 3, 7, 12, 5.61905)",3,7,0,0
123338m,123368m,ツモ6m / 打3m,"(3, 2, 21, 12, 5.30769)","(4, 1, 9, 8, 5.21739)",3,4,0,0
123338m,123378m,ツモ7m / 打3m,"(3, 2, 21, 12, 5.30769)","(8, 2, 2, 12, 6.66667)",3,8,0,1
123338m,123388m,ツモ8m / 打3m,"(3, 2, 21, 12, 5.30769)","(4, 2, 6, 12, 5.33333)",3,4,0,0
123338m,123389m,ツモ9m / 打3m,"(3, 2, 21, 12, 5.30769)","(4, 1, 6, 8, 4.69565)",3,4,0,0
123339m,112333m,ツモ1m / 打9m,"(3, 2, 18, 12, 4.95652)","(8, 4, 2, 11, 4.61111)",3,8,0,0
123339m,122333m,ツモ2m / 打9m,"(3, 2, 18, 12, 4.95652)","(12, 5, 0, 7, 4.93333)",3,12,0,1
123339m,123334m,ツモ4m / 打9m,"(3, 2, 18, 12, 4.95652)","(10, 4, 3, 12, 5.78947)",3,10,0,1
123339m,123335m,ツモ5m / 打9m,"(3, 2, 18, 12, 4.95652)","(7, 3, 7, 12, 5.61905)",3,7,0,0
123339m,123379m,ツモ7m / 打3m,"(3, 2, 18, 12, 4.95652)","(4, 1, 10, 8, 5.3913)",3,4,0,0
123339m,123389m,ツモ8m / 打3m,"(3, 2, 18, 12, 4.95652)","(4, 1, 6, 8, 4.69565)",3,4,0,0
123339m,123399m,ツモ9m / 打3m,"(3, 2, 18, 12, 4.95652)","(4, 2, 4, 8, 4.70588)",3,4,0,0
123344m,233344m,ツモ3m / 打1m,"(11, 4, 1, 12, 7)","(12, 5, 0, 11, 5.93333)",11,12,1,1
123346m,112334m,ツモ1m / 打6m,"(7, 2, 10, 11, 6.65217)","(11, 4, 0, 11, 5.82353)",7,11,1,1
123346m,123334m,ツモ3m / 打6m,"(7, 2, 10, 11, 6.65217)","(10, 4, 3, 12, 5.78947)",7,10,1,1
123346m,123344m,ツモ4m / 打6m,"(7, 2, 10, 11, 6.65217)","(11, 4, 1, 12, 7)",7,11,1,1
123346m,123466m,ツモ6m / 打3m,"(7, 2, 10, 11, 6.65217)","(8, 3, 2, 12, 6.63158)",7,8,1,0
123346m,123467m,ツモ7m / 打3m,"(7, 2, 10, 11, 6.65217)","(8, 2, 4, 12, 7.5)",7,8,1,1
123346m,123468m,ツモ8m / 打3m,"(7, 2, 10, 11, 6.65217)","(8, 2, 0, 8, 5.66667)",7,8,1,0
123347m,112334m,ツモ1m / 打7m,"(7, 2, 9, 11, 6.20833)","(11, 4, 0, 11, 5.82353)",7,11,1,1
123347m,123334m,ツモ3m / 打7m,"(7, 2, 9, 11, 6.20833)","(10, 4, 3, 12, 5.78947)",7,10,1,1
123347m,123344m,ツモ4m / 打7m,"(7, 2, 9, 11, 6.20833)","(11, 4, 1, 12, 7)",7,11,1,1
123347m,123467m,ツモ6m / 打3m,"(7, 2, 9, 11, 6.20833)","(8, 2, 4, 12, 7.5)",7,8,1,1
123347m,123478m,ツモ8m / 打3m,"(7, 2, 9, 11, 6.20833)","(8, 2, 4, 12, 7.12)",7,8,1,1
123348m,112334m,ツモ1m / 打8m,"(7, 2, 7, 11, 5.875)","(11, 4, 0, 11, 5.82353)",7,11,1,1
123348m,123334m,ツモ3m / 打8m,"(7, 2, 7, 11, 5.875)","(10, 4, 3, 12, 5.78947)",7,10,1,1
123348m,123344m,ツモ4m / 打8m,"(7, 2, 7, 11, 5.875)","(11, 4, 1, 12, 7)",7,11,1,1
123348m,123468m,ツモ6m / 打3m,"(7, 2, 7, 11, 5.875)","(8, 2, 0, 8, 5.66667)",7,8,1,0
123348m,123478m,ツモ7m / 打3m,"(7, 2, 7, 11, 5.875)","(8, 2, 4, 12, 7.12)",7,8,1,1
123349m,112334m,ツモ1m / 打9m,"(7, 2, 3, 11, 5.31818)","(11, 4, 0, 11, 5.82353)",7,11,1,1
123349m,123334m,ツモ3m / 打9m,"(7, 2, 3, 11, 5.31818)","(10, 4, 3, 12, 5.78947)",7,10,1,1
123349m,123344m,ツモ4m / 打9m,"(7, 2, 3, 11, 5.31818)","(11, 4, 1, 12, 7)",7,11,1,1
123355m,123556m,ツモ6m / 打3m,"(8, 3, 1, 12, 5.93333)","(12, 4, 0, 12, 6.90909)",8,12,0,1
123356m,123556m,ツモ5m / 打3m,"(8, 2, 2, 12, 6.84211)","(12, 4, 0, 12, 6.90909)",8,12,1,1
123356m,123566m,ツモ6m / 打3m,"(8, 2, 2, 12, 6.84211)","(12, 4, 0, 12, 6.90909)",8,12,1,1
123357m,123578m,ツモ8m / 打3m,"(8, 2, 0, 8, 5.7)","(8, 2, 2, 12, 7.22222)",8,8,0,1
123358m,112335m,ツモ1m / 打8m,"(4, 1, 10, 8, 5.78947)","(7, 2, 7, 12, 5.88889)",4,7,0,0
123358m,122335m,ツモ2m / 打8m,"(4, 1, 10, 8, 5.78947)","(7, 2, 7, 12, 7)",4,7,0,1
123358m,123335m,ツモ3m / 打8m,"(4, 1, 10, 8, 5.78947)","(7, 3, 7, 12, 5.61905)",4,7,0,0
123358m,123355m,ツモ5m / 打8m,"(4, 1, 10, 8, 5.78947)","(8, 3, 1, 12, 5.93333)",4,8,0,0
123358m,123356m,ツモ6m / 打8m,"(4, 1, 10, 8, 5.78947)","(8, 2, 2, 12, 6.84211)",4,8,0,1
123358m,123578m,ツモ7m / 打3m,"(4, 1, 10, 8, 5.78947)","(8, 2, 2, 12, 7.22222)",4,8,0,1
123359m,112335m,ツモ1m / 打9m,"(4, 1, 9, 8, 5.66667)","(7, 2, 7, 12, 5.88889)",4,7,0,0
123359m,122335m,ツモ2m / 打9m,"(4, 1, 9, 8, 5.66667)","(7, 2, 7, 12, 7)",4,7,0,1
123359m,123335m,ツモ3m / 打9m,"(4, 1, 9, 8, 5.66667)","(7, 3, 7, 12, 5.61905)",4,7,0,0
123359m,123355m,ツモ5m / 打9m,"(4, 1, 9, 8, 5.66667)","(8, 3, 1, 12, 5.93333)",4,8,0,0
123359m,123356m,ツモ6m / 打9m,"(4, 1, 9, 8, 5.66667)","(8, 2, 2, 12, 6.84211)",4,8,0,1
123359m,123357m,ツモ7m / 打9m,"(4, 1, 9, 8, 5.66667)","(8, 2, 0, 8, 5.7)",4,8,0,0
123366m,122336m,ツモ2m / 打6m,"(4, 2, 8, 12, 6.11765)","(7, 2, 6, 12, 6.33333)",4,7,0,1
123366m,123466m,ツモ4m / 打3m,"(4, 2, 8, 12, 6.11765)","(8, 3, 2, 12, 6.63158)",4,8,0,0
123366m,123566m,ツモ5m / 打3m,"(4, 2, 8, 12, 6.11765)","(12, 4, 0, 12, 6.90909)",4,12,0,1
123366m,123667m,ツモ7m / 打3m,"(4, 2, 8, 12, 6.11765)","(12, 4, 0, 12, 7.33333)",4,12,0,1
123366m,123668m,ツモ8m / 打3m,"(4, 2, 8, 12, 6.11765)","(8, 3, 1, 12, 6)",4,8,0,0
123367m,123667m,ツモ6m / 打3m,"(8, 2, 2, 12, 6.6)","(12, 4, 0, 12, 7.33333)",8,12,1,1
123367m,123677m,ツモ7m / 打3m,"(8, 2, 2, 12, 6.6)","(12, 4, 0, 12, 7.33333)",8,12,1,1
123368m,122336m,ツモ2m / 打8m,"(4, 1, 9, 8, 5.21739)","(7, 2, 6, 12, 6.33333)",4,7,0,1
123368m,123356m,ツモ5m / 打8m,"(4, 1, 9, 8, 5.21739)","(8, 2, 2, 12, 6.84211)",4,8,0,1
123368m,123468m,ツモ4m / 打3m,"(4, 1, 9, 8, 5.21739)","(8, 2, 0, 8, 5.66667)",4,8,0,0
123368m,123668m,ツモ6m / 打3m,"(4, 1, 9, 8, 5.21739)","(8, 3, 1, 12, 6)",4,8,0,0
123368m,123688m,ツモ8m / 打3m,"(4, 1, 9, 8, 5.21739)","(8, 3, 0, 8, 5.42857)",4,8,0,0
123377m,122337m,ツモ2m / 打7m,"(4, 2, 9, 12, 6.22222)","(7, 2, 7, 12, 6.3)",4,7,0,1
123377m,123347m,ツモ4m / 打7m,"(4, 2, 9, 12, 6.22222)","(7, 2, 9, 11, 6.20833)",4,7,0,1
123377m,123577m,ツモ5m / 打3m,"(4, 2, 9, 12, 6.22222)","(8, 3, 1, 12, 6.33333)",4,8,0,0
123377m,123677m,ツモ6m / 打3m,"(4, 2, 9, 12, 6.22222)","(12, 4, 0, 12, 7.33333)",4,12,0,1
123377m,123778m,ツモ8m / 打3m,"(4, 2, 9, 12, 6.22222)","(12, 4, 0, 12, 7.33333)",4,12,0,1
123377m,123779m,ツモ9m / 打3m,"(4, 2, 9, 12, 6.22222)","(8, 3, 1, 12, 6)",4,8,0,0
123378m,123778m,ツモ7m / 打3m,"(8, 2, 2, 12, 6.66667)","(12, 4, 0, 12, 7.33333)",8,12,1,1
123378m,123788m,ツモ8m / 打3m,"(8, 2, 2, 12, 6.66667)","(12, 4, 0, 12, 7)",8,12,1,1
123379m,122337m,ツモ2m / 打9m,"(4, 1, 10, 8, 5.3913)","(7, 2, 7, 12, 6.3)",4,7,0,1
123379m,123347m,ツモ4m / 打9m,"(4, 1, 10, 8, 5.3913)","(7, 2, 9, 11, 6.20833)",4,7,0,1
123379m,123357m,ツモ5m / 打9m,"(4, 1, 10, 8, 5.3913)","(8, 2, 0, 8, 5.7)",4,8,0,0
123379m,123679m,ツモ6m / 打3m,"(4, 1, 10, 8, 5.3913)","(8, 2, 2, 12, 6.75)",4,8,0,1
123379m,123779m,ツモ7m / 打3m,"(4, 1, 10, 8, 5.3913)","(8, 3, 1, 12, 6)",4,8,0,0
123379m,123799m,ツモ9m / 打3m,"(4, 1, 10, 8, 5.3913)","(8, 3, 0, 8, 5.14286)",4,8,0,0
123388m,122338m,ツモ2m / 打8m,"(4, 2, 6, 12, 5.33333)","(7, 2, 4, 12, 5.78947)",4,7,0,1
123388m,123348m,ツモ4m / 打8m,"(4, 2, 6, 12, 5.33333)","(7, 2, 7, 11, 5.875)",4,7,0,1
123388m,123688m,ツモ6m / 打3m,"(4, 2, 6, 12, 5.33333)","(8, 3, 0, 8, 5.42857)",4,8,0,0
123388m,123788m,ツモ7m / 打3m,"(4, 2, 6, 12, 5.33333)","(12, 4, 0, 12, 7)",4,12,0,1
123388m,123889m,ツモ9m / 打3m,"(4, 2, 6, 12, 5.33333)","(8, 3, 0, 8, 4.85714)",4,8,0,0
123389m,122338m,ツモ2m / 打9m,"(4, 1, 6, 8, 4.69565)","(7, 2, 4, 12, 5.78947)",4,7,0,1
123389m,123348m,ツモ4m / 打9m,"(4, 1, 6, 8, 4.69565)","(7, 2, 7, 11, 5.875)",4,7,0,1
123389m,123889m,ツモ8m / 打3m,"(4, 1, 6, 8, 4.69565)","(8, 3, 0, 8, 4.85714)",4,8,0,0
123389m,123899m,ツモ9m / 打3m,"(4, 1, 6, 8, 4.69565)","(8, 3, 0, 8, 4.57143)",4,8,0,0
123399m,122339m,ツモ2m / 打9m,"(4, 2, 4, 8, 4.70588)","(7, 2, 2, 12, 5.52941)",4,7,0,1
123399m,123349m,ツモ4m / 打9m,"(4, 2, 4, 8, 4.70588)","(7, 2, 3, 11, 5.31818)",4,7,0,1
123399m,123799m,ツモ7m / 打3m,"(4, 2, 4, 8, 4.70588)","(8, 3, 0, 8, 5.14286)",4,8,0,0
123399m,123899m,ツモ8m / 打3m,"(4, 2, 4, 8, 4.70588)","(8, 3, 0, 8, 4.57143)",4,8,0,0
123446m,123344m,ツモ3m / 打6m,"(8, 3, 1, 11, 6.73684)","(11, 4, 1, 12, 7)",8,11,0,1
123446m,123467m,ツモ7m / 打4m,"(8, 3, 1, 11, 6.73684)","(8, 2, 4, 12, 7.5)",8,8,0,1
123447m,112344m,ツモ1m / 打7m,"(4, 2, 13, 11, 6.22727)","(6, 3, 8, 11, 6.8)",4,6,0,0
123447m,122344m,ツモ2m / 打7m,"(4, 2, 13, 11, 6.22727)","(7, 3, 6, 12, 6.2)",4,7,0,0
123447m,123344m,ツモ3m / 打7m,"(4, 2, 13, 11, 6.22727)","(11, 4, 1, 12, 7)",4,11,0,1
123447m,123445m,ツモ5m / 打7m,"(4, 2, 13, 11, 6.22727)","(11, 4, 0, 11, 7.38889)",4,11,0,1
123447m,123467m,ツモ6m / 打4m,"(4, 2, 13, 11, 6.22727)","(8, 2, 4, 12, 7.5)",4,8,0,1
123447m,123478m,ツモ8m / 打4m,"(4, 2, 13, 11, 6.22727)","(8, 2, 4, 12, 7.12)",4,8,0,1
123448m,112344m,ツモ1m / 打8m,"(4, 2, 13, 11, 6.22727)","(6, 3, 8, 11, 6.8)",4,6,0,0
123448m,122344m,ツモ2m / 打8m,"(4, 2, 13, 11, 6.22727)","(7, 3, 6, 12, 6.2)",4,7,0,0
123448m,123344m,ツモ3m / 打8m,"(4, 2, 13, 11, 6.22727)","(11, 4, 1, 12, 7)",4,11,0,1
123448m,123445m,ツモ5m / 打8m,"(4, 2, 13, 11, 6.22727)","(11, 4, 0, 11, 7.38889)",4,11,0,1
123448m,123446m,ツモ6m / 打8m,"(4, 2, 13, 11, 6.22727)","(8, 3, 1, 11, 6.73684)",4,8,0,0
123448m,123478m,ツモ7m / 打4m,"(4, 2, 13, 11, 6.22727)","(8, 2, 4, 12, 7.12)",4,8,0,1
123449m,112344m,ツモ1m / 打9m,"(4, 2, 9, 11, 5.5)","(6, 3, 8, 11, 6.8)",4,6,0,0
123449m,122344m,ツモ2m / 打9m,"(4, 2, 9, 11, 5.5)","(7, 3, 6, 12, 6.2)",4,7,0,0
123449m,123344m,ツモ3m / 打9m,"(4, 2, 9, 11, 5.5)","(11, 4, 1, 12, 7)",4,11,0,1
123449m,123445m,ツモ5m / 打9m,"(4, 2, 9, 11, 5.5)","(11, 4, 0, 11, 7.38889)",4,11,0,1
123449m,123446m,ツモ6m / 打9m,"(4, 2, 9, 11, 5.5)","(8, 3, 1, 11, 6.73684)",4,8,0,0
123457m,112345m,ツモ1m / 打7m,"(7, 2, 15, 11, 6.75862)","(11, 4, 0, 11, 5.78947)",7,11,1,1
123457m,122345m,ツモ2m / 打7m,"(7, 2, 15, 11, 6.75862)","(11, 4, 0, 11, 6.36842)",7,11,1,1
123457m,123445m,ツモ4m / 打7m,"(7, 2, 15, 11, 6.75862)","(11, 4, 0, 11, 7.38889)",7,11,1,1
123457m,123455m,ツモ5m / 打7m,"(7, 2, 15, 11, 6.75862)","(11, 4, 0, 11, 6.63158)",7,11,1,1
123457m,234577m,ツモ7m / 打1m,"(7, 2, 15, 11, 6.75862)","(8, 3, 3, 12, 7.05)",7,8,1,0
123457m,234578m,ツモ8m / 打1m,"(7, 2, 15, 11, 6.75862)","(8, 2, 5, 12, 8.08)",7,8,1,1
123457m,234579m,ツモ9m / 打1m,"(7, 2, 15, 11, 6.75862)","(8, 2, 1, 11, 6.32)",7,8,1,0
123458m,112345m,ツモ1m / 打8m,"(7, 2, 8, 11, 6)","(11, 4, 0, 11, 5.78947)",7,11,1,1
123458m,122345m,ツモ2m / 打8m,"(7, 2, 8, 11, 6)","(11, 4, 0, 11, 6.36842)",7,11,1,1
123458m,123445m,ツモ4m / 打8m,"(7, 2, 8, 11, 6)","(11, 4, 0, 11, 7.38889)",7,11,1,1
123458m,123455m,ツモ5m / 打8m,"(7, 2, 8, 11, 6)","(11, 4, 0, 11, 6.63158)",7,11,1,1
123458m,234578m,ツモ7m / 打1m,"(7, 2, 8, 11, 6)","(8, 2, 5, 12, 8.08)",7,8,1,1
123459m,112345m,ツモ1m / 打9m,"(7, 2, 6, 11, 5.69231)","(11, 4, 0, 11, 5.78947)",7,11,1,1
123459m,122345m,ツモ2m / 打9m,"(7, 2, 6, 11, 5.69231)","(11, 4, 0, 11, 6.36842)",7,11,1,1
123459m,123445m,ツモ4m / 打9m,"(7, 2, 6, 11, 5.69231)","(11, 4, 0, 11, 7.38889)",7,11,1,1
123459m,123455m,ツモ5m / 打9m,"(7, 2, 6, 11, 5.69231)","(11, 4, 0, 11, 6.63158)",7,11,1,1
123459m,234579m,ツモ7m / 打1m,"(7, 2, 6, 11, 5.69231)","(8, 2, 1, 11, 6.32)",7,8,1,0
123466m,234667m,ツモ7m / 打1m,"(8, 3, 2, 12, 6.63158)","(12, 4, 0, 12, 7.66667)",8,12,0,1
123467m,123677m,ツモ7m / 打4m,"(8, 2, 4, 12, 7.5)","(12, 4, 0, 12, 7.33333)",8,12,1,1
123467m,234667m,ツモ6m / 打1m,"(8, 2, 4, 12, 7.5)","(12, 4, 0, 12, 7.66667)",8,12,1,1
123467m,234677m,ツモ7m / 打1m,"(8, 2, 4, 12, 7.5)","(12, 4, 0, 12, 7.33333)",8,12,1,1
123469m,112346m,ツモ1m / 打9m,"(4, 1, 10, 8, 5.56522)","(8, 3, 1, 11, 6)",4,8,0,0
123469m,122346m,ツモ2m / 打9m,"(4, 1, 10, 8, 5.56522)","(7, 2, 8, 10, 5.78261)",4,7,0,0
123469m,123346m,ツモ3m / 打9m,"(4, 1, 10, 8, 5.56522)","(7, 2, 10, 11, 6.65217)",4,7,0,1
123469m,123446m,ツモ4m / 打9m,"(4, 1, 10, 8, 5.56522)","(8, 3, 1, 11, 6.73684)",4,8,0,0
123469m,123466m,ツモ6m / 打9m,"(4, 1, 10, 8, 5.56522)","(8, 3, 2, 12, 6.63158)",4,8,0,0
123469m,123467m,ツモ7m / 打9m,"(4, 1, 10, 8, 5.56522)","(8, 2, 4, 12, 7.5)",4,8,0,1
123469m,123468m,ツモ8m / 打9m,"(4, 1, 10, 8, 5.56522)","(8, 2, 0, 8, 5.66667)",4,8,0,0
123477m,123347m,ツモ3m / 打7m,"(4, 2, 12, 12, 6.65217)","(7, 2, 9, 11, 6.20833)",4,7,0,1
123477m,123677m,ツモ6m / 打4m,"(4, 2, 12, 12, 6.65217)","(12, 4, 0, 12, 7.33333)",4,12,0,1
123477m,234577m,ツモ5m / 打1m,"(4, 2, 12, 12, 6.65217)","(8, 3, 3, 12, 7.05)",4,8,0,0
123477m,234677m,ツモ6m / 打1m,"(4, 2, 12, 12, 6.65217)","(12, 4, 0, 12, 7.33333)",4,12,0,1
123477m,234778m,ツモ8m / 打1m,"(4, 2, 12, 12, 6.65217)","(12, 4, 0, 12, 7.69231)",4,12,0,1
123477m,234779m,ツモ9m / 打1m,"(4, 2, 12, 12, 6.65217)","(8, 3, 1, 12, 6.13333)",4,8,0,0
123478m,234778m,ツモ7m / 打1m,"(8, 2, 4, 12, 7.12)","(12, 4, 0, 12, 7.69231)",8,12,1,1
123478m,234788m,ツモ8m / 打1m,"(8, 2, 4, 12, 7.12)","(12, 4, 0, 12, 7.38462)",8,12,1,1
123479m,123347m,ツモ3m / 打9m,"(4, 1, 13, 8, 5.58621)","(7, 2, 9, 11, 6.20833)",4,7,0,1
123479m,123467m,ツモ6m / 打9m,"(4, 1, 13, 8, 5.58621)","(8, 2, 4, 12, 7.5)",4,8,0,1
123479m,234579m,ツモ5m / 打1m,"(4, 1, 13, 8, 5.58621)","(8, 2, 1, 11, 6.32)",4,8,0,0
123479m,234779m,ツモ7m / 打1m,"(4, 1, 13, 8, 5.58621)","(8, 3, 1, 12, 6.13333)",4,8,0,0
123479m,234799m,ツモ9m / 打1m,"(4, 1, 13, 8, 5.58621)","(8, 3, 0, 8, 5.33333)",4,8,0,0
123488m,123348m,ツモ3m / 打8m,"(4, 2, 10, 12, 5.95652)","(7, 2, 7, 11, 5.875)",4,7,0,1
123488m,123458m,ツモ5m / 打8m,"(4, 2, 10, 12, 5.95652)","(7, 2, 8, 11, 6)",4,7,0,1
123488m,234688m,ツモ6m / 打1m,"(4, 2, 10, 12, 5.95652)","(8, 3, 1, 11, 5.9375)",4,8,0,0
123488m,234788m,ツモ7m / 打1m,"(4, 2, 10, 12, 5.95652)","(12, 4, 0, 12, 7.38462)",4,12,0,1
123488m,234889m,ツモ9m / 打1m,"(4, 2, 10, 12, 5.95652)","(8, 3, 0, 8, 5.06667)",4,8,0,0
123489m,123348m,ツモ3m / 打9m,"(4, 1, 9, 8, 5.03448)","(7, 2, 7, 11, 5.875)",4,7,0,1
123489m,123458m,ツモ5m / 打9m,"(4, 1, 9, 8, 5.03448)","(7, 2, 8, 11, 6)",4,7,0,1
123489m,123468m,ツモ6m / 打9m,"(4, 1, 9, 8, 5.03448)","(8, 2, 0, 8, 5.66667)",4,8,0,0
123489m,234889m,ツモ8m / 打1m,"(4, 1, 9, 8, 5.03448)","(8, 3, 0, 8, 5.06667)",4,8,0,0
123489m,234899m,ツモ9m / 打1m,"(4, 1, 9, 8, 5.03448)","(8, 3, 0, 8, 4.8)",4,8,0,0
123499m,123349m,ツモ3m / 打9m,"(4, 2, 6, 8, 4.91304)","(7, 2, 3, 11, 5.31818)",4,7,0,1
123499m,123459m,ツモ5m / 打9m,"(4, 2, 6, 8, 4.91304)","(7, 2, 6, 11, 5.69231)",4,7,0,1
123499m,234799m,ツモ7m / 打1m,"(4, 2, 6, 8, 4.91304)","(8, 3, 0, 8, 5.33333)",4,8,0,0
123499m,234899m,ツモ8m / 打1m,"(4, 2, 6, 8, 4.91304)","(8, 3, 0, 8, 4.8)",4,8,0,0
123557m,123455m,ツモ4m / 打7m,"(8, 3, 1, 11, 6.26667)","(11, 4, 0, 11, 6.63158)",8,11,0,1
123557m,123578m,ツモ8m / 打5m,"(8, 3, 1, 11, 6.26667)","(8, 2, 2, 12, 7.22222)",8,8,0,1
123558m,123355m,ツモ3m / 打8m,"(4, 2, 7, 12, 6.42857)","(8, 3, 1, 12, 5.93333)",4,8,0,0
123558m,123455m,ツモ4m / 打8m,"(4, 2, 7, 12, 6.42857)","(11, 4, 0, 11, 6.63158)",4,11,0,1
123558m,123556m,ツモ6m / 打8m,"(4, 2, 7, 12, 6.42857)","(12, 4, 0, 12, 6.90909)",4,12,0,1
123558m,123578m,ツモ7m / 打5m,"(4, 2, 7, 12, 6.42857)","(8, 2, 2, 12, 7.22222)",4,8,0,1
123559m,123355m,ツモ3m / 打9m,"(4, 2, 7, 12, 6.42857)","(8, 3, 1, 12, 5.93333)",4,8,0,0
123559m,123455m,ツモ4m / 打9m,"(4, 2, 7, 12, 6.42857)","(11, 4, 0, 11, 6.63158)",4,11,0,1
123559m,123556m,ツモ6m / 打9m,"(4, 2, 7, 12, 6.42857)","(12, 4, 0, 12, 6.90909)",4,12,0,1
123559m,123557m,ツモ7m / 打9m,"(4, 2, 7, 12, 6.42857)","(8, 3, 1, 11, 6.26667)",4,8,0,0
123568m,123556m,ツモ5m / 打8m,"(8, 2, 2, 12, 6.5)","(12, 4, 0, 12, 6.90909)",8,12,1,1
123568m,123566m,ツモ6m / 打8m,"(8, 2, 2, 12, 6.5)","(12, 4, 0, 12, 6.90909)",8,12,1,1
123569m,123556m,ツモ5m / 打9m,"(8, 2, 2, 12, 6.46154)","(12, 4, 0, 12, 6.90909)",8,12,1,1
123569m,123566m,ツモ6m / 打9m,"(8, 2, 2, 12, 6.46154)","(12, 4, 0, 12, 6.90909)",8,12,1,1
123577m,123778m,ツモ8m / 打5m,"(8, 3, 1, 12, 6.33333)","(12, 4, 0, 12, 7.33333)",8,12,0,1
123578m,123778m,ツモ7m / 打5m,"(8, 2, 2, 12, 7.22222)","(12, 4, 0, 12, 7.33333)",8,12,1,1
123578m,123788m,ツモ8m / 打5m,"(8, 2, 2, 12, 7.22222)","(12, 4, 0, 12, 7)",8,12,1,1
123588m,123458m,ツモ4m / 打8m,"(4, 2, 6, 12, 5.8)","(7, 2, 8, 11, 6)",4,7,0,1
123588m,123568m,ツモ6m / 打8m,"(4, 2, 6, 12, 5.8)","(8, 2, 2, 12, 6.5)",4,8,0,1
123588m,123788m,ツモ7m / 打5m,"(4, 2, 6, 12, 5.8)","(12, 4, 0, 12, 7)",4,12,0,1
123588m,123889m,ツモ9m / 打5m,"(4, 2, 6, 12, 5.8)","(8, 3, 0, 8, 4.85714)",4,8,0,0
123589m,123458m,ツモ4m / 打9m,"(4, 1, 6, 8, 5.15789)","(7, 2, 8, 11, 6)",4,7,0,1
123589m,123568m,ツモ6m / 打9m,"(4, 1, 6, 8, 5.15789)","(8, 2, 2, 12, 6.5)",4,8,0,1
123589m,123889m,ツモ8m / 打5m,"(4, 1, 6, 8, 5.15789)","(8, 3, 0, 8, 4.85714)",4,8,0,0
123589m,123899m,ツモ9m / 打5m,"(4, 1, 6, 8, 5.15789)","(8, 3, 0, 8, 4.57143)",4,8,0,0
123599m,123459m,ツモ4m / 打9m,"(4, 2, 5, 8, 5.26667)","(7, 2, 6, 11, 5.69231)",4,7,0,1
123599m,123569m,ツモ6m / 打9m,"(4, 2, 5, 8, 5.26667)","(8, 2, 2, 12, 6.46154)",4,8,0,1
123599m,123799m,ツモ7m / 打5m,"(4, 2, 5, 8, 5.26667)","(8, 3, 0, 8, 5.14286)",4,8,0,0
123599m,123899m,ツモ8m / 打5m,"(4, 2, 5, 8, 5.26667)","(8, 3, 0, 8, 4.57143)",4,8,0,0
123668m,123566m,ツモ5m / 打8m,"(8, 3, 1, 12, 6)","(12, 4, 0, 12, 6.90909)",8,12,0,1
123669m,123466m,ツモ4m / 打9m,"(4, 2, 6, 12, 6.46154)","(8, 3, 2, 12, 6.63158)",4,8,0,0
123669m,123566m,ツモ5m / 打9m,"(4, 2, 6, 12, 6.46154)","(12, 4, 0, 12, 6.90909)",4,12,0,1
123669m,123667m,ツモ7m / 打9m,"(4, 2, 6, 12, 6.46154)","(12, 4, 0, 12, 7.33333)",4,12,0,1
123669m,123668m,ツモ8m / 打9m,"(4, 2, 6, 12, 6.46154)","(8, 3, 1, 12, 6)",4,8,0,0
123679m,123667m,ツモ6m / 打9m,"(8, 2, 2, 12, 6.75)","(12, 4, 0, 12, 7.33333)",8,12,1,1
123679m,123677m,ツモ7m / 打9m,"(8, 2, 2, 12, 6.75)","(12, 4, 0, 12, 7.33333)",8,12,1,1
123688m,123568m,ツモ5m / 打8m,"(8, 3, 0, 8, 5.42857)","(8, 2, 2, 12, 6.5)",8,8,0,1
123689m,123468m,ツモ4m / 打9m,"(4, 1, 7, 8, 5.47368)","(8, 2, 0, 8, 5.66667)",4,8,0,0
123689m,123568m,ツモ5m / 打9m,"(4, 1, 7, 8, 5.47368)","(8, 2, 2, 12, 6.5)",4,8,0,1
123689m,123668m,ツモ6m / 打9m,"(4, 1, 7, 8, 5.47368)","(8, 3, 1, 12, 6)",4,8,0,0
123689m,123688m,ツモ8m / 打9m,"(4, 1, 7, 8, 5.47368)","(8, 3, 0, 8, 5.42857)",4,8,0,0
123689m,123899m,ツモ9m / 打6m,"(4, 1, 7, 8, 5.47368)","(8, 3, 0, 8, 4.57143)",4,8,0,0
123699m,123569m,ツモ5m / 打9m,"(4, 2, 4, 8, 5.23077)","(8, 2, 2, 12, 6.46154)",4,8,0,1
123699m,123679m,ツモ7m / 打9m,"(4, 2, 4, 8, 5.23077)","(8, 2, 2, 12, 6.75)",4,8,0,1
123699m,123899m,ツモ8m / 打6m,"(4, 2, 4, 8, 5.23077)","(8, 3, 0, 8, 4.57143)",4,8,0,0
123779m,123677m,ツモ6m / 打9m,"(8, 3, 1, 12, 6)","(12, 4, 0, 12, 7.33333)",8,12,0,1
123799m,123679m,ツモ6m / 打9m,"(8, 3, 0, 8, 5.14286)","(8, 2, 2, 12, 6.75)",8,8,0,1
124444m,112444m,ツモ1m / 打4m,"(4, 1, 6, 8, 5.5)","(8, 3, 0, 8, 4.30769)",4,8,0,0
124444m,144445m,ツモ5m / 打2m,"(4, 1, 6, 8, 5.5)","(8, 2, 1, 12, 6.18182)",4,8,0,1
124444m,224444m,ツモ2m / 打1m,"(4, 1, 6, 8, 5.5)","(8, 3, 0, 8, 5)",4,8,0,0
124444m,244446m,ツモ6m / 打1m,"(4, 1, 6, 8, 5.5)","(8, 2, 0, 8, 5.33333)",4,8,0,0
124445m,112444m,ツモ1m / 打5m,"(4, 1, 6, 11, 5.44444)","(8, 3, 0, 8, 4.30769)",4,8,0,0
124445m,122444m,ツモ2m / 打5m,"(4, 1, 6, 11, 5.44444)","(8, 3, 0, 8, 4.61538)",4,8,0,0
124445m,144445m,ツモ4m / 打2m,"(4, 1, 6, 11, 5.44444)","(8, 2, 1, 12, 6.18182)",4,8,0,1
124445m,244456m,ツモ6m / 打1m,"(4, 1, 6, 11, 5.44444)","(11, 4, 2, 16, 6.16667)",4,11,0,1
124446m,112444m,ツモ1m / 打6m,"(4, 1, 7, 11, 5.5)","(8, 3, 0, 8, 4.30769)",4,8,0,0
124446m,122444m,ツモ2m / 打6m,"(4, 1, 7, 11, 5.5)","(8, 3, 0, 8, 4.61538)",4,8,0,0
124446m,244446m,ツモ4m / 打1m,"(4, 1, 7, 11, 5.5)","(8, 2, 0, 8, 5.33333)",4,8,0,0
124446m,244456m,ツモ5m / 打1m,"(4, 1, 7, 11, 5.5)","(11, 4, 2, 16, 6.16667)",4,11,0,1
124446m,244467m,ツモ7m / 打1m,"(4, 1, 7, 11, 5.5)","(8, 2, 3, 12, 6.77778)",4,8,0,1
124447m,112444m,ツモ1m / 打7m,"(4, 1, 6, 8, 5.2)","(8, 3, 0, 8, 4.30769)",4,8,0,0
124447m,122444m,ツモ2m / 打7m,"(4, 1, 6, 8, 5.2)","(8, 3, 0, 8, 4.61538)",4,8,0,0
124447m,244467m,ツモ6m / 打1m,"(4, 1, 6, 8, 5.2)","(8, 2, 3, 12, 6.77778)",4,8,0,1
124447m,244478m,ツモ8m / 打1m,"(4, 1, 6, 8, 5.2)","(8, 2, 2, 12, 6.33333)",4,8,0,1
124448m,112444m,ツモ1m / 打8m,"(4, 1, 4, 8, 4.88889)","(8, 3, 0, 8, 4.30769)",4,8,0,0
124448m,122444m,ツモ2m / 打8m,"(4, 1, 4, 8, 4.88889)","(8, 3, 0, 8, 4.61538)",4,8,0,0
124448m,244478m,ツモ7m / 打1m,"(4, 1, 4, 8, 4.88889)","(8, 2, 2, 12, 6.33333)",4,8,0,1
124449m,112444m,ツモ1m / 打9m,"(4, 1, 2, 8, 4.5)","(8, 3, 0, 8, 4.30769)",4,8,0,0
124449m,122444m,ツモ2m / 打9m,"(4, 1, 2, 8, 4.5)","(8, 3, 0, 8, 4.61538)",4,8,0,0
124456m,112456m,ツモ1m / 打4m,"(4, 1, 9, 11, 5.61905)","(8, 3, 0, 8, 4.57143)",4,8,0,0
124456m,224456m,ツモ2m / 打1m,"(4, 1, 9, 11, 5.61905)","(8, 3, 1, 11, 5.66667)",4,8,0,0
124456m,244456m,ツモ4m / 打1m,"(4, 1, 9, 11, 5.61905)","(11, 4, 2, 16, 6.16667)",4,11,0,1
124456m,244556m,ツモ5m / 打1m,"(4, 1, 9, 11, 5.61905)","(7, 2, 7, 16, 7.38889)",4,7,0,1
124456m,244566m,ツモ6m / 打1m,"(4, 1, 9, 11, 5.61905)","(7, 2, 8, 12, 6.78947)",4,7,0,0
124456m,244567m,ツモ7m / 打1m,"(4, 1, 9, 11, 5.61905)","(8, 3, 5, 15, 7.7)",4,8,0,0
124555m,112555m,ツモ1m / 打4m,"(4, 1, 7, 8, 5.36842)","(8, 3, 0, 8, 4.30769)",4,8,0,0
124555m,224555m,ツモ2m / 打1m,"(4, 1, 7, 8, 5.36842)","(8, 3, 0, 8, 5.07143)",4,8,0,0
124555m,244555m,ツモ4m / 打1m,"(4, 1, 7, 8, 5.36842)","(8, 3, 2, 12, 6.14286)",4,8,0,0
124555m,245555m,ツモ5m / 打1m,"(4, 1, 7, 8, 5.36842)","(8, 2, 1, 12, 6.28571)",4,8,0,1
124555m,245556m,ツモ6m / 打1m,"(4, 1, 7, 8, 5.36842)","(7, 3, 5, 14, 6.13636)",4,7,0,0
124556m,112456m,ツモ1m / 打5m,"(4, 1, 9, 8, 5.4)","(8, 3, 0, 8, 4.57143)",4,8,0,0
124556m,122456m,ツモ2m / 打5m,"(4, 1, 9, 8, 5.4)","(8, 3, 0, 8, 5.14286)",4,8,0,0
124556m,244556m,ツモ4m / 打1m,"(4, 1, 9, 8, 5.4)","(7, 2, 7, 16, 7.38889)",4,7,0,1
124556m,245556m,ツモ5m / 打1m,"(4, 1, 9, 8, 5.4)","(7, 3, 5, 14, 6.13636)",4,7,0,0
124556m,245566m,ツモ6m / 打1m,"(4, 1, 9, 8, 5.4)","(7, 2, 5, 16, 7.76471)",4,7,0,1
124556m,245567m,ツモ7m / 打1m,"(4, 1, 9, 8, 5.4)","(7, 2, 10, 15, 7.45455)",4,7,0,1
124566m,112456m,ツモ1m / 打6m,"(4, 1, 9, 11, 5.45455)","(8, 3, 0, 8, 4.57143)",4,8,0,0
124566m,122456m,ツモ2m / 打6m,"(4, 1, 9, 11, 5.45455)","(8, 3, 0, 8, 5.14286)",4,8,0,0
124566m,244566m,ツモ4m / 打1m,"(4, 1, 9, 11, 5.45455)","(7, 2, 8, 12, 6.78947)",4,7,0,0
124566m,245566m,ツモ5m / 打1m,"(4, 1, 9, 11, 5.45455)","(7, 2, 5, 16, 7.76471)",4,7,0,1
124566m,245666m,ツモ6m / 打1m,"(4, 1, 9, 11, 5.45455)","(7, 3, 7, 16, 6.86364)",4,7,0,1
124566m,245667m,ツモ7m / 打1m,"(4, 1, 9, 11, 5.45455)","(11, 3, 1, 14, 6.84211)",4,11,0,1
124567m,112567m,ツモ1m / 打4m,"(4, 1, 14, 11, 6.13793)","(8, 3, 0, 8, 4.8)",4,8,0,0
124567m,224567m,ツモ2m / 打1m,"(4, 1, 14, 11, 6.13793)","(8, 3, 2, 11, 6.25)",4,8,0,0
124567m,244567m,ツモ4m / 打1m,"(4, 1, 14, 11, 6.13793)","(8, 3, 5, 15, 7.7)",4,8,0,0
124567m,245567m,ツモ5m / 打1m,"(4, 1, 14, 11, 6.13793)","(7, 2, 10, 15, 7.45455)",4,7,0,1
124567m,245667m,ツモ6m / 打1m,"(4, 1, 14, 11, 6.13793)","(11, 3, 1, 14, 6.84211)",4,11,0,1
124567m,245677m,ツモ7m / 打1m,"(4, 1, 14, 11, 6.13793)","(8, 3, 5, 15, 7.25)",4,8,0,0
124567m,245678m,ツモ8m / 打1m,"(4, 1, 14, 11, 6.13793)","(11, 3, 4, 15, 7.20833)",4,11,0,1
124567m,245679m,ツモ9m / 打1m,"(4, 1, 14, 11, 6.13793)","(8, 2, 2, 11, 6.2)",4,8,0,0
124568m,112456m,ツモ1m / 打8m,"(4, 1, 4, 11, 5.1)","(8, 3, 0, 8, 4.57143)",4,8,0,0
124568m,122456m,ツモ2m / 打8m,"(4, 1, 4, 11, 5.1)","(8, 3, 0, 8, 5.14286)",4,8,0,0
124568m,245678m,ツモ7m / 打1m,"(4, 1, 4, 11, 5.1)","(11, 3, 4, 15, 7.20833)",4,11,0,1
124569m,112456m,ツモ1m / 打9m,"(4, 1, 3, 8, 4.70588)","(8, 3, 0, 8, 4.57143)",4,8,0,0
124569m,122456m,ツモ2m / 打9m,"(4, 1, 3, 8, 4.70588)","(8, 3, 0, 8, 5.14286)",4,8,0,0
124569m,245679m,ツモ7m / 打1m,"(4, 1, 3, 8, 4.70588)","(8, 2, 2, 11, 6.2)",4,8,0,0
124666m,112666m,ツモ1m / 打4m,"(4, 1, 7, 8, 5.36842)","(8, 3, 0, 8, 4.30769)",4,8,0,0
124666m,224666m,ツモ2m / 打1m,"(4, 1, 7, 8, 5.36842)","(8, 3, 0, 8, 5.07143)",4,8,0,0
124666m,244666m,ツモ4m / 打1m,"(4, 1, 7, 8, 5.36842)","(8, 3, 1, 12, 5.85714)",4,8,0,0
124666m,245666m,ツモ5m / 打1m,"(4, 1, 7, 8, 5.36842)","(7, 3, 7, 16, 6.86364)",4,7,0,1
124666m,246666m,ツモ6m / 打1m,"(4, 1, 7, 8, 5.36842)","(8, 2, 0, 8, 5.6)",4,8,0,0
124678m,112678m,ツモ1m / 打4m,"(4, 1, 8, 11, 5.72727)","(8, 3, 0, 8, 4.8)",4,8,0,0
124678m,224678m,ツモ2m / 打1m,"(4, 1, 8, 11, 5.72727)","(8, 3, 1, 11, 5.9375)",4,8,0,0
124678m,244678m,ツモ4m / 打1m,"(4, 1, 8, 11, 5.72727)","(8, 3, 2, 15, 6.875)",4,8,0,0
124678m,245678m,ツモ5m / 打1m,"(4, 1, 8, 11, 5.72727)","(11, 3, 4, 15, 7.20833)",4,11,0,1
124678m,246678m,ツモ6m / 打1m,"(4, 1, 8, 11, 5.72727)","(8, 2, 1, 11, 5.9)",4,8,0,0
124678m,246789m,ツモ9m / 打1m,"(4, 1, 8, 11, 5.72727)","(8, 2, 0, 8, 5.66667)",4,8,0,0
124777m,112777m,ツモ1m / 打4m,"(4, 1, 7, 8, 5.55556)","(8, 3, 0, 8, 4.30769)",4,8,0,0
124777m,224777m,ツモ2m / 打1m,"(4, 1, 7, 8, 5.55556)","(8, 3, 0, 8, 5.23077)",4,8,0,0
124777m,244777m,ツモ4m / 打1m,"(4, 1, 7, 8, 5.55556)","(8, 3, 1, 12, 5.84615)",4,8,0,0
124777m,245777m,ツモ5m / 打1m,"(4, 1, 7, 8, 5.55556)","(8, 2, 2, 12, 6.5)",4,8,0,1
124777m,246777m,ツモ6m / 打1m,"(4, 1, 7, 8, 5.55556)","(8, 2, 0, 8, 5.44444)",4,8,0,0
124789m,112789m,ツモ1m / 打4m,"(4, 1, 7, 8, 5.47368)","(8, 3, 0, 8, 4.57143)",4,8,0,0
124789m,224789m,ツモ2m / 打1m,"(4, 1, 7, 8, 5.47368)","(8, 3, 0, 8, 5.42857)",4,8,0,0
124789m,244789m,ツモ4m / 打1m,"(4, 1, 7, 8, 5.47368)","(8, 3, 1, 12, 6)",4,8,0,0
124789m,245789m,ツモ5m / 打1m,"(4, 1, 7, 8, 5.47368)","(8, 2, 2, 12, 6.5)",4,8,0,1
124789m,246789m,ツモ6m / 打1m,"(4, 1, 7, 8, 5.47368)","(8, 2, 0, 8, 5.66667)",4,8,0,0
124888m,112888m,ツモ1m / 打4m,"(4, 1, 7, 8, 5.55556)","(8, 3, 0, 8, 4.30769)",4,8,0,0
124888m,224888m,ツモ2m / 打1m,"(4, 1, 7, 8, 5.55556)","(8, 3, 0, 8, 5.23077)",4,8,0,0
124888m,244888m,ツモ4m / 打1m,"(4, 1, 7, 8, 5.55556)","(8, 3, 1, 12, 5.84615)",4,8,0,0
124888m,245888m,ツモ5m / 打1m,"(4, 1, 7, 8, 5.55556)","(8, 2, 2, 12, 6.5)",4,8,0,1
124888m,246888m,ツモ6m / 打1m,"(4, 1, 7, 8, 5.55556)","(8, 2, 0, 8, 5.44444)",4,8,0,0
124999m,112999m,ツモ1m / 打4m,"(4, 1, 7, 8, 5.55556)","(8, 3, 0, 8, 4.30769)",4,8,0,0
124999m,224999m,ツモ2m / 打1m,"(4, 1, 7, 8, 5.55556)","(8, 3, 0, 8, 5.23077)",4,8,0,0
124999m,244999m,ツモ4m / 打1m,"(4, 1, 7, 8, 5.55556)","(8, 3, 1, 12, 5.84615)",4,8,0,0
124999m,245999m,ツモ5m / 打1m,"(4, 1, 7, 8, 5.55556)","(8, 2, 2, 12, 6.5)",4,8,0,1
124999m,246999m,ツモ6m / 打1m,"(4, 1, 7, 8, 5.55556)","(8, 2, 0, 8, 5.64706)",4,8,0,0
125555m,112555m,ツモ1m / 打5m,"(4, 1, 6, 8, 5.6)","(8, 3, 0, 8, 4.30769)",4,8,0,0
125555m,122555m,ツモ2m / 打5m,"(4, 1, 6, 8, 5.6)","(8, 3, 0, 8, 4.61538)",4,8,0,0
125555m,245555m,ツモ4m / 打1m,"(4, 1, 6, 8, 5.6)","(8, 2, 1, 12, 6.28571)",4,8,0,1
125555m,255556m,ツモ6m / 打1m,"(4, 1, 6, 8, 5.6)","(8, 2, 1, 12, 6.46154)",4,8,0,1
125556m,112555m,ツモ1m / 打6m,"(4, 1, 7, 8, 5.14286)","(8, 3, 0, 8, 4.30769)",4,8,0,0
125556m,122555m,ツモ2m / 打6m,"(4, 1, 7, 8, 5.14286)","(8, 3, 0, 8, 4.61538)",4,8,0,0
125556m,245556m,ツモ4m / 打1m,"(4, 1, 7, 8, 5.14286)","(7, 3, 5, 14, 6.13636)",4,7,0,0
125556m,255556m,ツモ5m / 打1m,"(4, 1, 7, 8, 5.14286)","(8, 2, 1, 12, 6.46154)",4,8,0,1
125556m,255567m,ツモ7m / 打1m,"(4, 1, 7, 8, 5.14286)","(7, 3, 7, 16, 6.73913)",4,7,0,1
125557m,112555m,ツモ1m / 打7m,"(4, 1, 6, 8, 5.04762)","(8, 3, 0, 8, 4.30769)",4,8,0,0
125557m,122555m,ツモ2m / 打7m,"(4, 1, 6, 8, 5.04762)","(8, 3, 0, 8, 4.61538)",4,8,0,0
125557m,255567m,ツモ6m / 打1m,"(4, 1, 6, 8, 5.04762)","(7, 3, 7, 16, 6.73913)",4,7,0,1
125557m,255578m,ツモ8m / 打1m,"(4, 1, 6, 8, 5.04762)","(8, 2, 2, 12, 6.35294)",4,8,0,1
125558m,112555m,ツモ1m / 打8m,"(4, 1, 4, 8, 4.88889)","(8, 3, 0, 8, 4.30769)",4,8,0,0
125558m,122555m,ツモ2m / 打8m,"(4, 1, 4, 8, 4.88889)","(8, 3, 0, 8, 4.61538)",4,8,0,0
125558m,255578m,ツモ7m / 打1m,"(4, 1, 4, 8, 4.88889)","(8, 2, 2, 12, 6.35294)",4,8,0,1
125559m,112555m,ツモ1m / 打9m,"(4, 1, 2, 8, 4.5)","(8, 3, 0, 8, 4.30769)",4,8,0,0
125559m,122555m,ツモ2m / 打9m,"(4, 1, 2, 8, 4.5)","(8, 3, 0, 8, 4.61538)",4,8,0,0
125567m,112567m,ツモ1m / 打5m,"(4, 1, 8, 8, 5.09091)","(8, 3, 0, 8, 4.8)",4,8,0,0
125567m,122567m,ツモ2m / 打5m,"(4, 1, 8, 8, 5.09091)","(8, 3, 0, 8, 5.06667)",4,8,0,0
125567m,245567m,ツモ4m / 打1m,"(4, 1, 8, 8, 5.09091)","(7, 2, 10, 15, 7.45455)",4,7,0,1
125567m,255567m,ツモ5m / 打1m,"(4, 1, 8, 8, 5.09091)","(7, 3, 7, 16, 6.73913)",4,7,0,1
125567m,255667m,ツモ6m / 打1m,"(4, 1, 8, 8, 5.09091)","(7, 2, 5, 16, 6.72222)",4,7,0,1
125666m,112666m,ツモ1m / 打5m,"(4, 1, 6, 8, 5.05263)","(8, 3, 0, 8, 4.30769)",4,8,0,0
125666m,122666m,ツモ2m / 打5m,"(4, 1, 6, 8, 5.05263)","(8, 3, 0, 8, 4.61538)",4,8,0,0
125666m,245666m,ツモ4m / 打1m,"(4, 1, 6, 8, 5.05263)","(7, 3, 7, 16, 6.86364)",4,7,0,1
125666m,256666m,ツモ6m / 打1m,"(4, 1, 6, 8, 5.05263)","(8, 2, 1, 12, 6.46154)",4,8,0,1
125667m,112567m,ツモ1m / 打6m,"(4, 1, 10, 11, 5.47826)","(8, 3, 0, 8, 4.8)",4,8,0,0
125667m,122567m,ツモ2m / 打6m,"(4, 1, 10, 11, 5.47826)","(8, 3, 0, 8, 5.06667)",4,8,0,0
125667m,245667m,ツモ4m / 打1m,"(4, 1, 10, 11, 5.47826)","(11, 3, 1, 14, 6.84211)",4,11,0,1
125667m,255667m,ツモ5m / 打1m,"(4, 1, 10, 11, 5.47826)","(7, 2, 5, 16, 6.72222)",4,7,0,1
125667m,256677m,ツモ7m / 打1m,"(4, 1, 10, 11, 5.47826)","(7, 2, 7, 16, 7)",4,7,0,1
125667m,256678m,ツモ8m / 打1m,"(4, 1, 10, 11, 5.47826)","(7, 2, 7, 14, 6.43478)",4,7,0,1
125677m,112567m,ツモ1m / 打7m,"(4, 1, 9, 8, 5.16667)","(8, 3, 0, 8, 4.8)",4,8,0,0
125677m,122567m,ツモ2m / 打7m,"(4, 1, 9, 8, 5.16667)","(8, 3, 0, 8, 5.06667)",4,8,0,0
125677m,245677m,ツモ4m / 打1m,"(4, 1, 9, 8, 5.16667)","(8, 3, 5, 15, 7.25)",4,8,0,0
125677m,256677m,ツモ6m / 打1m,"(4, 1, 9, 8, 5.16667)","(7, 2, 7, 16, 7)",4,7,0,1
125677m,256777m,ツモ7m / 打1m,"(4, 1, 9, 8, 5.16667)","(7, 3, 7, 16, 6.68182)",4,7,0,1
125677m,256778m,ツモ8m / 打1m,"(4, 1, 9, 8, 5.16667)","(7, 2, 10, 15, 7)",4,7,0,1
125678m,112567m,ツモ1m / 打8m,"(4, 1, 12, 11, 5.6)","(8, 3, 0, 8, 4.8)",4,8,0,0
125678m,112678m,ツモ1m / 打5m,"(4, 1, 12, 11, 5.6)","(8, 3, 0, 8, 4.8)",4,8,0,0
125678m,122567m,ツモ2m / 打8m,"(4, 1, 12, 11, 5.6)","(8, 3, 0, 8, 5.06667)",4,8,0,0
125678m,122678m,ツモ2m / 打5m,"(4, 1, 12, 11, 5.6)","(8, 3, 0, 8, 5.06667)",4,8,0,0
125678m,245678m,ツモ4m / 打1m,"(4, 1, 12, 11, 5.6)","(11, 3, 4, 15, 7.20833)",4,11,0,1
125678m,256678m,ツモ6m / 打1m,"(4, 1, 12, 11, 5.6)","(7, 2, 7, 14, 6.43478)",4,7,0,1
125678m,256778m,ツモ7m / 打1m,"(4, 1, 12, 11, 5.6)","(7, 2, 10, 15, 7)",4,7,0,1
125678m,256789m,ツモ9m / 打1m,"(4, 1, 12, 11, 5.6)","(7, 2, 8, 11, 6)",4,7,0,1
125679m,112567m,ツモ1m / 打9m,"(4, 1, 5, 8, 4.9)","(8, 3, 0, 8, 4.8)",4,8,0,0
125679m,122567m,ツモ2m / 打9m,"(4, 1, 5, 8, 4.9)","(8, 3, 0, 8, 5.06667)",4,8,0,0
125679m,245679m,ツモ4m / 打1m,"(4, 1, 5, 8, 4.9)","(8, 2, 2, 11, 6.2)",4,8,0,0
125679m,256789m,ツモ8m / 打1m,"(4, 1, 5, 8, 4.9)","(7, 2, 8, 11, 6)",4,7,0,1
125777m,112777m,ツモ1m / 打5m,"(4, 1, 6, 8, 5.22222)","(8, 3, 0, 8, 4.30769)",4,8,0,0
125777m,122777m,ツモ2m / 打5m,"(4, 1, 6, 8, 5.22222)","(8, 3, 0, 8, 4.61538)",4,8,0,0
125777m,245777m,ツモ4m / 打1m,"(4, 1, 6, 8, 5.22222)","(8, 2, 2, 12, 6.5)",4,8,0,1
125777m,256777m,ツモ6m / 打1m,"(4, 1, 6, 8, 5.22222)","(7, 3, 7, 16, 6.68182)",4,7,0,1
125789m,112789m,ツモ1m / 打5m,"(4, 1, 6, 8, 5.15789)","(8, 3, 0, 8, 4.57143)",4,8,0,0
125789m,122789m,ツモ2m / 打5m,"(4, 1, 6, 8, 5.15789)","(8, 3, 0, 8, 4.85714)",4,8,0,0
125789m,245789m,ツモ4m / 打1m,"(4, 1, 6, 8, 5.15789)","(8, 2, 2, 12, 6.5)",4,8,0,1
125789m,256789m,ツモ6m / 打1m,"(4, 1, 6, 8, 5.15789)","(7, 2, 8, 11, 6)",4,7,0,1
125888m,112888m,ツモ1m / 打5m,"(4, 1, 6, 8, 5.41176)","(8, 3, 0, 8, 4.30769)",4,8,0,0
125888m,122888m,ツモ2m / 打5m,"(4, 1, 6, 8, 5.41176)","(8, 3, 0, 8, 4.61538)",4,8,0,0
125888m,245888m,ツモ4m / 打1m,"(4, 1, 6, 8, 5.41176)","(8, 2, 2, 12, 6.5)",4,8,0,1
125888m,256888m,ツモ6m / 打1m,"(4, 1, 6, 8, 5.41176)","(8, 2, 2, 12, 6.66667)",4,8,0,1
125999m,112999m,ツモ1m / 打5m,"(4, 1, 6, 8, 5.41176)","(8, 3, 0, 8, 4.30769)",4,8,0,0
125999m,122999m,ツモ2m / 打5m,"(4, 1, 6, 8, 5.41176)","(8, 3, 0, 8, 4.61538)",4,8,0,0
125999m,245999m,ツモ4m / 打1m,"(4, 1, 6, 8, 5.41176)","(8, 2, 2, 12, 6.5)",4,8,0,1
125999m,256999m,ツモ6m / 打1m,"(4, 1, 6, 8, 5.41176)","(8, 2, 2, 12, 6.66667)",4,8,0,1
126666m,112666m,ツモ1m / 打6m,"(4, 1, 7, 8, 5.64706)","(8, 3, 0, 8, 4.30769)",4,8,0,0
126666m,122666m,ツモ2m / 打6m,"(4, 1, 7, 8, 5.64706)","(8, 3, 0, 8, 4.61538)",4,8,0,0
126666m,246666m,ツモ4m / 打1m,"(4, 1, 7, 8, 5.64706)","(8, 2, 0, 8, 5.6)",4,8,0,0
126666m,256666m,ツモ5m / 打1m,"(4, 1, 7, 8, 5.64706)","(8, 2, 1, 12, 6.46154)",4,8,0,1
126666m,266667m,ツモ7m / 打1m,"(4, 1, 7, 8, 5.64706)","(8, 2, 1, 12, 6.4)",4,8,0,1
126667m,112666m,ツモ1m / 打7m,"(4, 1, 6, 8, 4.90909)","(8, 3, 0, 8, 4.30769)",4,8,0,0
126667m,122666m,ツモ2m / 打7m,"(4, 1, 6, 8, 4.90909)","(8, 3, 0, 8, 4.61538)",4,8,0,0
126667m,266667m,ツモ6m / 打1m,"(4, 1, 6, 8, 4.90909)","(8, 2, 1, 12, 6.4)",4,8,0,1
126667m,266678m,ツモ8m / 打1m,"(4, 1, 6, 8, 4.90909)","(7, 3, 8, 16, 6.625)",4,7,0,1
126668m,112666m,ツモ1m / 打8m,"(4, 1, 4, 8, 4.73684)","(8, 3, 0, 8, 4.30769)",4,8,0,0
126668m,122666m,ツモ2m / 打8m,"(4, 1, 4, 8, 4.73684)","(8, 3, 0, 8, 4.61538)",4,8,0,0
126668m,266678m,ツモ7m / 打1m,"(4, 1, 4, 8, 4.73684)","(7, 3, 8, 16, 6.625)",4,7,0,1
126669m,112666m,ツモ1m / 打9m,"(4, 1, 2, 8, 4.5)","(8, 3, 0, 8, 4.30769)",4,8,0,0
126669m,122666m,ツモ2m / 打9m,"(4, 1, 2, 8, 4.5)","(8, 3, 0, 8, 4.61538)",4,8,0,0
126678m,112678m,ツモ1m / 打6m,"(4, 1, 9, 8, 5.16667)","(8, 3, 0, 8, 4.8)",4,8,0,0
126678m,122678m,ツモ2m / 打6m,"(4, 1, 9, 8, 5.16667)","(8, 3, 0, 8, 5.06667)",4,8,0,0
126678m,246678m,ツモ4m / 打1m,"(4, 1, 9, 8, 5.16667)","(8, 2, 1, 11, 5.9)",4,8,0,0
126678m,256678m,ツモ5m / 打1m,"(4, 1, 9, 8, 5.16667)","(7, 2, 7, 14, 6.43478)",4,7,0,1
126678m,266678m,ツモ6m / 打1m,"(4, 1, 9, 8, 5.16667)","(7, 3, 8, 16, 6.625)",4,7,0,1
126678m,266778m,ツモ7m / 打1m,"(4, 1, 9, 8, 5.16667)","(7, 2, 6, 16, 6.65)",4,7,0,1
126777m,112777m,ツモ1m / 打6m,"(4, 1, 7, 8, 5.14286)","(8, 3, 0, 8, 4.30769)",4,8,0,0
126777m,122777m,ツモ2m / 打6m,"(4, 1, 7, 8, 5.14286)","(8, 3, 0, 8, 4.61538)",4,8,0,0
126777m,246777m,ツモ4m / 打1m,"(4, 1, 7, 8, 5.14286)","(8, 2, 0, 8, 5.44444)",4,8,0,0
126777m,256777m,ツモ5m / 打1m,"(4, 1, 7, 8, 5.14286)","(7, 3, 7, 16, 6.68182)",4,7,0,1
126777m,267777m,ツモ7m / 打1m,"(4, 1, 7, 8, 5.14286)","(8, 2, 1, 12, 6.4)",4,8,0,1
126778m,112678m,ツモ1m / 打7m,"(4, 1, 10, 8, 5.25)","(8, 3, 0, 8, 4.8)",4,8,0,0
126778m,122678m,ツモ2m / 打7m,"(4, 1, 10, 8, 5.25)","(8, 3, 0, 8, 5.06667)",4,8,0,0
126778m,256778m,ツモ5m / 打1m,"(4, 1, 10, 8, 5.25)","(7, 2, 10, 15, 7)",4,7,0,1
126778m,266778m,ツモ6m / 打1m,"(4, 1, 10, 8, 5.25)","(7, 2, 6, 16, 6.65)",4,7,0,1
126778m,267788m,ツモ8m / 打1m,"(4, 1, 10, 8, 5.25)","(7, 2, 5, 16, 6.45)",4,7,0,1
126778m,267789m,ツモ9m / 打1m,"(4, 1, 10, 8, 5.25)","(7, 2, 7, 11, 5.875)",4,7,0,1
126788m,112678m,ツモ1m / 打8m,"(4, 1, 6, 8, 4.69565)","(8, 3, 0, 8, 4.8)",4,8,0,0
126788m,122678m,ツモ2m / 打8m,"(4, 1, 6, 8, 4.69565)","(8, 3, 0, 8, 5.06667)",4,8,0,0
126788m,267788m,ツモ7m / 打1m,"(4, 1, 6, 8, 4.69565)","(7, 2, 5, 16, 6.45)",4,7,0,1
126788m,267888m,ツモ8m / 打1m,"(4, 1, 6, 8, 4.69565)","(7, 3, 7, 16, 6.125)",4,7,0,1
126789m,112678m,ツモ1m / 打9m,"(4, 1, 9, 8, 5.03448)","(8, 3, 0, 8, 4.8)",4,8,0,0
126789m,122678m,ツモ2m / 打9m,"(4, 1, 9, 8, 5.03448)","(8, 3, 0, 8, 5.06667)",4,8,0,0
126789m,246789m,ツモ4m / 打1m,"(4, 1, 9, 8, 5.03448)","(8, 2, 0, 8, 5.66667)",4,8,0,0
126789m,256789m,ツモ5m / 打1m,"(4, 1, 9, 8, 5.03448)","(7, 2, 8, 11, 6)",4,7,0,1
126789m,267789m,ツモ7m / 打1m,"(4, 1, 9, 8, 5.03448)","(7, 2, 7, 11, 5.875)",4,7,0,1
126888m,112888m,ツモ1m / 打6m,"(4, 1, 7, 8, 5.3)","(8, 3, 0, 8, 4.30769)",4,8,0,0
126888m,122888m,ツモ2m / 打6m,"(4, 1, 7, 8, 5.3)","(8, 3, 0, 8, 4.61538)",4,8,0,0
126888m,246888m,ツモ4m / 打1m,"(4, 1, 7, 8, 5.3)","(8, 2, 0, 8, 5.44444)",4,8,0,0
126888m,256888m,ツモ5m / 打1m,"(4, 1, 7, 8, 5.3)","(8, 2, 2, 12, 6.66667)",4,8,0,1
126888m,267888m,ツモ7m / 打1m,"(4, 1, 7, 8, 5.3)","(7, 3, 7, 16, 6.125)",4,7,0,1
126999m,112999m,ツモ1m / 打6m,"(4, 1, 7, 8, 5.47368)","(8, 3, 0, 8, 4.30769)",4,8,0,0
126999m,122999m,ツモ2m / 打6m,"(4, 1, 7, 8, 5.47368)","(8, 3, 0, 8, 4.61538)",4,8,0,0
126999m,246999m,ツモ4m / 打1m,"(4, 1, 7, 8, 5.47368)","(8, 2, 0, 8, 5.64706)",4,8,0,0
126999m,256999m,ツモ5m / 打1m,"(4, 1, 7, 8, 5.47368)","(8, 2, 2, 12, 6.66667)",4,8,0,1
126999m,267999m,ツモ7m / 打1m,"(4, 1, 7, 8, 5.47368)","(8, 2, 2, 12, 6.58824)",4,8,0,1
127777m,112777m,ツモ1m / 打7m,"(4, 1, 6, 8, 5.33333)","(8, 3, 0, 8, 4.30769)",4,8,0,0
127777m,122777m,ツモ2m / 打7m,"(4, 1, 6, 8, 5.33333)","(8, 3, 0, 8, 4.61538)",4,8,0,0
127777m,267777m,ツモ6m / 打1m,"(4, 1, 6, 8, 5.33333)","(8, 2, 1, 12, 6.4)",4,8,0,1
127777m,277778m,ツモ8m / 打1m,"(4, 1, 6, 8, 5.33333)","(8, 2, 1, 12, 6.13333)",4,8,0,1
127778m,112777m,ツモ1m / 打8m,"(4, 1, 4, 8, 4.6)","(8, 3, 0, 8, 4.30769)",4,8,0,0
127778m,122777m,ツモ2m / 打8m,"(4, 1, 4, 8, 4.6)","(8, 3, 0, 8, 4.61538)",4,8,0,0
127778m,277778m,ツモ7m / 打1m,"(4, 1, 4, 8, 4.6)","(8, 2, 1, 12, 6.13333)",4,8,0,1
127779m,112777m,ツモ1m / 打9m,"(4, 1, 2, 8, 4.35294)","(8, 3, 0, 8, 4.30769)",4,8,0,0
127779m,122777m,ツモ2m / 打9m,"(4, 1, 2, 8, 4.35294)","(8, 3, 0, 8, 4.61538)",4,8,0,0
127789m,112789m,ツモ1m / 打7m,"(4, 1, 6, 8, 4.69565)","(8, 3, 0, 8, 4.57143)",4,8,0,0
127789m,122789m,ツモ2m / 打7m,"(4, 1, 6, 8, 4.69565)","(8, 3, 0, 8, 4.85714)",4,8,0,0
127789m,267789m,ツモ6m / 打1m,"(4, 1, 6, 8, 4.69565)","(7, 2, 7, 11, 5.875)",4,7,0,1
127789m,277889m,ツモ8m / 打1m,"(4, 1, 6, 8, 4.69565)","(7, 2, 4, 12, 5.78947)",4,7,0,1
127888m,112888m,ツモ1m / 打7m,"(4, 1, 6, 8, 4.90909)","(8, 3, 0, 8, 4.30769)",4,8,0,0
127888m,122888m,ツモ2m / 打7m,"(4, 1, 6, 8, 4.90909)","(8, 3, 0, 8, 4.61538)",4,8,0,0
127888m,267888m,ツモ6m / 打1m,"(4, 1, 6, 8, 4.90909)","(7, 3, 7, 16, 6.125)",4,7,0,1
127888m,278888m,ツモ8m / 打1m,"(4, 1, 6, 8, 4.90909)","(8, 2, 1, 12, 6.13333)",4,8,0,1
127889m,112789m,ツモ1m / 打8m,"(4, 1, 4, 8, 4.38095)","(8, 3, 0, 8, 4.57143)",4,8,0,0
127889m,122789m,ツモ2m / 打8m,"(4, 1, 4, 8, 4.38095)","(8, 3, 0, 8, 4.85714)",4,8,0,0
127889m,277889m,ツモ7m / 打1m,"(4, 1, 4, 8, 4.38095)","(7, 2, 4, 12, 5.78947)",4,7,0,1
127899m,112789m,ツモ1m / 打9m,"(4, 1, 4, 8, 4.5)","(8, 3, 0, 8, 4.57143)",4,8,0,0
127899m,122789m,ツモ2m / 打9m,"(4, 1, 4, 8, 4.5)","(8, 3, 0, 8, 4.85714)",4,8,0,0
127899m,278999m,ツモ9m / 打1m,"(4, 1, 4, 8, 4.5)","(7, 3, 5, 12, 5.65217)",4,7,0,1
127999m,112999m,ツモ1m / 打7m,"(4, 1, 6, 8, 5.04762)","(8, 3, 0, 8, 4.30769)",4,8,0,0
127999m,122999m,ツモ2m / 打7m,"(4, 1, 6, 8, 5.04762)","(8, 3, 0, 8, 4.61538)",4,8,0,0
127999m,267999m,ツモ6m / 打1m,"(4, 1, 6, 8, 5.04762)","(8, 2, 2, 12, 6.58824)",4,8,0,1
127999m,278999m,ツモ8m / 打1m,"(4, 1, 6, 8, 5.04762)","(7, 3, 5, 12, 5.65217)",4,7,0,1
128888m,112888m,ツモ1m / 打8m,"(4, 1, 4, 8, 5)","(8, 3, 0, 8, 4.30769)",4,8,0,0
128888m,122888m,ツモ2m / 打8m,"(4, 1, 4, 8, 5)","(8, 3, 0, 8, 4.61538)",4,8,0,0
128888m,278888m,ツモ7m / 打1m,"(4, 1, 4, 8, 5)","(8, 2, 1, 12, 6.13333)",4,8,0,1
128889m,112888m,ツモ1m / 打9m,"(4, 1, 2, 8, 4.35294)","(8, 3, 0, 8, 4.30769)",4,8,0,0
128889m,122888m,ツモ2m / 打9m,"(4, 1, 2, 8, 4.35294)","(8, 3, 0, 8, 4.61538)",4,8,0,0
128999m,112999m,ツモ1m / 打8m,"(4, 1, 4, 8, 4.73684)","(8, 3, 0, 8, 4.30769)",4,8,0,0
128999m,122999m,ツモ2m / 打8m,"(4, 1, 4, 8, 4.73684)","(8, 3, 0, 8, 4.61538)",4,8,0,0
128999m,278999m,ツモ7m / 打1m,"(4, 1, 4, 8, 4.73684)","(7, 3, 5, 12, 5.65217)",4,7,0,1
129999m,112999m,ツモ1m / 打9m,"(4, 1, 2, 8, 4.57143)","(8, 3, 0, 8, 4.30769)",4,8,0,0
129999m,122999m,ツモ2m / 打9m,"(4, 1, 2, 8, 4.57143)","(8, 3, 0, 8, 4.61538)",4,8,0,0
133334m,333344m,ツモ4m / 打1m,"(8, 2, 1, 12, 6.15385)","(12, 4, 0, 8, 6.4)",8,12,1,1
133335m,333356m,ツモ6m / 打1m,"(8, 2, 0, 8, 5.42857)","(8, 2, 2, 12, 7.2)",8,8,0,1
133336m,113333m,ツモ1m / 打6m,"(4, 1, 8, 8, 5.88235)","(8, 3, 0, 8, 4.66667)",4,8,0,0
133336m,333346m,ツモ4m / 打1m,"(4, 1, 8, 8, 5.88235)","(8, 2, 1, 12, 6.93333)",4,8,0,1
133336m,333356m,ツモ5m / 打1m,"(4, 1, 8, 8, 5.88235)","(8, 2, 2, 12, 7.2)",4,8,0,1
133336m,333367m,ツモ7m / 打1m,"(4, 1, 8, 8, 5.88235)","(8, 2, 2, 12, 7.2)",4,8,0,1
133337m,113333m,ツモ1m / 打7m,"(4, 1, 9, 8, 6)","(8, 3, 0, 8, 4.66667)",4,8,0,0
133337m,333347m,ツモ4m / 打1m,"(4, 1, 9, 8, 6)","(8, 2, 1, 12, 6.66667)",4,8,0,1
133337m,333357m,ツモ5m / 打1m,"(4, 1, 9, 8, 6)","(8, 2, 0, 8, 6.25)",4,8,0,0
133337m,333367m,ツモ6m / 打1m,"(4, 1, 9, 8, 6)","(8, 2, 2, 12, 7.2)",4,8,0,1
133337m,333378m,ツモ8m / 打1m,"(4, 1, 9, 8, 6)","(8, 2, 2, 12, 7.25)",4,8,0,1
133338m,113333m,ツモ1m / 打8m,"(4, 1, 6, 8, 5.41176)","(8, 3, 0, 8, 4.66667)",4,8,0,0
133338m,133335m,ツモ5m / 打8m,"(4, 1, 6, 8, 5.41176)","(8, 2, 0, 8, 5.42857)",4,8,0,0
133338m,333348m,ツモ4m / 打1m,"(4, 1, 6, 8, 5.41176)","(8, 2, 1, 12, 6.4)",4,8,0,1
133338m,333378m,ツモ7m / 打1m,"(4, 1, 6, 8, 5.41176)","(8, 2, 2, 12, 7.25)",4,8,0,1
133339m,113333m,ツモ1m / 打9m,"(4, 1, 4, 8, 5.06667)","(8, 3, 0, 8, 4.66667)",4,8,0,0
133339m,133334m,ツモ4m / 打9m,"(4, 1, 4, 8, 5.06667)","(8, 2, 1, 12, 6.15385)",4,8,0,1
133339m,133335m,ツモ5m / 打9m,"(4, 1, 4, 8, 5.06667)","(8, 2, 0, 8, 5.42857)",4,8,0,0
133344m,233344m,ツモ2m / 打1m,"(4, 2, 9, 16, 8.21429)","(12, 5, 0, 11, 5.93333)",4,12,0,1
133344m,333344m,ツモ3m / 打1m,"(4, 2, 9, 16, 8.21429)","(12, 4, 0, 8, 6.4)",4,12,0,1
133344m,333445m,ツモ5m / 打1m,"(4, 2, 9, 16, 8.21429)","(16, 6, 0, 11, 6.33333)",4,16,0,1
133344m,333446m,ツモ6m / 打1m,"(4, 2, 9, 16, 8.21429)","(8, 3, 2, 12, 6.71429)",4,8,0,0
133345m,333445m,ツモ4m / 打1m,"(11, 4, 2, 16, 6.4375)","(16, 6, 0, 11, 6.33333)",11,16,1,1
133345m,333455m,ツモ5m / 打1m,"(11, 4, 2, 16, 6.4375)","(12, 5, 1, 14, 6.73333)",11,12,1,1
133346m,123334m,ツモ2m / 打6m,"(4, 1, 10, 10, 6.16667)","(10, 4, 3, 12, 5.78947)",4,10,0,1
133346m,333346m,ツモ3m / 打1m,"(4, 1, 10, 10, 6.16667)","(8, 2, 1, 12, 6.93333)",4,8,0,1
133346m,333446m,ツモ4m / 打1m,"(4, 1, 10, 10, 6.16667)","(8, 3, 2, 12, 6.71429)",4,8,0,0
133346m,333466m,ツモ6m / 打1m,"(4, 1, 10, 10, 6.16667)","(8, 3, 1, 12, 6.21429)",4,8,0,0
133346m,333467m,ツモ7m / 打1m,"(4, 1, 10, 10, 6.16667)","(8, 2, 2, 12, 7)",4,8,0,1
133346m,333468m,ツモ8m / 打1m,"(4, 1, 10, 10, 6.16667)","(8, 2, 0, 8, 5.44444)",4,8,0,0
133355m,123355m,ツモ2m / 打3m,"(4, 2, 10, 12, 7.26667)","(8, 3, 1, 12, 5.93333)",4,8,0,0
133355m,333355m,ツモ3m / 打1m,"(4, 2, 10, 12, 7.26667)","(8, 3, 1, 12, 6.33333)",4,8,0,0
133355m,333455m,ツモ4m / 打1m,"(4, 2, 10, 12, 7.26667)","(12, 5, 1, 14, 6.73333)",4,12,0,1
133355m,333556m,ツモ6m / 打1m,"(4, 2, 10, 12, 7.26667)","(12, 4, 0, 12, 6.90909)",4,12,0,1
133355m,333557m,ツモ7m / 打1m,"(4, 2, 10, 12, 7.26667)","(8, 3, 1, 12, 6.42857)",4,8,0,0
133356m,333556m,ツモ5m / 打1m,"(8, 2, 2, 12, 6.625)","(12, 4, 0, 12, 6.90909)",8,12,1,1
133356m,333566m,ツモ6m / 打1m,"(8, 2, 2, 12, 6.625)","(12, 4, 0, 12, 6.90909)",8,12,1,1
133357m,123357m,ツモ2m / 打3m,"(4, 1, 11, 11, 6.2)","(8, 2, 0, 8, 5.7)",4,8,0,0
133357m,133345m,ツモ4m / 打7m,"(4, 1, 11, 11, 6.2)","(11, 4, 2, 16, 6.4375)",4,11,0,1
133357m,333357m,ツモ3m / 打1m,"(4, 1, 11, 11, 6.2)","(8, 2, 0, 8, 6.25)",4,8,0,0
133357m,333557m,ツモ5m / 打1m,"(4, 1, 11, 11, 6.2)","(8, 3, 1, 12, 6.42857)",4,8,0,0
133357m,333577m,ツモ7m / 打1m,"(4, 1, 11, 11, 6.2)","(8, 3, 1, 12, 6.21429)",4,8,0,0
133357m,333578m,ツモ8m / 打1m,"(4, 1, 11, 11, 6.2)","(8, 2, 2, 12, 7.17647)",4,8,0,1
133357m,333579m,ツモ9m / 打1m,"(4, 1, 11, 11, 6.2)","(8, 2, 0, 8, 5.52941)",4,8,0,0
133366m,333466m,ツモ4m / 打1m,"(4, 2, 6, 12, 6.06667)","(8, 3, 1, 12, 6.21429)",4,8,0,0
133366m,333566m,ツモ5m / 打1m,"(4, 2, 6, 12, 6.06667)","(12, 4, 0, 12, 6.90909)",4,12,0,1
133366m,333667m,ツモ7m / 打1m,"(4, 2, 6, 12, 6.06667)","(12, 4, 0, 12, 6.90909)",4,12,0,1
133366m,333668m,ツモ8m / 打1m,"(4, 2, 6, 12, 6.06667)","(8, 3, 1, 12, 5.84615)",4,8,0,0
133367m,333667m,ツモ6m / 打1m,"(8, 2, 2, 12, 6)","(12, 4, 0, 12, 6.90909)",8,12,1,1
133367m,333677m,ツモ7m / 打1m,"(8, 2, 2, 12, 6)","(12, 4, 0, 12, 6.90909)",8,12,1,1
133368m,133356m,ツモ5m / 打8m,"(4, 1, 5, 8, 4.94737)","(8, 2, 2, 12, 6.625)",4,8,0,1
133368m,333468m,ツモ4m / 打1m,"(4, 1, 5, 8, 4.94737)","(8, 2, 0, 8, 5.44444)",4,8,0,0
133368m,333668m,ツモ6m / 打1m,"(4, 1, 5, 8, 4.94737)","(8, 3, 1, 12, 5.84615)",4,8,0,0
133368m,333688m,ツモ8m / 打1m,"(4, 1, 5, 8, 4.94737)","(8, 3, 0, 8, 5.23077)",4,8,0,0
133377m,333577m,ツモ5m / 打1m,"(4, 2, 6, 12, 6.06667)","(8, 3, 1, 12, 6.21429)",4,8,0,0
133377m,333677m,ツモ6m / 打1m,"(4, 2, 6, 12, 6.06667)","(12, 4, 0, 12, 6.90909)",4,12,0,1
133377m,333778m,ツモ8m / 打1m,"(4, 2, 6, 12, 6.06667)","(12, 4, 0, 12, 6.90909)",4,12,0,1
133377m,333779m,ツモ9m / 打1m,"(4, 2, 6, 12, 6.06667)","(8, 3, 1, 12, 5.84615)",4,8,0,0
133378m,333778m,ツモ7m / 打1m,"(8, 2, 2, 12, 6.125)","(12, 4, 0, 12, 6.90909)",8,12,1,1
133378m,333788m,ツモ8m / 打1m,"(8, 2, 2, 12, 6.125)","(12, 4, 0, 12, 6.54545)",8,12,1,1
133379m,333579m,ツモ5m / 打1m,"(4, 1, 5, 8, 5)","(8, 2, 0, 8, 5.52941)",4,8,0,0
133379m,333679m,ツモ6m / 打1m,"(4, 1, 5, 8, 5)","(8, 2, 2, 12, 6.66667)",4,8,0,1
133379m,333779m,ツモ7m / 打1m,"(4, 1, 5, 8, 5)","(8, 3, 1, 12, 5.84615)",4,8,0,0
133379m,333799m,ツモ9m / 打1m,"(4, 1, 5, 8, 5)","(8, 3, 0, 8, 4.92308)",4,8,0,0
133388m,333688m,ツモ6m / 打1m,"(4, 2, 4, 12, 5.35714)","(8, 3, 0, 8, 5.23077)",4,8,0,0
133388m,333788m,ツモ7m / 打1m,"(4, 2, 4, 12, 5.35714)","(12, 4, 0, 12, 6.54545)",4,12,0,1
133388m,333889m,ツモ9m / 打1m,"(4, 2, 4, 12, 5.35714)","(8, 3, 0, 8, 4.61538)",4,8,0,0
133389m,333889m,ツモ8m / 打1m,"(4, 1, 2, 8, 4.35294)","(8, 3, 0, 8, 4.61538)",4,8,0,0
133389m,333899m,ツモ9m / 打1m,"(4, 1, 2, 8, 4.35294)","(8, 3, 0, 8, 4.30769)",4,8,0,0
133399m,333799m,ツモ7m / 打1m,"(4, 2, 2, 8, 4.53846)","(8, 3, 0, 8, 4.92308)",4,8,0,0
133399m,333899m,ツモ8m / 打1m,"(4, 2, 2, 8, 4.53846)","(8, 3, 0, 8, 4.30769)",4,8,0,0
133444m,334444m,ツモ4m / 打1m,"(8, 3, 2, 12, 6.14286)","(12, 4, 0, 8, 6.4)",8,12,0,1
133444m,334445m,ツモ5m / 打1m,"(8, 3, 2, 12, 6.14286)","(12, 5, 1, 14, 6.46667)",8,12,0,1
133445m,113345m,ツモ1m / 打4m,"(7, 2, 7, 16, 7.58824)","(8, 3, 1, 11, 5.4)",7,8,1,0
133445m,333445m,ツモ3m / 打1m,"(7, 2, 7, 16, 7.58824)","(16, 6, 0, 11, 6.33333)",7,16,1,1
133445m,334445m,ツモ4m / 打1m,"(7, 2, 7, 16, 7.58824)","(12, 5, 1, 14, 6.46667)",7,12,1,1
133445m,334456m,ツモ6m / 打1m,"(7, 2, 7, 16, 7.58824)","(11, 4, 4, 15, 8.82353)",7,11,1,1
133455m,113345m,ツモ1m / 打5m,"(7, 2, 8, 12, 6.94444)","(8, 3, 1, 11, 5.4)",7,8,0,0
133455m,333455m,ツモ3m / 打1m,"(7, 2, 8, 12, 6.94444)","(12, 5, 1, 14, 6.73333)",7,12,0,1
133455m,334555m,ツモ5m / 打1m,"(7, 2, 8, 12, 6.94444)","(12, 5, 1, 14, 6.73333)",7,12,0,1
133455m,334556m,ツモ6m / 打1m,"(7, 2, 8, 12, 6.94444)","(11, 4, 4, 15, 8.58824)",7,11,0,1
133456m,334456m,ツモ4m / 打1m,"(8, 3, 5, 15, 7.7)","(11, 4, 4, 15, 8.82353)",8,11,0,1
133456m,334556m,ツモ5m / 打1m,"(8, 3, 5, 15, 7.7)","(11, 4, 4, 15, 8.58824)",8,11,0,1
133456m,334567m,ツモ7m / 打1m,"(8, 3, 5, 15, 7.7)","(15, 5, 0, 15, 7.94118)",8,15,0,1
133457m,113345m,ツモ1m / 打7m,"(4, 1, 13, 15, 6.72727)","(8, 3, 1, 11, 5.4)",4,8,0,0
133457m,133345m,ツモ3m / 打7m,"(4, 1, 13, 15, 6.72727)","(11, 4, 2, 16, 6.4375)",4,11,0,1
133457m,334457m,ツモ4m / 打1m,"(4, 1, 13, 15, 6.72727)","(7, 2, 7, 16, 7.78947)",4,7,0,1
133457m,334557m,ツモ5m / 打1m,"(4, 1, 13, 15, 6.72727)","(7, 2, 11, 12, 7.25)",4,7,0,0
133457m,334567m,ツモ6m / 打1m,"(4, 1, 13, 15, 6.72727)","(15, 5, 0, 15, 7.94118)",4,15,0,1
133457m,334578m,ツモ8m / 打1m,"(4, 1, 13, 15, 6.72727)","(8, 2, 3, 12, 7.2381)",4,8,0,1
133458m,113345m,ツモ1m / 打8m,"(4, 1, 11, 11, 6.21053)","(8, 3, 1, 11, 5.4)",4,8,0,0
133458m,133345m,ツモ3m / 打8m,"(4, 1, 11, 11, 6.21053)","(11, 4, 2, 16, 6.4375)",4,11,0,1
133458m,133445m,ツモ4m / 打8m,"(4, 1, 11, 11, 6.21053)","(7, 2, 7, 16, 7.58824)",4,7,0,1
133458m,133455m,ツモ5m / 打8m,"(4, 1, 11, 11, 6.21053)","(7, 2, 8, 12, 6.94444)",4,7,0,0
133458m,133456m,ツモ6m / 打8m,"(4, 1, 11, 11, 6.21053)","(8, 3, 5, 15, 7.7)",4,8,0,0
133458m,334578m,ツモ7m / 打1m,"(4, 1, 11, 11, 6.21053)","(8, 2, 3, 12, 7.2381)",4,8,0,1
133459m,113345m,ツモ1m / 打9m,"(4, 1, 7, 11, 5.36842)","(8, 3, 1, 11, 5.4)",4,8,0,0
133459m,133345m,ツモ3m / 打9m,"(4, 1, 7, 11, 5.36842)","(11, 4, 2, 16, 6.4375)",4,11,0,1
133459m,133445m,ツモ4m / 打9m,"(4, 1, 7, 11, 5.36842)","(7, 2, 7, 16, 7.58824)",4,7,0,1
133459m,133455m,ツモ5m / 打9m,"(4, 1, 7, 11, 5.36842)","(7, 2, 8, 12, 6.94444)",4,7,0,0
133459m,133456m,ツモ6m / 打9m,"(4, 1, 7, 11, 5.36842)","(8, 3, 5, 15, 7.7)",4,8,0,0
133555m,334555m,ツモ4m / 打1m,"(8, 3, 1, 12, 5.85714)","(12, 5, 1, 14, 6.73333)",8,12,0,1
133567m,334567m,ツモ4m / 打1m,"(8, 3, 2, 15, 6.875)","(15, 5, 0, 15, 7.94118)",8,15,0,1
133666m,334666m,ツモ4m / 打1m,"(8, 3, 1, 12, 5.84615)","(12, 4, 0, 12, 6.90909)",8,12,0,1
133678m,334678m,ツモ4m / 打1m,"(8, 3, 1, 12, 6.13333)","(12, 4, 0, 12, 7.33333)",8,12,0,1
133777m,334777m,ツモ4m / 打1m,"(8, 3, 1, 12, 5.84615)","(12, 4, 0, 12, 6.90909)",8,12,0,1
133789m,334789m,ツモ4m / 打1m,"(8, 3, 1, 12, 6)","(12, 4, 0, 12, 7.33333)",8,12,0,1
133888m,334888m,ツモ4m / 打1m,"(8, 3, 1, 12, 5.84615)","(12, 4, 0, 12, 6.90909)",8,12,0,1
133999m,334999m,ツモ4m / 打1m,"(8, 3, 1, 12, 5.84615)","(12, 4, 0, 12, 6.90909)",8,12,0,1
134444m,334444m,ツモ3m / 打1m,"(8, 2, 1, 12, 6.46154)","(12, 4, 0, 8, 6.4)",8,12,1,1
134445m,113444m,ツモ1m / 打5m,"(7, 3, 5, 14, 6.35)","(8, 3, 0, 8, 4.78571)",7,8,0,0
134445m,334445m,ツモ3m / 打1m,"(7, 3, 5, 14, 6.35)","(12, 5, 1, 14, 6.46667)",7,12,0,1
134445m,344455m,ツモ5m / 打1m,"(7, 3, 5, 14, 6.35)","(12, 5, 1, 14, 6.46667)",7,12,0,1
134445m,344456m,ツモ6m / 打1m,"(7, 3, 5, 14, 6.35)","(14, 5, 0, 12, 7.11765)",7,14,0,1
134446m,113444m,ツモ1m / 打6m,"(4, 1, 10, 14, 6.15)","(8, 3, 0, 8, 4.78571)",4,8,0,0
134446m,133444m,ツモ3m / 打6m,"(4, 1, 10, 14, 6.15)","(8, 3, 2, 12, 6.14286)",4,8,0,0
134446m,344446m,ツモ4m / 打1m,"(4, 1, 10, 14, 6.15)","(8, 2, 1, 12, 6.66667)",4,8,0,1
134446m,344456m,ツモ5m / 打1m,"(4, 1, 10, 14, 6.15)","(14, 5, 0, 12, 7.11765)",4,14,0,1
134446m,344467m,ツモ7m / 打1m,"(4, 1, 10, 14, 6.15)","(8, 2, 3, 12, 7)",4,8,0,1
134447m,113444m,ツモ1m / 打7m,"(4, 1, 10, 8, 5.9)","(8, 3, 0, 8, 4.78571)",4,8,0,0
134447m,133444m,ツモ3m / 打7m,"(4, 1, 10, 8, 5.9)","(8, 3, 2, 12, 6.14286)",4,8,0,0
134447m,344447m,ツモ4m / 打1m,"(4, 1, 10, 8, 5.9)","(8, 2, 1, 12, 6.66667)",4,8,0,1
134447m,344457m,ツモ5m / 打1m,"(4, 1, 10, 8, 5.9)","(7, 3, 9, 14, 6.625)",4,7,0,0
134447m,344467m,ツモ6m / 打1m,"(4, 1, 10, 8, 5.9)","(8, 2, 3, 12, 7)",4,8,0,1
134447m,344478m,ツモ8m / 打1m,"(4, 1, 10, 8, 5.9)","(8, 2, 2, 12, 6.8)",4,8,0,1
134448m,113444m,ツモ1m / 打8m,"(4, 1, 7, 8, 5.36842)","(8, 3, 0, 8, 4.78571)",4,8,0,0
134448m,133444m,ツモ3m / 打8m,"(4, 1, 7, 8, 5.36842)","(8, 3, 2, 12, 6.14286)",4,8,0,0
134448m,134444m,ツモ4m / 打8m,"(4, 1, 7, 8, 5.36842)","(8, 2, 1, 12, 6.46154)",4,8,0,1
134448m,134445m,ツモ5m / 打8m,"(4, 1, 7, 8, 5.36842)","(7, 3, 5, 14, 6.35)",4,7,0,0
134448m,344478m,ツモ7m / 打1m,"(4, 1, 7, 8, 5.36842)","(8, 2, 2, 12, 6.8)",4,8,0,1
134449m,113444m,ツモ1m / 打9m,"(4, 1, 5, 8, 5.05882)","(8, 3, 0, 8, 4.78571)",4,8,0,0
134449m,133444m,ツモ3m / 打9m,"(4, 1, 5, 8, 5.05882)","(8, 3, 2, 12, 6.14286)",4,8,0,0
134449m,134444m,ツモ4m / 打9m,"(4, 1, 5, 8, 5.05882)","(8, 2, 1, 12, 6.46154)",4,8,0,1
134449m,134445m,ツモ5m / 打9m,"(4, 1, 5, 8, 5.05882)","(7, 3, 5, 14, 6.35)",4,7,0,0
134455m,234455m,ツモ2m / 打1m,"(7, 2, 5, 16, 7.73333)","(11, 4, 2, 14, 7.88235)",7,11,1,1
134455m,344455m,ツモ4m / 打1m,"(7, 2, 5, 16, 7.73333)","(12, 5, 1, 14, 6.46667)",7,12,1,1
134455m,344555m,ツモ5m / 打1m,"(7, 2, 5, 16, 7.73333)","(16, 6, 0, 11, 6.33333)",7,16,1,1
134456m,113456m,ツモ1m / 打4m,"(7, 2, 10, 15, 7.8)","(8, 3, 2, 11, 5.85)",7,8,1,0
134456m,334456m,ツモ3m / 打1m,"(7, 2, 10, 15, 7.8)","(11, 4, 4, 15, 8.82353)",7,11,1,1
134456m,344456m,ツモ4m / 打1m,"(7, 2, 10, 15, 7.8)","(14, 5, 0, 12, 7.11765)",7,14,1,1
134456m,344566m,ツモ6m / 打1m,"(7, 2, 10, 15, 7.8)","(11, 4, 4, 15, 8.58824)",7,11,1,1
134456m,344567m,ツモ7m / 打1m,"(7, 2, 10, 15, 7.8)","(15, 5, 0, 15, 9.1875)",7,15,1,1
134456m,344568m,ツモ8m / 打1m,"(7, 2, 10, 15, 7.8)","(11, 3, 1, 14, 6.84211)",7,11,1,1
134555m,113555m,ツモ1m / 打4m,"(7, 3, 7, 16, 7.15)","(8, 3, 0, 8, 4.78571)",7,8,1,0
134555m,334555m,ツモ3m / 打1m,"(7, 3, 7, 16, 7.15)","(12, 5, 1, 14, 6.73333)",7,12,1,1
134555m,344555m,ツモ4m / 打1m,"(7, 3, 7, 16, 7.15)","(16, 6, 0, 11, 6.33333)",7,16,1,1
134555m,345556m,ツモ6m / 打1m,"(7, 3, 7, 16, 7.15)","(14, 5, 0, 12, 7.11765)",7,14,1,1
134555m,345557m,ツモ7m / 打1m,"(7, 3, 7, 16, 7.15)","(11, 4, 2, 16, 6.75)",7,11,1,1
134556m,345556m,ツモ5m / 打1m,"(11, 3, 1, 14, 7.17647)","(14, 5, 0, 12, 7.11765)",11,14,1,1
134557m,123455m,ツモ2m / 打7m,"(4, 1, 14, 11, 6.8)","(11, 4, 0, 11, 6.63158)",4,11,0,1
134557m,334557m,ツモ3m / 打1m,"(4, 1, 14, 11, 6.8)","(7, 2, 11, 12, 7.25)",4,7,0,0
134557m,344557m,ツモ4m / 打1m,"(4, 1, 14, 11, 6.8)","(7, 2, 10, 16, 7.84211)",4,7,0,1
134557m,345557m,ツモ5m / 打1m,"(4, 1, 14, 11, 6.8)","(11, 4, 2, 16, 6.75)",4,11,0,1
134557m,345577m,ツモ7m / 打1m,"(4, 1, 14, 11, 6.8)","(8, 3, 2, 12, 6.73333)",4,8,0,0
134557m,345578m,ツモ8m / 打1m,"(4, 1, 14, 11, 6.8)","(8, 2, 3, 12, 7.47368)",4,8,0,1
134557m,345579m,ツモ9m / 打1m,"(4, 1, 14, 11, 6.8)","(8, 2, 1, 11, 6)",4,8,0,0
134566m,344566m,ツモ4m / 打1m,"(8, 3, 5, 15, 7.42105)","(11, 4, 4, 15, 8.58824)",8,11,0,1
134566m,345566m,ツモ5m / 打1m,"(8, 3, 5, 15, 7.42105)","(11, 4, 4, 15, 8.82353)",8,11,0,1
134566m,345667m,ツモ7m / 打1m,"(8, 3, 5, 15, 7.42105)","(15, 5, 0, 15, 9.1875)",8,15,0,1
134567m,334567m,ツモ3m / 打1m,"(11, 3, 4, 15, 7.20833)","(15, 5, 0, 15, 7.94118)",11,15,1,1
134567m,344567m,ツモ4m / 打1m,"(11, 3, 4, 15, 7.20833)","(15, 5, 0, 15, 9.1875)",11,15,1,1
134567m,345667m,ツモ6m / 打1m,"(11, 3, 4, 15, 7.20833)","(15, 5, 0, 15, 9.1875)",11,15,1,1
134567m,345677m,ツモ7m / 打1m,"(11, 3, 4, 15, 7.20833)","(15, 5, 0, 15, 7.94118)",11,15,1,1
134568m,134556m,ツモ5m / 打8m,"(8, 2, 2, 11, 6.2)","(11, 3, 1, 14, 7.17647)",8,11,0,1
134568m,344568m,ツモ4m / 打1m,"(8, 2, 2, 11, 6.2)","(11, 3, 1, 14, 6.84211)",8,11,0,1
134569m,113456m,ツモ1m / 打9m,"(4, 1, 10, 11, 5.91667)","(8, 3, 2, 11, 5.85)",4,8,0,0
134569m,133456m,ツモ3m / 打9m,"(4, 1, 10, 11, 5.91667)","(8, 3, 5, 15, 7.7)",4,8,0,0
134569m,134456m,ツモ4m / 打9m,"(4, 1, 10, 11, 5.91667)","(7, 2, 10, 15, 7.8)",4,7,0,1
134569m,134556m,ツモ5m / 打9m,"(4, 1, 10, 11, 5.91667)","(11, 3, 1, 14, 7.17647)",4,11,0,1
134569m,134566m,ツモ6m / 打9m,"(4, 1, 10, 11, 5.91667)","(8, 3, 5, 15, 7.42105)",4,8,0,0
134569m,134567m,ツモ7m / 打9m,"(4, 1, 10, 11, 5.91667)","(11, 3, 4, 15, 7.20833)",4,11,0,1
134569m,134568m,ツモ8m / 打9m,"(4, 1, 10, 11, 5.91667)","(8, 2, 2, 11, 6.2)",4,8,0,0
134569m,345679m,ツモ7m / 打1m,"(4, 1, 10, 11, 5.91667)","(11, 3, 4, 15, 7.20833)",4,11,0,1
134577m,234577m,ツモ2m / 打1m,"(4, 2, 9, 15, 6.72222)","(8, 3, 3, 12, 7.05)",4,8,0,0
134577m,345577m,ツモ5m / 打1m,"(4, 2, 9, 15, 6.72222)","(8, 3, 2, 12, 6.73333)",4,8,0,0
134577m,345677m,ツモ6m / 打1m,"(4, 2, 9, 15, 6.72222)","(15, 5, 0, 15, 7.94118)",4,15,0,1
134577m,345778m,ツモ8m / 打1m,"(4, 2, 9, 15, 6.72222)","(12, 4, 0, 12, 7.66667)",4,12,0,1
134577m,345779m,ツモ9m / 打1m,"(4, 2, 9, 15, 6.72222)","(8, 3, 2, 15, 6.875)",4,8,0,0
134578m,345778m,ツモ7m / 打1m,"(8, 2, 2, 12, 6.70588)","(12, 4, 0, 12, 7.66667)",8,12,1,1
134578m,345788m,ツモ8m / 打1m,"(8, 2, 2, 12, 6.70588)","(12, 4, 0, 12, 7)",8,12,1,1
134579m,134567m,ツモ6m / 打9m,"(4, 1, 9, 11, 5.81818)","(11, 3, 4, 15, 7.20833)",4,11,0,1
134579m,234579m,ツモ2m / 打1m,"(4, 1, 9, 11, 5.81818)","(8, 2, 1, 11, 6.32)",4,8,0,0
134579m,345579m,ツモ5m / 打1m,"(4, 1, 9, 11, 5.81818)","(8, 2, 1, 11, 6)",4,8,0,0
134579m,345679m,ツモ6m / 打1m,"(4, 1, 9, 11, 5.81818)","(11, 3, 4, 15, 7.20833)",4,11,0,1
134579m,345779m,ツモ7m / 打1m,"(4, 1, 9, 11, 5.81818)","(8, 3, 2, 15, 6.875)",4,8,0,0
134579m,345799m,ツモ9m / 打1m,"(4, 1, 9, 11, 5.81818)","(8, 3, 1, 11, 5.6875)",4,8,0,0
134588m,123458m,ツモ2m / 打8m,"(4, 2, 6, 12, 5.6875)","(7, 2, 8, 11, 6)",4,7,0,1
134588m,345688m,ツモ6m / 打1m,"(4, 2, 6, 12, 5.6875)","(8, 3, 2, 11, 6.25)",4,8,0,0
134588m,345788m,ツモ7m / 打1m,"(4, 2, 6, 12, 5.6875)","(12, 4, 0, 12, 7)",4,12,0,1
134588m,345889m,ツモ9m / 打1m,"(4, 2, 6, 12, 5.6875)","(8, 3, 0, 8, 5.06667)",4,8,0,0
134589m,123458m,ツモ2m / 打9m,"(4, 1, 5, 8, 4.9)","(7, 2, 8, 11, 6)",4,7,0,1
134589m,134568m,ツモ6m / 打9m,"(4, 1, 5, 8, 4.9)","(8, 2, 2, 11, 6.2)",4,8,0,0
134589m,345889m,ツモ8m / 打1m,"(4, 1, 5, 8, 4.9)","(8, 3, 0, 8, 5.06667)",4,8,0,0
134589m,345899m,ツモ9m / 打1m,"(4, 1, 5, 8, 4.9)","(8, 3, 0, 8, 4.8)",4,8,0,0
134599m,123459m,ツモ2m / 打9m,"(4, 2, 3, 8, 4.6875)","(7, 2, 6, 11, 5.69231)",4,7,0,1
134599m,345799m,ツモ7m / 打1m,"(4, 2, 3, 8, 4.6875)","(8, 3, 1, 11, 5.6875)",4,8,0,0
134599m,345899m,ツモ8m / 打1m,"(4, 2, 3, 8, 4.6875)","(8, 3, 0, 8, 4.8)",4,8,0,0
134666m,334666m,ツモ3m / 打1m,"(8, 2, 2, 12, 6.66667)","(12, 4, 0, 12, 6.90909)",8,12,1,1
134666m,344666m,ツモ4m / 打1m,"(8, 2, 2, 12, 6.66667)","(12, 4, 0, 12, 6.90909)",8,12,1,1
134678m,334678m,ツモ3m / 打1m,"(8, 2, 2, 12, 6.58824)","(12, 4, 0, 12, 7.33333)",8,12,1,1
134678m,344678m,ツモ4m / 打1m,"(8, 2, 2, 12, 6.58824)","(12, 4, 0, 12, 7.66667)",8,12,1,1
134777m,334777m,ツモ3m / 打1m,"(8, 2, 2, 12, 6.66667)","(12, 4, 0, 12, 6.90909)",8,12,1,1
134777m,344777m,ツモ4m / 打1m,"(8, 2, 2, 12, 6.66667)","(12, 4, 0, 12, 6.90909)",8,12,1,1
134789m,334789m,ツモ3m / 打1m,"(8, 2, 2, 12, 6.75)","(12, 4, 0, 12, 7.33333)",8,12,1,1
134789m,344789m,ツモ4m / 打1m,"(8, 2, 2, 12, 6.75)","(12, 4, 0, 12, 7.33333)",8,12,1,1
134888m,334888m,ツモ3m / 打1m,"(8, 2, 2, 12, 6.66667)","(12, 4, 0, 12, 6.90909)",8,12,1,1
134888m,344888m,ツモ4m / 打1m,"(8, 2, 2, 12, 6.66667)","(12, 4, 0, 12, 6.90909)",8,12,1,1
134999m,334999m,ツモ3m / 打1m,"(8, 2, 2, 12, 6.66667)","(12, 4, 0, 12, 6.90909)",8,12,1,1
134999m,344999m,ツモ4m / 打1m,"(8, 2, 2, 12, 6.66667)","(12, 4, 0, 12, 6.90909)",8,12,1,1
135555m,355556m,ツモ6m / 打1m,"(8, 2, 0, 8, 5.71429)","(8, 2, 1, 12, 6.66667)",8,8,0,1
135556m,113555m,ツモ1m / 打6m,"(4, 1, 11, 14, 6.52381)","(8, 3, 0, 8, 4.78571)",4,8,0,0
135556m,133555m,ツモ3m / 打6m,"(4, 1, 11, 14, 6.52381)","(8, 3, 1, 12, 5.85714)",4,8,0,0
135556m,345556m,ツモ4m / 打1m,"(4, 1, 11, 14, 6.52381)","(14, 5, 0, 12, 7.11765)",4,14,0,1
135556m,355556m,ツモ5m / 打1m,"(4, 1, 11, 14, 6.52381)","(8, 2, 1, 12, 6.66667)",4,8,0,1
135556m,355567m,ツモ7m / 打1m,"(4, 1, 11, 14, 6.52381)","(11, 4, 2, 16, 6.75)",4,11,0,1
135557m,113555m,ツモ1m / 打7m,"(4, 1, 11, 11, 6.18182)","(8, 3, 0, 8, 4.78571)",4,8,0,0
135557m,133555m,ツモ3m / 打7m,"(4, 1, 11, 11, 6.18182)","(8, 3, 1, 12, 5.85714)",4,8,0,0
135557m,345557m,ツモ4m / 打1m,"(4, 1, 11, 11, 6.18182)","(11, 4, 2, 16, 6.75)",4,11,0,1
135557m,355557m,ツモ5m / 打1m,"(4, 1, 11, 11, 6.18182)","(8, 2, 0, 8, 6)",4,8,0,0
135557m,355567m,ツモ6m / 打1m,"(4, 1, 11, 11, 6.18182)","(11, 4, 2, 16, 6.75)",4,11,0,1
135557m,355578m,ツモ8m / 打1m,"(4, 1, 11, 11, 6.18182)","(8, 2, 3, 12, 7.05263)",4,8,0,1
135558m,113555m,ツモ1m / 打8m,"(4, 1, 7, 8, 5.36842)","(8, 3, 0, 8, 4.78571)",4,8,0,0
135558m,133555m,ツモ3m / 打8m,"(4, 1, 7, 8, 5.36842)","(8, 3, 1, 12, 5.85714)",4,8,0,0
135558m,134555m,ツモ4m / 打8m,"(4, 1, 7, 8, 5.36842)","(7, 3, 7, 16, 7.15)",4,7,0,1
135558m,135555m,ツモ5m / 打8m,"(4, 1, 7, 8, 5.36842)","(8, 2, 0, 8, 5.71429)",4,8,0,0
135558m,355578m,ツモ7m / 打1m,"(4, 1, 7, 8, 5.36842)","(8, 2, 3, 12, 7.05263)",4,8,0,1
135559m,113555m,ツモ1m / 打9m,"(4, 1, 5, 8, 5.05882)","(8, 3, 0, 8, 4.78571)",4,8,0,0
135559m,133555m,ツモ3m / 打9m,"(4, 1, 5, 8, 5.05882)","(8, 3, 1, 12, 5.85714)",4,8,0,0
135559m,134555m,ツモ4m / 打9m,"(4, 1, 5, 8, 5.05882)","(7, 3, 7, 16, 7.15)",4,7,0,1
135559m,135555m,ツモ5m / 打9m,"(4, 1, 5, 8, 5.05882)","(8, 2, 0, 8, 5.71429)",4,8,0,0
135567m,355567m,ツモ5m / 打1m,"(8, 2, 1, 11, 6)","(11, 4, 2, 16, 6.75)",8,11,0,1
135666m,356666m,ツモ6m / 打1m,"(8, 2, 0, 8, 5.52941)","(8, 2, 1, 12, 6.93333)",8,8,0,1
135667m,113567m,ツモ1m / 打6m,"(4, 1, 16, 15, 6.82609)","(8, 3, 1, 11, 5.6875)",4,8,0,0
135667m,133567m,ツモ3m / 打6m,"(4, 1, 16, 15, 6.82609)","(8, 3, 2, 15, 6.875)",4,8,0,0
135667m,135567m,ツモ5m / 打6m,"(4, 1, 16, 15, 6.82609)","(8, 2, 1, 11, 6)",4,8,0,0
135667m,135666m,ツモ6m / 打7m,"(4, 1, 16, 15, 6.82609)","(8, 2, 0, 8, 5.52941)",4,8,0,0
135667m,135678m,ツモ8m / 打6m,"(4, 1, 16, 15, 6.82609)","(8, 2, 1, 11, 6.32)",4,8,0,0
135667m,345667m,ツモ4m / 打1m,"(4, 1, 16, 15, 6.82609)","(15, 5, 0, 15, 9.1875)",4,15,0,1
135667m,356677m,ツモ7m / 打1m,"(4, 1, 16, 15, 6.82609)","(7, 2, 7, 16, 7.78947)",4,7,0,1
135677m,113567m,ツモ1m / 打7m,"(4, 1, 14, 15, 6.48)","(8, 3, 1, 11, 5.6875)",4,8,0,0
135677m,133567m,ツモ3m / 打7m,"(4, 1, 14, 15, 6.48)","(8, 3, 2, 15, 6.875)",4,8,0,0
135677m,135567m,ツモ5m / 打7m,"(4, 1, 14, 15, 6.48)","(8, 2, 1, 11, 6)",4,8,0,0
135677m,135777m,ツモ7m / 打6m,"(4, 1, 14, 15, 6.48)","(8, 2, 0, 8, 5.52941)",4,8,0,0
135677m,345677m,ツモ4m / 打1m,"(4, 1, 14, 15, 6.48)","(15, 5, 0, 15, 7.94118)",4,15,0,1
135677m,356677m,ツモ6m / 打1m,"(4, 1, 14, 15, 6.48)","(7, 2, 7, 16, 7.78947)",4,7,0,1
135677m,356778m,ツモ8m / 打1m,"(4, 1, 14, 15, 6.48)","(11, 3, 1, 14, 7.14286)",4,11,0,1
135678m,356778m,ツモ7m / 打1m,"(8, 2, 1, 11, 6.32)","(11, 3, 1, 14, 7.14286)",8,11,0,1
135679m,113567m,ツモ1m / 打9m,"(4, 1, 9, 11, 5.81818)","(8, 3, 1, 11, 5.6875)",4,8,0,0
135679m,133567m,ツモ3m / 打9m,"(4, 1, 9, 11, 5.81818)","(8, 3, 2, 15, 6.875)",4,8,0,0
135679m,134567m,ツモ4m / 打9m,"(4, 1, 9, 11, 5.81818)","(11, 3, 4, 15, 7.20833)",4,11,0,1
135679m,135567m,ツモ5m / 打9m,"(4, 1, 9, 11, 5.81818)","(8, 2, 1, 11, 6)",4,8,0,0
135679m,135678m,ツモ8m / 打9m,"(4, 1, 9, 11, 5.81818)","(8, 2, 1, 11, 6.32)",4,8,0,0
135679m,345679m,ツモ4m / 打1m,"(4, 1, 9, 11, 5.81818)","(11, 3, 4, 15, 7.20833)",4,11,0,1
135888m,356888m,ツモ6m / 打1m,"(8, 2, 0, 8, 5.75)","(8, 2, 2, 12, 7.05882)",8,8,0,1
135999m,356999m,ツモ6m / 打1m,"(8, 2, 0, 8, 5.75)","(8, 2, 2, 12, 7.05882)",8,8,0,1
136666m,113666m,ツモ1m / 打6m,"(4, 1, 9, 8, 6.11765)","(8, 3, 0, 8, 4.92308)",4,8,0,0
136666m,133666m,ツモ3m / 打6m,"(4, 1, 9, 8, 6.11765)","(8, 3, 1, 12, 5.84615)",4,8,0,0
136666m,346666m,ツモ4m / 打1m,"(4, 1, 9, 8, 6.11765)","(8, 2, 2, 12, 7.2)",4,8,0,1
136666m,356666m,ツモ5m / 打1m,"(4, 1, 9, 8, 6.11765)","(8, 2, 1, 12, 6.93333)",4,8,0,1
136666m,366667m,ツモ7m / 打1m,"(4, 1, 9, 8, 6.11765)","(8, 2, 1, 12, 6.66667)",4,8,0,1
136667m,113666m,ツモ1m / 打7m,"(4, 1, 10, 8, 5.63636)","(8, 3, 0, 8, 4.92308)",4,8,0,0
136667m,133666m,ツモ3m / 打7m,"(4, 1, 10, 8, 5.63636)","(8, 3, 1, 12, 5.84615)",4,8,0,0
136667m,135666m,ツモ5m / 打7m,"(4, 1, 10, 8, 5.63636)","(8, 2, 0, 8, 5.52941)",4,8,0,0
136667m,346667m,ツモ4m / 打1m,"(4, 1, 10, 8, 5.63636)","(8, 2, 3, 12, 7)",4,8,0,1
136667m,366667m,ツモ6m / 打1m,"(4, 1, 10, 8, 5.63636)","(8, 2, 1, 12, 6.66667)",4,8,0,1
136667m,366678m,ツモ8m / 打1m,"(4, 1, 10, 8, 5.63636)","(7, 3, 10, 16, 7)",4,7,0,1
136668m,113666m,ツモ1m / 打8m,"(4, 1, 7, 8, 5.3)","(8, 3, 0, 8, 4.92308)",4,8,0,0
136668m,133666m,ツモ3m / 打8m,"(4, 1, 7, 8, 5.3)","(8, 3, 1, 12, 5.84615)",4,8,0,0
136668m,135666m,ツモ5m / 打8m,"(4, 1, 7, 8, 5.3)","(8, 2, 0, 8, 5.52941)",4,8,0,0
136668m,346668m,ツモ4m / 打1m,"(4, 1, 7, 8, 5.3)","(8, 2, 3, 12, 6.77778)",4,8,0,1
136668m,366678m,ツモ7m / 打1m,"(4, 1, 7, 8, 5.3)","(7, 3, 10, 16, 7)",4,7,0,1
136669m,113666m,ツモ1m / 打9m,"(4, 1, 5, 8, 5.17647)","(8, 3, 0, 8, 4.92308)",4,8,0,0
136669m,133666m,ツモ3m / 打9m,"(4, 1, 5, 8, 5.17647)","(8, 3, 1, 12, 5.84615)",4,8,0,0
136669m,134666m,ツモ4m / 打9m,"(4, 1, 5, 8, 5.17647)","(8, 2, 2, 12, 6.66667)",4,8,0,1
136669m,135666m,ツモ5m / 打9m,"(4, 1, 5, 8, 5.17647)","(8, 2, 0, 8, 5.52941)",4,8,0,0
136678m,113678m,ツモ1m / 打6m,"(4, 1, 11, 8, 5.5)","(8, 3, 0, 8, 5.33333)",4,8,0,0
136678m,133678m,ツモ3m / 打6m,"(4, 1, 11, 8, 5.5)","(8, 3, 1, 12, 6.13333)",4,8,0,0
136678m,135678m,ツモ5m / 打6m,"(4, 1, 11, 8, 5.5)","(8, 2, 1, 11, 6.32)",4,8,0,0
136678m,346678m,ツモ4m / 打1m,"(4, 1, 11, 8, 5.5)","(8, 2, 3, 12, 7.3)",4,8,0,1
136678m,366678m,ツモ6m / 打1m,"(4, 1, 11, 8, 5.5)","(7, 3, 10, 16, 7)",4,7,0,1
136678m,366778m,ツモ7m / 打1m,"(4, 1, 11, 8, 5.5)","(7, 2, 7, 16, 6.85)",4,7,0,1
136777m,113777m,ツモ1m / 打6m,"(4, 1, 9, 8, 5.52381)","(8, 3, 0, 8, 4.92308)",4,8,0,0
136777m,133777m,ツモ3m / 打6m,"(4, 1, 9, 8, 5.52381)","(8, 3, 1, 12, 5.84615)",4,8,0,0
136777m,135777m,ツモ5m / 打6m,"(4, 1, 9, 8, 5.52381)","(8, 2, 0, 8, 5.52941)",4,8,0,0
136777m,346777m,ツモ4m / 打1m,"(4, 1, 9, 8, 5.52381)","(8, 2, 2, 12, 7)",4,8,0,1
136777m,367777m,ツモ7m / 打1m,"(4, 1, 9, 8, 5.52381)","(8, 2, 1, 12, 6.66667)",4,8,0,1
136778m,113678m,ツモ1m / 打7m,"(4, 1, 13, 11, 5.91667)","(8, 3, 0, 8, 5.33333)",4,8,0,0
136778m,133678m,ツモ3m / 打7m,"(4, 1, 13, 11, 5.91667)","(8, 3, 1, 12, 6.13333)",4,8,0,0
136778m,346778m,ツモ4m / 打1m,"(4, 1, 13, 11, 5.91667)","(8, 2, 2, 12, 7.2)",4,8,0,1
136778m,356778m,ツモ5m / 打1m,"(4, 1, 13, 11, 5.91667)","(11, 3, 1, 14, 7.14286)",4,11,0,1
136778m,366778m,ツモ6m / 打1m,"(4, 1, 13, 11, 5.91667)","(7, 2, 7, 16, 6.85)",4,7,0,1
136778m,367788m,ツモ8m / 打1m,"(4, 1, 13, 11, 5.91667)","(7, 2, 9, 16, 7.25)",4,7,0,1
136778m,367789m,ツモ9m / 打1m,"(4, 1, 13, 11, 5.91667)","(7, 2, 9, 11, 6.20833)",4,7,0,1
136788m,113678m,ツモ1m / 打8m,"(4, 1, 10, 8, 5.3913)","(8, 3, 0, 8, 5.33333)",4,8,0,0
136788m,133678m,ツモ3m / 打8m,"(4, 1, 10, 8, 5.3913)","(8, 3, 1, 12, 6.13333)",4,8,0,0
136788m,346788m,ツモ4m / 打1m,"(4, 1, 10, 8, 5.3913)","(8, 2, 2, 12, 7)",4,8,0,1
136788m,356788m,ツモ5m / 打1m,"(4, 1, 10, 8, 5.3913)","(8, 3, 4, 11, 6.85)",4,8,0,0
136788m,367788m,ツモ7m / 打1m,"(4, 1, 10, 8, 5.3913)","(7, 2, 9, 16, 7.25)",4,7,0,1
136788m,367888m,ツモ8m / 打1m,"(4, 1, 10, 8, 5.3913)","(7, 3, 9, 16, 6.45833)",4,7,0,1
136789m,113678m,ツモ1m / 打9m,"(4, 1, 13, 8, 5.58621)","(8, 3, 0, 8, 5.33333)",4,8,0,0
136789m,133678m,ツモ3m / 打9m,"(4, 1, 13, 8, 5.58621)","(8, 3, 1, 12, 6.13333)",4,8,0,0
136789m,135678m,ツモ5m / 打9m,"(4, 1, 13, 8, 5.58621)","(8, 2, 1, 11, 6.32)",4,8,0,0
136789m,346789m,ツモ4m / 打1m,"(4, 1, 13, 8, 5.58621)","(8, 2, 4, 12, 7.5)",4,8,0,1
136789m,367789m,ツモ7m / 打1m,"(4, 1, 13, 8, 5.58621)","(7, 2, 9, 11, 6.20833)",4,7,0,1
136888m,113888m,ツモ1m / 打6m,"(4, 1, 9, 8, 5.7)","(8, 3, 0, 8, 4.92308)",4,8,0,0
136888m,133888m,ツモ3m / 打6m,"(4, 1, 9, 8, 5.7)","(8, 3, 1, 12, 5.84615)",4,8,0,0
136888m,346888m,ツモ4m / 打1m,"(4, 1, 9, 8, 5.7)","(8, 2, 2, 12, 7)",4,8,0,1
136888m,356888m,ツモ5m / 打1m,"(4, 1, 9, 8, 5.7)","(8, 2, 2, 12, 7.05882)",4,8,0,1
136888m,367888m,ツモ7m / 打1m,"(4, 1, 9, 8, 5.7)","(7, 3, 9, 16, 6.45833)",4,7,0,1
136999m,113999m,ツモ1m / 打6m,"(4, 1, 9, 8, 5.89474)","(8, 3, 0, 8, 4.92308)",4,8,0,0
136999m,133999m,ツモ3m / 打6m,"(4, 1, 9, 8, 5.89474)","(8, 3, 1, 12, 5.84615)",4,8,0,0
136999m,346999m,ツモ4m / 打1m,"(4, 1, 9, 8, 5.89474)","(8, 2, 2, 12, 7.05882)",4,8,0,1
136999m,356999m,ツモ5m / 打1m,"(4, 1, 9, 8, 5.89474)","(8, 2, 2, 12, 7.05882)",4,8,0,1
136999m,367999m,ツモ7m / 打1m,"(4, 1, 9, 8, 5.89474)","(8, 2, 2, 12, 6.82353)",4,8,0,1
137777m,113777m,ツモ1m / 打7m,"(4, 1, 10, 8, 6.22222)","(8, 3, 0, 8, 4.92308)",4,8,0,0
137777m,133777m,ツモ3m / 打7m,"(4, 1, 10, 8, 6.22222)","(8, 3, 1, 12, 5.84615)",4,8,0,0
137777m,347777m,ツモ4m / 打1m,"(4, 1, 10, 8, 6.22222)","(8, 2, 2, 12, 7.2)",4,8,0,1
137777m,357777m,ツモ5m / 打1m,"(4, 1, 10, 8, 6.22222)","(8, 2, 0, 8, 6.25)",4,8,0,0
137777m,367777m,ツモ6m / 打1m,"(4, 1, 10, 8, 6.22222)","(8, 2, 1, 12, 6.66667)",4,8,0,1
137777m,377778m,ツモ8m / 打1m,"(4, 1, 10, 8, 6.22222)","(8, 2, 1, 12, 6.75)",4,8,0,1
137778m,113777m,ツモ1m / 打8m,"(4, 1, 7, 8, 5.14286)","(8, 3, 0, 8, 4.92308)",4,8,0,0
137778m,133777m,ツモ3m / 打8m,"(4, 1, 7, 8, 5.14286)","(8, 3, 1, 12, 5.84615)",4,8,0,0
137778m,134777m,ツモ4m / 打8m,"(4, 1, 7, 8, 5.14286)","(8, 2, 2, 12, 6.66667)",4,8,0,1
137778m,135777m,ツモ5m / 打8m,"(4, 1, 7, 8, 5.14286)","(8, 2, 0, 8, 5.52941)",4,8,0,0
137778m,377778m,ツモ7m / 打1m,"(4, 1, 7, 8, 5.14286)","(8, 2, 1, 12, 6.75)",4,8,0,1
137779m,113777m,ツモ1m / 打9m,"(4, 1, 5, 8, 5)","(8, 3, 0, 8, 4.92308)",4,8,0,0
137779m,133777m,ツモ3m / 打9m,"(4, 1, 5, 8, 5)","(8, 3, 1, 12, 5.84615)",4,8,0,0
137779m,134777m,ツモ4m / 打9m,"(4, 1, 5, 8, 5)","(8, 2, 2, 12, 6.66667)",4,8,0,1
137779m,135777m,ツモ5m / 打9m,"(4, 1, 5, 8, 5)","(8, 2, 0, 8, 5.52941)",4,8,0,0
137789m,113789m,ツモ1m / 打7m,"(4, 1, 10, 8, 5.3913)","(8, 3, 0, 8, 5.14286)",4,8,0,0
137789m,133789m,ツモ3m / 打7m,"(4, 1, 10, 8, 5.3913)","(8, 3, 1, 12, 6)",4,8,0,0
137789m,134789m,ツモ4m / 打7m,"(4, 1, 10, 8, 5.3913)","(8, 2, 2, 12, 6.75)",4,8,0,1
137789m,357789m,ツモ5m / 打1m,"(4, 1, 10, 8, 5.3913)","(8, 2, 0, 8, 5.7)",4,8,0,0
137789m,367789m,ツモ6m / 打1m,"(4, 1, 10, 8, 5.3913)","(7, 2, 9, 11, 6.20833)",4,7,0,1
137789m,377889m,ツモ8m / 打1m,"(4, 1, 10, 8, 5.3913)","(7, 2, 7, 12, 6.3)",4,7,0,1
137888m,113888m,ツモ1m / 打7m,"(4, 1, 10, 8, 5.63636)","(8, 3, 0, 8, 4.92308)",4,8,0,0
137888m,133888m,ツモ3m / 打7m,"(4, 1, 10, 8, 5.63636)","(8, 3, 1, 12, 5.84615)",4,8,0,0
137888m,347888m,ツモ4m / 打1m,"(4, 1, 10, 8, 5.63636)","(8, 2, 2, 12, 6.73684)",4,8,0,1
137888m,357888m,ツモ5m / 打1m,"(4, 1, 10, 8, 5.63636)","(8, 2, 0, 8, 6)",4,8,0,0
137888m,367888m,ツモ6m / 打1m,"(4, 1, 10, 8, 5.63636)","(7, 3, 9, 16, 6.45833)",4,7,0,1
137888m,378888m,ツモ8m / 打1m,"(4, 1, 10, 8, 5.63636)","(8, 2, 1, 12, 6.75)",4,8,0,1
137889m,113789m,ツモ1m / 打8m,"(4, 1, 7, 8, 4.90909)","(8, 3, 0, 8, 5.14286)",4,8,0,0
137889m,133789m,ツモ3m / 打8m,"(4, 1, 7, 8, 4.90909)","(8, 3, 1, 12, 6)",4,8,0,0
137889m,134789m,ツモ4m / 打8m,"(4, 1, 7, 8, 4.90909)","(8, 2, 2, 12, 6.75)",4,8,0,1
137889m,135789m,ツモ5m / 打8m,"(4, 1, 7, 8, 4.90909)","(8, 2, 0, 8, 5.66667)",4,8,0,0
137889m,377889m,ツモ7m / 打1m,"(4, 1, 7, 8, 4.90909)","(7, 2, 7, 12, 6.3)",4,7,0,1
137899m,113789m,ツモ1m / 打9m,"(4, 1, 7, 8, 5.04762)","(8, 3, 0, 8, 5.14286)",4,8,0,0
137899m,133789m,ツモ3m / 打9m,"(4, 1, 7, 8, 5.04762)","(8, 3, 1, 12, 6)",4,8,0,0
137899m,134789m,ツモ4m / 打9m,"(4, 1, 7, 8, 5.04762)","(8, 2, 2, 12, 6.75)",4,8,0,1
137899m,135789m,ツモ5m / 打9m,"(4, 1, 7, 8, 5.04762)","(8, 2, 0, 8, 5.66667)",4,8,0,0
137899m,378999m,ツモ9m / 打1m,"(4, 1, 7, 8, 5.04762)","(7, 3, 9, 12, 6.16)",4,7,0,1
137999m,113999m,ツモ1m / 打7m,"(4, 1, 10, 8, 5.80952)","(8, 3, 0, 8, 4.92308)",4,8,0,0
137999m,133999m,ツモ3m / 打7m,"(4, 1, 10, 8, 5.80952)","(8, 3, 1, 12, 5.84615)",4,8,0,0
137999m,347999m,ツモ4m / 打1m,"(4, 1, 10, 8, 5.80952)","(8, 2, 2, 12, 6.77778)",4,8,0,1
137999m,357999m,ツモ5m / 打1m,"(4, 1, 10, 8, 5.80952)","(8, 2, 0, 8, 6)",4,8,0,0
137999m,367999m,ツモ6m / 打1m,"(4, 1, 10, 8, 5.80952)","(8, 2, 2, 12, 6.82353)",4,8,0,1
137999m,378999m,ツモ8m / 打1m,"(4, 1, 10, 8, 5.80952)","(7, 3, 9, 12, 6.16)",4,7,0,1
138888m,113888m,ツモ1m / 打8m,"(4, 1, 7, 8, 5.64706)","(8, 3, 0, 8, 4.92308)",4,8,0,0
138888m,133888m,ツモ3m / 打8m,"(4, 1, 7, 8, 5.64706)","(8, 3, 1, 12, 5.84615)",4,8,0,0
138888m,135888m,ツモ5m / 打8m,"(4, 1, 7, 8, 5.64706)","(8, 2, 0, 8, 5.75)",4,8,0,0
138888m,348888m,ツモ4m / 打1m,"(4, 1, 7, 8, 5.64706)","(8, 2, 2, 12, 6.93333)",4,8,0,1
138888m,378888m,ツモ7m / 打1m,"(4, 1, 7, 8, 5.64706)","(8, 2, 1, 12, 6.75)",4,8,0,1
138889m,113888m,ツモ1m / 打9m,"(4, 1, 5, 8, 5)","(8, 3, 0, 8, 4.92308)",4,8,0,0
138889m,133888m,ツモ3m / 打9m,"(4, 1, 5, 8, 5)","(8, 3, 1, 12, 5.84615)",4,8,0,0
138889m,134888m,ツモ4m / 打9m,"(4, 1, 5, 8, 5)","(8, 2, 2, 12, 6.66667)",4,8,0,1
138889m,135888m,ツモ5m / 打9m,"(4, 1, 5, 8, 5)","(8, 2, 0, 8, 5.75)",4,8,0,0
138999m,113999m,ツモ1m / 打8m,"(4, 1, 7, 8, 5.3)","(8, 3, 0, 8, 4.92308)",4,8,0,0
138999m,133999m,ツモ3m / 打8m,"(4, 1, 7, 8, 5.3)","(8, 3, 1, 12, 5.84615)",4,8,0,0
138999m,134999m,ツモ4m / 打8m,"(4, 1, 7, 8, 5.3)","(8, 2, 2, 12, 6.66667)",4,8,0,1
138999m,135999m,ツモ5m / 打8m,"(4, 1, 7, 8, 5.3)","(8, 2, 0, 8, 5.75)",4,8,0,0
138999m,378999m,ツモ7m / 打1m,"(4, 1, 7, 8, 5.3)","(7, 3, 9, 12, 6.16)",4,7,0,1
139999m,113999m,ツモ1m / 打9m,"(4, 1, 5, 8, 5.33333)","(8, 3, 0, 8, 4.92308)",4,8,0,0
139999m,133999m,ツモ3m / 打9m,"(4, 1, 5, 8, 5.33333)","(8, 3, 1, 12, 5.84615)",4,8,0,0
139999m,134999m,ツモ4m / 打9m,"(4, 1, 5, 8, 5.33333)","(8, 2, 2, 12, 6.66667)",4,8,0,1
139999m,135999m,ツモ5m / 打9m,"(4, 1, 5, 8, 5.33333)","(8, 2, 0, 8, 5.75)",4,8,0,0
144445m,444455m,ツモ5m / 打1m,"(8, 2, 1, 12, 6.18182)","(12, 4, 0, 8, 6.4)",8,12,1,1
144446m,244446m,ツモ2m / 打1m,"(4, 1, 7, 8, 5.86667)","(8, 2, 0, 8, 5.33333)",4,8,0,0
144446m,344446m,ツモ3m / 打1m,"(4, 1, 7, 8, 5.86667)","(8, 2, 1, 12, 6.66667)",4,8,0,1
144446m,444466m,ツモ6m / 打1m,"(4, 1, 7, 8, 5.86667)","(8, 3, 1, 12, 6.33333)",4,8,0,0
144446m,444467m,ツモ7m / 打1m,"(4, 1, 7, 8, 5.86667)","(8, 2, 2, 12, 7.2)",4,8,0,1
144446m,444468m,ツモ8m / 打1m,"(4, 1, 7, 8, 5.86667)","(8, 2, 0, 8, 5.6)",4,8,0,0
144455m,344455m,ツモ3m / 打1m,"(4, 2, 9, 16, 7.2)","(12, 5, 1, 14, 6.46667)",4,12,0,1
144455m,444455m,ツモ4m / 打1m,"(4, 2, 9, 16, 7.2)","(12, 4, 0, 8, 6.4)",4,12,0,1
144455m,444556m,ツモ6m / 打1m,"(4, 2, 9, 16, 7.2)","(16, 6, 0, 11, 6.33333)",4,16,0,1
144455m,444557m,ツモ7m / 打1m,"(4, 2, 9, 16, 7.2)","(8, 3, 2, 12, 6.71429)",4,8,0,0
144456m,244456m,ツモ2m / 打1m,"(7, 3, 4, 16, 6.55)","(11, 4, 2, 16, 6.16667)",7,11,1,1
144456m,344456m,ツモ3m / 打1m,"(7, 3, 4, 16, 6.55)","(14, 5, 0, 12, 7.11765)",7,14,1,1
144456m,444556m,ツモ5m / 打1m,"(7, 3, 4, 16, 6.55)","(16, 6, 0, 11, 6.33333)",7,16,1,1
144456m,444566m,ツモ6m / 打1m,"(7, 3, 4, 16, 6.55)","(12, 5, 1, 14, 6.73333)",7,12,1,1
144457m,344457m,ツモ3m / 打1m,"(4, 1, 9, 8, 5.88889)","(7, 3, 9, 14, 6.625)",4,7,0,0
144457m,444457m,ツモ4m / 打1m,"(4, 1, 9, 8, 5.88889)","(8, 2, 1, 12, 6.93333)",4,8,0,1
144457m,444557m,ツモ5m / 打1m,"(4, 1, 9, 8, 5.88889)","(8, 3, 2, 12, 6.71429)",4,8,0,0
144457m,444577m,ツモ7m / 打1m,"(4, 1, 9, 8, 5.88889)","(8, 3, 1, 12, 6.21429)",4,8,0,0
144457m,444578m,ツモ8m / 打1m,"(4, 1, 9, 8, 5.88889)","(8, 2, 2, 12, 7.17647)",4,8,0,1
144457m,444579m,ツモ9m / 打1m,"(4, 1, 9, 8, 5.88889)","(8, 2, 0, 8, 5.52941)",4,8,0,0
144466m,444466m,ツモ4m / 打1m,"(4, 2, 6, 12, 6)","(8, 3, 1, 12, 6.33333)",4,8,0,0
144466m,444566m,ツモ5m / 打1m,"(4, 2, 6, 12, 6)","(12, 5, 1, 14, 6.73333)",4,12,0,1
144466m,444667m,ツモ7m / 打1m,"(4, 2, 6, 12, 6)","(12, 4, 0, 12, 6.90909)",4,12,0,1
144466m,444668m,ツモ8m / 打1m,"(4, 2, 6, 12, 6)","(8, 3, 1, 12, 5.85714)",4,8,0,0
144467m,444667m,ツモ6m / 打1m,"(8, 2, 2, 12, 6)","(12, 4, 0, 12, 6.90909)",8,12,1,1
144467m,444677m,ツモ7m / 打1m,"(8, 2, 2, 12, 6)","(12, 4, 0, 12, 6.90909)",8,12,1,1
144468m,444468m,ツモ4m / 打1m,"(4, 1, 5, 8, 5)","(8, 2, 0, 8, 5.6)",4,8,0,0
144468m,444568m,ツモ5m / 打1m,"(4, 1, 5, 8, 5)","(7, 3, 7, 16, 6.86364)",4,7,0,1
144468m,444668m,ツモ6m / 打1m,"(4, 1, 5, 8, 5)","(8, 3, 1, 12, 5.85714)",4,8,0,0
144468m,444688m,ツモ8m / 打1m,"(4, 1, 5, 8, 5)","(8, 3, 0, 8, 5.07143)",4,8,0,0
144477m,444577m,ツモ5m / 打1m,"(4, 2, 6, 12, 6.28571)","(8, 3, 1, 12, 6.21429)",4,8,0,0
144477m,444677m,ツモ6m / 打1m,"(4, 2, 6, 12, 6.28571)","(12, 4, 0, 12, 6.90909)",4,12,0,1
144477m,444778m,ツモ8m / 打1m,"(4, 2, 6, 12, 6.28571)","(12, 4, 0, 12, 6.90909)",4,12,0,1
144477m,444779m,ツモ9m / 打1m,"(4, 2, 6, 12, 6.28571)","(8, 3, 1, 12, 5.84615)",4,8,0,0
144478m,444778m,ツモ7m / 打1m,"(8, 2, 2, 12, 6.13333)","(12, 4, 0, 12, 6.90909)",8,12,1,1
144478m,444788m,ツモ8m / 打1m,"(8, 2, 2, 12, 6.13333)","(12, 4, 0, 12, 6.54545)",8,12,1,1
144479m,444579m,ツモ5m / 打1m,"(4, 1, 5, 8, 5.17647)","(8, 2, 0, 8, 5.52941)",4,8,0,0
144479m,444679m,ツモ6m / 打1m,"(4, 1, 5, 8, 5.17647)","(8, 2, 2, 12, 6.66667)",4,8,0,1
144479m,444779m,ツモ7m / 打1m,"(4, 1, 5, 8, 5.17647)","(8, 3, 1, 12, 5.84615)",4,8,0,0
144479m,444799m,ツモ9m / 打1m,"(4, 1, 5, 8, 5.17647)","(8, 3, 0, 8, 4.92308)",4,8,0,0
144488m,444688m,ツモ6m / 打1m,"(4, 2, 4, 12, 5.53846)","(8, 3, 0, 8, 5.07143)",4,8,0,0
144488m,444788m,ツモ7m / 打1m,"(4, 2, 4, 12, 5.53846)","(12, 4, 0, 12, 6.54545)",4,12,0,1
144488m,444889m,ツモ9m / 打1m,"(4, 2, 4, 12, 5.53846)","(8, 3, 0, 8, 4.61538)",4,8,0,0
144489m,444889m,ツモ8m / 打1m,"(4, 1, 2, 8, 4.5)","(8, 3, 0, 8, 4.61538)",4,8,0,0
144489m,444899m,ツモ9m / 打1m,"(4, 1, 2, 8, 4.5)","(8, 3, 0, 8, 4.30769)",4,8,0,0
144499m,444799m,ツモ7m / 打1m,"(4, 2, 2, 8, 4.66667)","(8, 3, 0, 8, 4.92308)",4,8,0,0
144499m,444899m,ツモ8m / 打1m,"(4, 2, 2, 8, 4.66667)","(8, 3, 0, 8, 4.30769)",4,8,0,0
144555m,244555m,ツモ2m / 打1m,"(4, 2, 8, 16, 7.14286)","(8, 3, 2, 12, 6.14286)",4,8,0,0
144555m,344555m,ツモ3m / 打1m,"(4, 2, 8, 16, 7.14286)","(16, 6, 0, 11, 6.33333)",4,16,0,1
144555m,445555m,ツモ5m / 打1m,"(4, 2, 8, 16, 7.14286)","(12, 4, 0, 8, 6.4)",4,12,0,1
144555m,445556m,ツモ6m / 打1m,"(4, 2, 8, 16, 7.14286)","(12, 5, 1, 14, 6.46667)",4,12,0,1
144556m,444556m,ツモ4m / 打1m,"(7, 2, 3, 16, 6.5625)","(16, 6, 0, 11, 6.33333)",7,16,1,1
144556m,445556m,ツモ5m / 打1m,"(7, 2, 3, 16, 6.5625)","(12, 5, 1, 14, 6.46667)",7,12,1,1
144556m,445567m,ツモ7m / 打1m,"(7, 2, 3, 16, 6.5625)","(11, 4, 4, 15, 8.82353)",7,11,1,1
144566m,114566m,ツモ1m / 打4m,"(3, 1, 19, 12, 6.55)","(4, 2, 6, 8, 5.17647)",3,4,0,0
144566m,244566m,ツモ2m / 打1m,"(3, 1, 19, 12, 6.55)","(7, 2, 8, 12, 6.78947)",3,7,0,0
144566m,344566m,ツモ3m / 打1m,"(3, 1, 19, 12, 6.55)","(11, 4, 4, 15, 8.58824)",3,11,0,1
144566m,444566m,ツモ4m / 打1m,"(3, 1, 19, 12, 6.55)","(12, 5, 1, 14, 6.73333)",3,12,0,1
144566m,445666m,ツモ6m / 打1m,"(3, 1, 19, 12, 6.55)","(12, 5, 1, 14, 6.73333)",3,12,0,1
144566m,445667m,ツモ7m / 打1m,"(3, 1, 19, 12, 6.55)","(11, 4, 4, 15, 8.58824)",3,11,0,1
144566m,445668m,ツモ8m / 打1m,"(3, 1, 19, 12, 6.55)","(7, 2, 8, 12, 6.78947)",3,7,0,0
144567m,244567m,ツモ2m / 打1m,"(4, 2, 13, 15, 7.38095)","(8, 3, 5, 15, 7.7)",4,8,0,0
144567m,344567m,ツモ3m / 打1m,"(4, 2, 13, 15, 7.38095)","(15, 5, 0, 15, 9.1875)",4,15,0,1
144567m,445567m,ツモ5m / 打1m,"(4, 2, 13, 15, 7.38095)","(11, 4, 4, 15, 8.82353)",4,11,0,1
144567m,445667m,ツモ6m / 打1m,"(4, 2, 13, 15, 7.38095)","(11, 4, 4, 15, 8.58824)",4,11,0,1
144567m,445677m,ツモ7m / 打1m,"(4, 2, 13, 15, 7.38095)","(6, 3, 12, 15, 9.5)",4,6,0,0
144567m,445678m,ツモ8m / 打1m,"(4, 2, 13, 15, 7.38095)","(15, 5, 0, 15, 8.1875)",4,15,0,1
144567m,445679m,ツモ9m / 打1m,"(4, 2, 13, 15, 7.38095)","(8, 3, 5, 15, 7.42105)",4,8,0,0
144666m,244666m,ツモ2m / 打1m,"(4, 2, 6, 12, 6.30769)","(8, 3, 1, 12, 5.85714)",4,8,0,0
144666m,344666m,ツモ3m / 打1m,"(4, 2, 6, 12, 6.30769)","(12, 4, 0, 12, 6.90909)",4,12,0,1
144666m,445666m,ツモ5m / 打1m,"(4, 2, 6, 12, 6.30769)","(12, 5, 1, 14, 6.73333)",4,12,0,1
144666m,446666m,ツモ6m / 打1m,"(4, 2, 6, 12, 6.30769)","(8, 3, 1, 12, 6.33333)",4,8,0,0
144678m,244678m,ツモ2m / 打1m,"(4, 2, 7, 15, 6.8)","(8, 3, 2, 15, 6.875)",4,8,0,0
144678m,344678m,ツモ3m / 打1m,"(4, 2, 7, 15, 6.8)","(12, 4, 0, 12, 7.66667)",4,12,0,1
144678m,445678m,ツモ5m / 打1m,"(4, 2, 7, 15, 6.8)","(15, 5, 0, 15, 8.1875)",4,15,0,1
144678m,446678m,ツモ6m / 打1m,"(4, 2, 7, 15, 6.8)","(8, 3, 2, 12, 6.73333)",4,8,0,0
144678m,446789m,ツモ9m / 打1m,"(4, 2, 7, 15, 6.8)","(8, 3, 2, 12, 6.63158)",4,8,0,0
144777m,244777m,ツモ2m / 打1m,"(4, 2, 6, 12, 6.66667)","(8, 3, 1, 12, 5.84615)",4,8,0,0
144777m,344777m,ツモ3m / 打1m,"(4, 2, 6, 12, 6.66667)","(12, 4, 0, 12, 6.90909)",4,12,0,1
144777m,445777m,ツモ5m / 打1m,"(4, 2, 6, 12, 6.66667)","(12, 4, 0, 12, 6.90909)",4,12,0,1
144777m,446777m,ツモ6m / 打1m,"(4, 2, 6, 12, 6.66667)","(8, 3, 1, 12, 6.21429)",4,8,0,0
144789m,244789m,ツモ2m / 打1m,"(4, 2, 6, 12, 6.46154)","(8, 3, 1, 12, 6)",4,8,0,0
144789m,344789m,ツモ3m / 打1m,"(4, 2, 6, 12, 6.46154)","(12, 4, 0, 12, 7.33333)",4,12,0,1
144789m,445789m,ツモ5m / 打1m,"(4, 2, 6, 12, 6.46154)","(12, 4, 0, 12, 6.90909)",4,12,0,1
144789m,446789m,ツモ6m / 打1m,"(4, 2, 6, 12, 6.46154)","(8, 3, 2, 12, 6.63158)",4,8,0,0
144888m,244888m,ツモ2m / 打1m,"(4, 2, 6, 12, 6.66667)","(8, 3, 1, 12, 5.84615)",4,8,0,0
144888m,344888m,ツモ3m / 打1m,"(4, 2, 6, 12, 6.66667)","(12, 4, 0, 12, 6.90909)",4,12,0,1
144888m,445888m,ツモ5m / 打1m,"(4, 2, 6, 12, 6.66667)","(12, 4, 0, 12, 6.90909)",4,12,0,1
144888m,446888m,ツモ6m / 打1m,"(4, 2, 6, 12, 6.66667)","(8, 3, 1, 12, 6.21429)",4,8,0,0
144999m,244999m,ツモ2m / 打1m,"(4, 2, 6, 12, 6.66667)","(8, 3, 1, 12, 5.84615)",4,8,0,0
144999m,344999m,ツモ3m / 打1m,"(4, 2, 6, 12, 6.66667)","(12, 4, 0, 12, 6.90909)",4,12,0,1
144999m,445999m,ツモ5m / 打1m,"(4, 2, 6, 12, 6.66667)","(12, 4, 0, 12, 6.90909)",4,12,0,1
144999m,446999m,ツモ6m / 打1m,"(4, 2, 6, 12, 6.66667)","(8, 3, 1, 12, 6.46154)",4,8,0,0
145555m,445555m,ツモ4m / 打1m,"(8, 2, 1, 12, 6.18182)","(12, 4, 0, 8, 6.4)",8,12,1,1
145556m,114556m,ツモ1m / 打5m,"(3, 2, 22, 14, 6.73913)","(4, 2, 6, 11, 5.35294)",3,4,0,0
145556m,245556m,ツモ2m / 打1m,"(3, 2, 22, 14, 6.73913)","(7, 3, 5, 14, 6.13636)",3,7,0,0
145556m,345556m,ツモ3m / 打1m,"(3, 2, 22, 14, 6.73913)","(14, 5, 0, 12, 7.11765)",3,14,0,1
145556m,445556m,ツモ4m / 打1m,"(3, 2, 22, 14, 6.73913)","(12, 5, 1, 14, 6.46667)",3,12,0,1
145556m,455566m,ツモ6m / 打1m,"(3, 2, 22, 14, 6.73913)","(12, 5, 1, 14, 6.46667)",3,12,0,1
145556m,455567m,ツモ7m / 打1m,"(3, 2, 22, 14, 6.73913)","(14, 5, 0, 12, 7.11765)",3,14,0,1
145556m,455568m,ツモ8m / 打1m,"(3, 2, 22, 14, 6.73913)","(7, 3, 5, 14, 6.13636)",3,7,0,0
145566m,345566m,ツモ3m / 打1m,"(7, 2, 5, 16, 6.88235)","(11, 4, 4, 15, 8.82353)",7,11,1,1
145566m,455566m,ツモ5m / 打1m,"(7, 2, 5, 16, 6.88235)","(12, 5, 1, 14, 6.46667)",7,12,1,1
145566m,455666m,ツモ6m / 打1m,"(7, 2, 5, 16, 6.88235)","(16, 6, 0, 11, 6.33333)",7,16,1,1
145567m,445567m,ツモ4m / 打1m,"(7, 2, 6, 15, 6.66667)","(11, 4, 4, 15, 8.82353)",7,11,1,1
145567m,455567m,ツモ5m / 打1m,"(7, 2, 6, 15, 6.66667)","(14, 5, 0, 12, 7.11765)",7,14,1,1
145567m,455677m,ツモ7m / 打1m,"(7, 2, 6, 15, 6.66667)","(11, 4, 4, 15, 8.58824)",7,11,1,1
145567m,455678m,ツモ8m / 打1m,"(7, 2, 6, 15, 6.66667)","(15, 5, 0, 15, 9.26667)",7,15,1,1
145567m,455679m,ツモ9m / 打1m,"(7, 2, 6, 15, 6.66667)","(11, 3, 1, 14, 7.17647)",7,11,1,1
145666m,445666m,ツモ4m / 打1m,"(7, 3, 4, 16, 6.47368)","(12, 5, 1, 14, 6.73333)",7,12,1,1
145666m,455666m,ツモ5m / 打1m,"(7, 3, 4, 16, 6.47368)","(16, 6, 0, 11, 6.33333)",7,16,1,1
145666m,456667m,ツモ7m / 打1m,"(7, 3, 4, 16, 6.47368)","(14, 5, 0, 12, 7.11765)",7,14,1,1
145666m,456668m,ツモ8m / 打1m,"(7, 3, 4, 16, 6.47368)","(11, 4, 2, 16, 6.16667)",7,11,1,1
145667m,245667m,ツモ2m / 打1m,"(7, 2, 7, 15, 6.72727)","(11, 3, 1, 14, 6.84211)",7,11,1,1
145667m,345667m,ツモ3m / 打1m,"(7, 2, 7, 15, 6.72727)","(15, 5, 0, 15, 9.1875)",7,15,1,1
145667m,445667m,ツモ4m / 打1m,"(7, 2, 7, 15, 6.72727)","(11, 4, 4, 15, 8.58824)",7,11,1,1
145667m,456667m,ツモ6m / 打1m,"(7, 2, 7, 15, 6.72727)","(14, 5, 0, 12, 7.11765)",7,14,1,1
145667m,456677m,ツモ7m / 打1m,"(7, 2, 7, 15, 6.72727)","(11, 4, 4, 15, 8.82353)",7,11,1,1
145668m,345668m,ツモ3m / 打1m,"(4, 1, 9, 11, 5.88889)","(8, 3, 5, 15, 7.7)",4,8,0,0
145668m,445668m,ツモ4m / 打1m,"(4, 1, 9, 11, 5.88889)","(7, 2, 8, 12, 6.78947)",4,7,0,0
145668m,455668m,ツモ5m / 打1m,"(4, 1, 9, 11, 5.88889)","(7, 2, 7, 16, 7.38889)",4,7,0,1
145668m,456668m,ツモ6m / 打1m,"(4, 1, 9, 11, 5.88889)","(11, 4, 2, 16, 6.16667)",4,11,0,1
145668m,456688m,ツモ8m / 打1m,"(4, 1, 9, 11, 5.88889)","(8, 3, 1, 11, 5.66667)",4,8,0,0
145677m,245677m,ツモ2m / 打1m,"(4, 2, 13, 15, 7.08696)","(8, 3, 5, 15, 7.25)",4,8,0,0
145677m,345677m,ツモ3m / 打1m,"(4, 2, 13, 15, 7.08696)","(15, 5, 0, 15, 7.94118)",4,15,0,1
145677m,445677m,ツモ4m / 打1m,"(4, 2, 13, 15, 7.08696)","(6, 3, 12, 15, 9.5)",4,6,0,0
145677m,455677m,ツモ5m / 打1m,"(4, 2, 13, 15, 7.08696)","(11, 4, 4, 15, 8.58824)",4,11,0,1
145677m,456677m,ツモ6m / 打1m,"(4, 2, 13, 15, 7.08696)","(11, 4, 4, 15, 8.82353)",4,11,0,1
145677m,456778m,ツモ8m / 打1m,"(4, 2, 13, 15, 7.08696)","(15, 5, 0, 15, 9.1875)",4,15,0,1
145677m,456779m,ツモ9m / 打1m,"(4, 2, 13, 15, 7.08696)","(8, 3, 5, 15, 7.7)",4,8,0,0
145678m,445678m,ツモ4m / 打1m,"(11, 3, 4, 15, 6.71429)","(15, 5, 0, 15, 8.1875)",11,15,1,1
145678m,455678m,ツモ5m / 打1m,"(11, 3, 4, 15, 6.71429)","(15, 5, 0, 15, 9.26667)",11,15,1,1
145678m,456778m,ツモ7m / 打1m,"(11, 3, 4, 15, 6.71429)","(15, 5, 0, 15, 9.1875)",11,15,1,1
145678m,456788m,ツモ8m / 打1m,"(11, 3, 4, 15, 6.71429)","(15, 5, 0, 15, 7.6875)",11,15,1,1
145679m,134567m,ツモ3m / 打9m,"(4, 1, 10, 11, 5.91667)","(11, 3, 4, 15, 7.20833)",4,11,0,1
145679m,245679m,ツモ2m / 打1m,"(4, 1, 10, 11, 5.91667)","(8, 2, 2, 11, 6.2)",4,8,0,0
145679m,345679m,ツモ3m / 打1m,"(4, 1, 10, 11, 5.91667)","(11, 3, 4, 15, 7.20833)",4,11,0,1
145679m,445679m,ツモ4m / 打1m,"(4, 1, 10, 11, 5.91667)","(8, 3, 5, 15, 7.42105)",4,8,0,0
145679m,455679m,ツモ5m / 打1m,"(4, 1, 10, 11, 5.91667)","(11, 3, 1, 14, 7.17647)",4,11,0,1
145679m,456679m,ツモ6m / 打1m,"(4, 1, 10, 11, 5.91667)","(7, 2, 10, 15, 7.8)",4,7,0,1
145679m,456779m,ツモ7m / 打1m,"(4, 1, 10, 11, 5.91667)","(8, 3, 5, 15, 7.7)",4,8,0,0
145679m,456799m,ツモ9m / 打1m,"(4, 1, 10, 11, 5.91667)","(8, 3, 2, 11, 5.85)",4,8,0,0
145688m,345688m,ツモ3m / 打1m,"(4, 2, 6, 15, 6.26667)","(8, 3, 2, 11, 6.25)",4,8,0,0
145688m,456688m,ツモ6m / 打1m,"(4, 2, 6, 15, 6.26667)","(8, 3, 1, 11, 5.66667)",4,8,0,0
145688m,456788m,ツモ7m / 打1m,"(4, 2, 6, 15, 6.26667)","(15, 5, 0, 15, 7.6875)",4,15,0,1
145688m,456889m,ツモ9m / 打1m,"(4, 2, 6, 15, 6.26667)","(8, 3, 0, 8, 5.14286)",4,8,0,0
145689m,134568m,ツモ3m / 打9m,"(4, 1, 3, 8, 4.70588)","(8, 2, 2, 11, 6.2)",4,8,0,0
145689m,456889m,ツモ8m / 打1m,"(4, 1, 3, 8, 4.70588)","(8, 3, 0, 8, 5.14286)",4,8,0,0
145689m,456899m,ツモ9m / 打1m,"(4, 1, 3, 8, 4.70588)","(8, 3, 0, 8, 4.57143)",4,8,0,0
145699m,456799m,ツモ7m / 打1m,"(4, 2, 2, 8, 4.57143)","(8, 3, 2, 11, 5.85)",4,8,0,0
145699m,456899m,ツモ8m / 打1m,"(4, 2, 2, 8, 4.57143)","(8, 3, 0, 8, 4.57143)",4,8,0,0
145777m,445777m,ツモ4m / 打1m,"(8, 2, 2, 12, 6.46154)","(12, 4, 0, 12, 6.90909)",8,12,1,1
145777m,455777m,ツモ5m / 打1m,"(8, 2, 2, 12, 6.46154)","(12, 4, 0, 12, 6.90909)",8,12,1,1
145789m,445789m,ツモ4m / 打1m,"(8, 2, 2, 12, 6.46154)","(12, 4, 0, 12, 6.90909)",8,12,1,1
145789m,455789m,ツモ5m / 打1m,"(8, 2, 2, 12, 6.46154)","(12, 4, 0, 12, 6.90909)",8,12,1,1
145888m,445888m,ツモ4m / 打1m,"(8, 2, 2, 12, 6.46154)","(12, 4, 0, 12, 6.90909)",8,12,1,1
145888m,455888m,ツモ5m / 打1m,"(8, 2, 2, 12, 6.46154)","(12, 4, 0, 12, 6.90909)",8,12,1,1
145999m,445999m,ツモ4m / 打1m,"(8, 2, 2, 12, 6.46154)","(12, 4, 0, 12, 6.90909)",8,12,1,1
145999m,455999m,ツモ5m / 打1m,"(8, 2, 2, 12, 6.46154)","(12, 4, 0, 12, 6.90909)",8,12,1,1
146666m,246666m,ツモ2m / 打1m,"(4, 1, 7, 8, 5.86667)","(8, 2, 0, 8, 5.6)",4,8,0,0
146666m,346666m,ツモ3m / 打1m,"(4, 1, 7, 8, 5.86667)","(8, 2, 2, 12, 7.2)",4,8,0,1
146666m,446666m,ツモ4m / 打1m,"(4, 1, 7, 8, 5.86667)","(8, 3, 1, 12, 6.33333)",4,8,0,0
146666m,466667m,ツモ7m / 打1m,"(4, 1, 7, 8, 5.86667)","(8, 2, 1, 12, 6.66667)",4,8,0,1
146666m,466668m,ツモ8m / 打1m,"(4, 1, 7, 8, 5.86667)","(8, 2, 0, 8, 5.33333)",4,8,0,0
146678m,246678m,ツモ2m / 打1m,"(4, 1, 10, 11, 6)","(8, 2, 1, 11, 5.9)",4,8,0,0
146678m,346678m,ツモ3m / 打1m,"(4, 1, 10, 11, 6)","(8, 2, 3, 12, 7.3)",4,8,0,1
146678m,446678m,ツモ4m / 打1m,"(4, 1, 10, 11, 6)","(8, 3, 2, 12, 6.73333)",4,8,0,0
146678m,466678m,ツモ6m / 打1m,"(4, 1, 10, 11, 6)","(11, 4, 2, 16, 6.89474)",4,11,0,1
146678m,466778m,ツモ7m / 打1m,"(4, 1, 10, 11, 6)","(7, 2, 10, 16, 7.84211)",4,7,0,1
146678m,466788m,ツモ8m / 打1m,"(4, 1, 10, 11, 6)","(7, 2, 9, 12, 6.78947)",4,7,0,0
146678m,466789m,ツモ9m / 打1m,"(4, 1, 10, 11, 6)","(8, 3, 1, 11, 6.73684)",4,8,0,0
146777m,246777m,ツモ2m / 打1m,"(4, 1, 8, 8, 5.76471)","(8, 2, 0, 8, 5.44444)",4,8,0,0
146777m,346777m,ツモ3m / 打1m,"(4, 1, 8, 8, 5.76471)","(8, 2, 2, 12, 7)",4,8,0,1
146777m,446777m,ツモ4m / 打1m,"(4, 1, 8, 8, 5.76471)","(8, 3, 1, 12, 6.21429)",4,8,0,0
146777m,466777m,ツモ6m / 打1m,"(4, 1, 8, 8, 5.76471)","(8, 3, 2, 12, 6.71429)",4,8,0,0
146777m,467777m,ツモ7m / 打1m,"(4, 1, 8, 8, 5.76471)","(8, 2, 1, 12, 6.93333)",4,8,0,1
146777m,467778m,ツモ8m / 打1m,"(4, 1, 8, 8, 5.76471)","(7, 3, 9, 12, 6.21739)",4,7,0,0
146789m,246789m,ツモ2m / 打1m,"(4, 1, 10, 8, 5.56522)","(8, 2, 0, 8, 5.66667)",4,8,0,0
146789m,346789m,ツモ3m / 打1m,"(4, 1, 10, 8, 5.56522)","(8, 2, 4, 12, 7.5)",4,8,0,1
146789m,446789m,ツモ4m / 打1m,"(4, 1, 10, 8, 5.56522)","(8, 3, 2, 12, 6.63158)",4,8,0,0
146789m,466789m,ツモ6m / 打1m,"(4, 1, 10, 8, 5.56522)","(8, 3, 1, 11, 6.73684)",4,8,0,0
146789m,467789m,ツモ7m / 打1m,"(4, 1, 10, 8, 5.56522)","(7, 2, 10, 11, 6.65217)",4,7,0,1
146789m,467889m,ツモ8m / 打1m,"(4, 1, 10, 8, 5.56522)","(7, 2, 8, 10, 5.78261)",4,7,0,0
146789m,467899m,ツモ9m / 打1m,"(4, 1, 10, 8, 5.56522)","(8, 3, 1, 11, 6)",4,8,0,0
146888m,246888m,ツモ2m / 打1m,"(4, 1, 8, 8, 5.76471)","(8, 2, 0, 8, 5.44444)",4,8,0,0
146888m,346888m,ツモ3m / 打1m,"(4, 1, 8, 8, 5.76471)","(8, 2, 2, 12, 7)",4,8,0,1
146888m,446888m,ツモ4m / 打1m,"(4, 1, 8, 8, 5.76471)","(8, 3, 1, 12, 6.21429)",4,8,0,0
146888m,466888m,ツモ6m / 打1m,"(4, 1, 8, 8, 5.76471)","(8, 3, 1, 12, 6.42857)",4,8,0,0
146888m,467888m,ツモ7m / 打1m,"(4, 1, 8, 8, 5.76471)","(7, 3, 9, 16, 6.91304)",4,7,0,1
146888m,468888m,ツモ8m / 打1m,"(4, 1, 8, 8, 5.76471)","(8, 2, 0, 8, 5.6)",4,8,0,0
146999m,246999m,ツモ2m / 打1m,"(4, 1, 8, 8, 5.88235)","(8, 2, 0, 8, 5.64706)",4,8,0,0
146999m,346999m,ツモ3m / 打1m,"(4, 1, 8, 8, 5.88235)","(8, 2, 2, 12, 7.05882)",4,8,0,1
146999m,446999m,ツモ4m / 打1m,"(4, 1, 8, 8, 5.88235)","(8, 3, 1, 12, 6.46154)",4,8,0,0
146999m,466999m,ツモ6m / 打1m,"(4, 1, 8, 8, 5.88235)","(8, 3, 1, 12, 6.46154)",4,8,0,0
146999m,467999m,ツモ7m / 打1m,"(4, 1, 8, 8, 5.88235)","(8, 2, 2, 12, 7.05882)",4,8,0,1
146999m,468999m,ツモ8m / 打1m,"(4, 1, 8, 8, 5.88235)","(8, 2, 0, 8, 5.64706)",4,8,0,0
155556m,555566m,ツモ6m / 打1m,"(8, 2, 1, 12, 6.15385)","(12, 4, 0, 8, 6.4)",8,12,1,1
155557m,355557m,ツモ3m / 打1m,"(4, 1, 8, 8, 6)","(8, 2, 0, 8, 6)",4,8,0,0
155557m,455557m,ツモ4m / 打1m,"(4, 1, 8, 8, 6)","(8, 2, 1, 12, 6.66667)",4,8,0,1
155557m,555577m,ツモ7m / 打1m,"(4, 1, 8, 8, 6)","(8, 3, 1, 12, 6.33333)",4,8,0,0
155557m,555578m,ツモ8m / 打1m,"(4, 1, 8, 8, 6)","(8, 2, 2, 12, 7.42857)",4,8,0,1
155557m,555579m,ツモ9m / 打1m,"(4, 1, 8, 8, 6)","(8, 2, 0, 8, 5.71429)",4,8,0,0
155566m,455566m,ツモ4m / 打1m,"(4, 2, 8, 16, 6.75)","(12, 5, 1, 14, 6.46667)",4,12,0,1
155566m,555566m,ツモ5m / 打1m,"(4, 2, 8, 16, 6.75)","(12, 4, 0, 8, 6.4)",4,12,0,1
155566m,555667m,ツモ7m / 打1m,"(4, 2, 8, 16, 6.75)","(16, 6, 0, 11, 6.33333)",4,16,0,1
155566m,555668m,ツモ8m / 打1m,"(4, 2, 8, 16, 6.75)","(8, 3, 2, 12, 6.14286)",4,8,0,0
155567m,355567m,ツモ3m / 打1m,"(7, 3, 5, 16, 6.31818)","(11, 4, 2, 16, 6.75)",7,11,1,1
155567m,455567m,ツモ4m / 打1m,"(7, 3, 5, 16, 6.31818)","(14, 5, 0, 12, 7.11765)",7,14,1,1
155567m,555667m,ツモ6m / 打1m,"(7, 3, 5, 16, 6.31818)","(16, 6, 0, 11, 6.33333)",7,16,1,1
155567m,555677m,ツモ7m / 打1m,"(7, 3, 5, 16, 6.31818)","(12, 5, 1, 14, 6.73333)",7,12,1,1
155568m,455568m,ツモ4m / 打1m,"(4, 1, 5, 8, 5)","(7, 3, 5, 14, 6.13636)",4,7,0,0
155568m,555568m,ツモ5m / 打1m,"(4, 1, 5, 8, 5)","(8, 2, 1, 12, 6.28571)",4,8,0,1
155568m,555668m,ツモ6m / 打1m,"(4, 1, 5, 8, 5)","(8, 3, 2, 12, 6.14286)",4,8,0,0
155568m,555688m,ツモ8m / 打1m,"(4, 1, 5, 8, 5)","(8, 3, 0, 8, 5.07143)",4,8,0,0
155577m,555577m,ツモ5m / 打1m,"(4, 2, 6, 12, 6)","(8, 3, 1, 12, 6.33333)",4,8,0,0
155577m,555677m,ツモ6m / 打1m,"(4, 2, 6, 12, 6)","(12, 5, 1, 14, 6.73333)",4,12,0,1
155577m,555778m,ツモ8m / 打1m,"(4, 2, 6, 12, 6)","(12, 4, 0, 12, 6.90909)",4,12,0,1
155577m,555779m,ツモ9m / 打1m,"(4, 2, 6, 12, 6)","(8, 3, 1, 12, 5.85714)",4,8,0,0
155578m,555778m,ツモ7m / 打1m,"(8, 2, 2, 12, 6.13333)","(12, 4, 0, 12, 6.90909)",8,12,1,1
155578m,555788m,ツモ8m / 打1m,"(8, 2, 2, 12, 6.13333)","(12, 4, 0, 12, 6.54545)",8,12,1,1
155579m,555579m,ツモ5m / 打1m,"(4, 1, 5, 8, 5.05882)","(8, 2, 0, 8, 5.71429)",4,8,0,0
155579m,555679m,ツモ6m / 打1m,"(4, 1, 5, 8, 5.05882)","(7, 3, 7, 16, 7.15)",4,7,0,1
155579m,555779m,ツモ7m / 打1m,"(4, 1, 5, 8, 5.05882)","(8, 3, 1, 12, 5.85714)",4,8,0,0
155579m,555799m,ツモ9m / 打1m,"(4, 1, 5, 8, 5.05882)","(8, 3, 0, 8, 4.78571)",4,8,0,0
155588m,555688m,ツモ6m / 打1m,"(4, 2, 4, 12, 5.53846)","(8, 3, 0, 8, 5.07143)",4,8,0,0
155588m,555788m,ツモ7m / 打1m,"(4, 2, 4, 12, 5.53846)","(12, 4, 0, 12, 6.54545)",4,12,0,1
155588m,555889m,ツモ9m / 打1m,"(4, 2, 4, 12, 5.53846)","(8, 3, 0, 8, 4.61538)",4,8,0,0
155589m,555889m,ツモ8m / 打1m,"(4, 1, 2, 8, 4.5)","(8, 3, 0, 8, 4.61538)",4,8,0,0
155589m,555899m,ツモ9m / 打1m,"(4, 1, 2, 8, 4.5)","(8, 3, 0, 8, 4.30769)",4,8,0,0
155599m,555799m,ツモ7m / 打1m,"(4, 2, 2, 8, 4.66667)","(8, 3, 0, 8, 4.78571)",4,8,0,0
155599m,555899m,ツモ8m / 打1m,"(4, 2, 2, 8, 4.66667)","(8, 3, 0, 8, 4.30769)",4,8,0,0
155666m,355666m,ツモ3m / 打1m,"(4, 2, 9, 16, 7.2)","(8, 3, 2, 12, 6.71429)",4,8,0,0
155666m,455666m,ツモ4m / 打1m,"(4, 2, 9, 16, 7.2)","(16, 6, 0, 11, 6.33333)",4,16,0,1
155666m,556666m,ツモ6m / 打1m,"(4, 2, 9, 16, 7.2)","(12, 4, 0, 8, 6.4)",4,12,0,1
155666m,556667m,ツモ7m / 打1m,"(4, 2, 9, 16, 7.2)","(12, 5, 1, 14, 6.46667)",4,12,0,1
155667m,135567m,ツモ3m / 打6m,"(7, 2, 4, 16, 6.5)","(8, 2, 1, 11, 6)",7,8,1,0
155667m,555667m,ツモ5m / 打1m,"(7, 2, 4, 16, 6.5)","(16, 6, 0, 11, 6.33333)",7,16,1,1
155667m,556667m,ツモ6m / 打1m,"(7, 2, 4, 16, 6.5)","(12, 5, 1, 14, 6.46667)",7,12,1,1
155667m,556678m,ツモ8m / 打1m,"(7, 2, 4, 16, 6.5)","(11, 4, 2, 14, 7.88235)",7,11,1,1
155677m,115567m,ツモ1m / 打7m,"(3, 1, 21, 12, 6.31818)","(4, 2, 6, 8, 5.17647)",3,4,0,0
155677m,125677m,ツモ2m / 打5m,"(3, 1, 21, 12, 6.31818)","(4, 1, 9, 8, 5.16667)",3,4,0,0
155677m,135567m,ツモ3m / 打7m,"(3, 1, 21, 12, 6.31818)","(8, 2, 1, 11, 6)",3,8,0,0
155677m,455677m,ツモ4m / 打1m,"(3, 1, 21, 12, 6.31818)","(11, 4, 4, 15, 8.58824)",3,11,0,1
155677m,555677m,ツモ5m / 打1m,"(3, 1, 21, 12, 6.31818)","(12, 5, 1, 14, 6.73333)",3,12,0,1
155677m,556777m,ツモ7m / 打1m,"(3, 1, 21, 12, 6.31818)","(12, 5, 1, 14, 6.73333)",3,12,0,1
155677m,556778m,ツモ8m / 打1m,"(3, 1, 21, 12, 6.31818)","(11, 4, 4, 15, 8.35294)",3,11,0,1
155677m,556779m,ツモ9m / 打1m,"(3, 1, 21, 12, 6.31818)","(7, 2, 8, 12, 6.94444)",3,7,0,0
155678m,355678m,ツモ3m / 打1m,"(4, 2, 14, 15, 7.04545)","(8, 3, 4, 11, 7.7)",4,8,0,0
155678m,455678m,ツモ4m / 打1m,"(4, 2, 14, 15, 7.04545)","(15, 5, 0, 15, 9.26667)",4,15,0,1
155678m,556678m,ツモ6m / 打1m,"(4, 2, 14, 15, 7.04545)","(11, 4, 2, 14, 7.88235)",4,11,0,1
155678m,556778m,ツモ7m / 打1m,"(4, 2, 14, 15, 7.04545)","(11, 4, 4, 15, 8.35294)",4,11,0,1
155678m,556788m,ツモ8m / 打1m,"(4, 2, 14, 15, 7.04545)","(6, 3, 10, 15, 8.5)",4,6,0,0
155678m,556789m,ツモ9m / 打1m,"(4, 2, 14, 15, 7.04545)","(11, 4, 0, 11, 6.63158)",4,11,0,1
155777m,355777m,ツモ3m / 打1m,"(4, 2, 7, 12, 6.42857)","(8, 3, 1, 12, 6.42857)",4,8,0,0
155777m,455777m,ツモ4m / 打1m,"(4, 2, 7, 12, 6.42857)","(12, 4, 0, 12, 6.90909)",4,12,0,1
155777m,556777m,ツモ6m / 打1m,"(4, 2, 7, 12, 6.42857)","(12, 5, 1, 14, 6.73333)",4,12,0,1
155777m,557777m,ツモ7m / 打1m,"(4, 2, 7, 12, 6.42857)","(8, 3, 1, 12, 6.33333)",4,8,0,0
155789m,355789m,ツモ3m / 打1m,"(4, 2, 7, 12, 6.42857)","(8, 3, 1, 11, 6.26667)",4,8,0,0
155789m,455789m,ツモ4m / 打1m,"(4, 2, 7, 12, 6.42857)","(12, 4, 0, 12, 6.90909)",4,12,0,1
155789m,556789m,ツモ6m / 打1m,"(4, 2, 7, 12, 6.42857)","(11, 4, 0, 11, 6.63158)",4,11,0,1
155789m,557789m,ツモ7m / 打1m,"(4, 2, 7, 12, 6.42857)","(8, 3, 1, 12, 5.93333)",4,8,0,0
155888m,355888m,ツモ3m / 打1m,"(4, 2, 7, 12, 6.76923)","(8, 3, 1, 12, 6.46154)",4,8,0,0
155888m,455888m,ツモ4m / 打1m,"(4, 2, 7, 12, 6.76923)","(12, 4, 0, 12, 6.90909)",4,12,0,1
155888m,556888m,ツモ6m / 打1m,"(4, 2, 7, 12, 6.76923)","(12, 4, 0, 12, 6.90909)",4,12,0,1
155888m,557888m,ツモ7m / 打1m,"(4, 2, 7, 12, 6.76923)","(8, 3, 1, 12, 6.21429)",4,8,0,0
155999m,355999m,ツモ3m / 打1m,"(4, 2, 7, 12, 6.76923)","(8, 3, 1, 12, 6.46154)",4,8,0,0
155999m,455999m,ツモ4m / 打1m,"(4, 2, 7, 12, 6.76923)","(12, 4, 0, 12, 6.90909)",4,12,0,1
155999m,556999m,ツモ6m / 打1m,"(4, 2, 7, 12, 6.76923)","(12, 4, 0, 12, 6.90909)",4,12,0,1
155999m,557999m,ツモ7m / 打1m,"(4, 2, 7, 12, 6.76923)","(8, 3, 1, 12, 6.21429)",4,8,0,0
156666m,556666m,ツモ5m / 打1m,"(8, 2, 1, 12, 6.15385)","(12, 4, 0, 8, 6.4)",8,12,1,1
156667m,115667m,ツモ1m / 打6m,"(3, 2, 24, 14, 6.52)","(4, 2, 6, 8, 5.05556)",3,4,0,0
156667m,125667m,ツモ2m / 打6m,"(3, 2, 24, 14, 6.52)","(4, 1, 10, 11, 5.47826)",3,4,0,0
156667m,135666m,ツモ3m / 打7m,"(3, 2, 24, 14, 6.52)","(8, 2, 0, 8, 5.52941)",3,8,0,0
156667m,456667m,ツモ4m / 打1m,"(3, 2, 24, 14, 6.52)","(14, 5, 0, 12, 7.11765)",3,14,0,1
156667m,556667m,ツモ5m / 打1m,"(3, 2, 24, 14, 6.52)","(12, 5, 1, 14, 6.46667)",3,12,0,1
156667m,566677m,ツモ7m / 打1m,"(3, 2, 24, 14, 6.52)","(12, 5, 1, 14, 6.46667)",3,12,0,1
156667m,566678m,ツモ8m / 打1m,"(3, 2, 24, 14, 6.52)","(14, 5, 0, 12, 7.0625)",3,14,0,1
156667m,566679m,ツモ9m / 打1m,"(3, 2, 24, 14, 6.52)","(7, 3, 5, 14, 6.35)",3,7,0,0
156677m,456677m,ツモ4m / 打1m,"(7, 2, 3, 16, 6.15789)","(11, 4, 4, 15, 8.82353)",7,11,1,1
156677m,566677m,ツモ6m / 打1m,"(7, 2, 3, 16, 6.15789)","(12, 5, 1, 14, 6.46667)",7,12,1,1
156677m,566777m,ツモ7m / 打1m,"(7, 2, 3, 16, 6.15789)","(16, 6, 0, 11, 6.33333)",7,16,1,1
156678m,135678m,ツモ3m / 打6m,"(7, 2, 5, 14, 6.08696)","(8, 2, 1, 11, 6.32)",7,8,1,0
156678m,556678m,ツモ5m / 打1m,"(7, 2, 5, 14, 6.08696)","(11, 4, 2, 14, 7.88235)",7,11,1,1
156678m,566678m,ツモ6m / 打1m,"(7, 2, 5, 14, 6.08696)","(14, 5, 0, 12, 7.0625)",7,14,1,1
156678m,566788m,ツモ8m / 打1m,"(7, 2, 5, 14, 6.08696)","(11, 4, 2, 14, 7.17647)",7,11,1,1
156678m,566789m,ツモ9m / 打1m,"(7, 2, 5, 14, 6.08696)","(11, 4, 0, 11, 7.38889)",7,11,1,1
156777m,135777m,ツモ3m / 打6m,"(7, 3, 5, 16, 6.31818)","(8, 2, 0, 8, 5.52941)",7,8,1,0
156777m,556777m,ツモ5m / 打1m,"(7, 3, 5, 16, 6.31818)","(12, 5, 1, 14, 6.73333)",7,12,1,1
156777m,566777m,ツモ6m / 打1m,"(7, 3, 5, 16, 6.31818)","(16, 6, 0, 11, 6.33333)",7,16,1,1
156777m,567778m,ツモ8m / 打1m,"(7, 3, 5, 16, 6.31818)","(14, 5, 0, 12, 7.0625)",7,14,1,1
156777m,567779m,ツモ9m / 打1m,"(7, 3, 5, 16, 6.31818)","(11, 4, 2, 16, 6.4375)",7,11,1,1
156778m,356778m,ツモ3m / 打1m,"(7, 2, 7, 15, 6.6087)","(11, 3, 1, 14, 7.14286)",7,11,1,1
156778m,456778m,ツモ4m / 打1m,"(7, 2, 7, 15, 6.6087)","(15, 5, 0, 15, 9.1875)",7,15,1,1
156778m,556778m,ツモ5m / 打1m,"(7, 2, 7, 15, 6.6087)","(11, 4, 4, 15, 8.35294)",7,11,1,1
156778m,567778m,ツモ7m / 打1m,"(7, 2, 7, 15, 6.6087)","(14, 5, 0, 12, 7.0625)",7,14,1,1
156778m,567788m,ツモ8m / 打1m,"(7, 2, 7, 15, 6.6087)","(11, 4, 4, 15, 8.58824)",7,11,1,1
156779m,456779m,ツモ4m / 打1m,"(4, 1, 7, 11, 5.36842)","(8, 3, 5, 15, 7.7)",4,8,0,0
156779m,556779m,ツモ5m / 打1m,"(4, 1, 7, 11, 5.36842)","(7, 2, 8, 12, 6.94444)",4,7,0,0
156779m,566779m,ツモ6m / 打1m,"(4, 1, 7, 11, 5.36842)","(7, 2, 7, 16, 7.58824)",4,7,0,1
156779m,567779m,ツモ7m / 打1m,"(4, 1, 7, 11, 5.36842)","(11, 4, 2, 16, 6.4375)",4,11,0,1
156779m,567799m,ツモ9m / 打1m,"(4, 1, 7, 11, 5.36842)","(8, 3, 1, 11, 5.4)",4,8,0,0
156788m,356788m,ツモ3m / 打1m,"(4, 2, 12, 15, 6.68182)","(8, 3, 4, 11, 6.85)",4,8,0,0
156788m,456788m,ツモ4m / 打1m,"(4, 2, 12, 15, 6.68182)","(15, 5, 0, 15, 7.6875)",4,15,0,1
156788m,556788m,ツモ5m / 打1m,"(4, 2, 12, 15, 6.68182)","(6, 3, 10, 15, 8.5)",4,6,0,0
156788m,566788m,ツモ6m / 打1m,"(4, 2, 12, 15, 6.68182)","(11, 4, 2, 14, 7.17647)",4,11,0,1
156788m,567788m,ツモ7m / 打1m,"(4, 2, 12, 15, 6.68182)","(11, 4, 4, 15, 8.58824)",4,11,0,1
156788m,567889m,ツモ9m / 打1m,"(4, 2, 12, 15, 6.68182)","(11, 4, 0, 11, 6.36842)",4,11,0,1
156789m,135678m,ツモ3m / 打9m,"(7, 2, 6, 11, 5.69231)","(8, 2, 1, 11, 6.32)",7,8,1,0
156789m,556789m,ツモ5m / 打1m,"(7, 2, 6, 11, 5.69231)","(11, 4, 0, 11, 6.63158)",7,11,1,1
156789m,566789m,ツモ6m / 打1m,"(7, 2, 6, 11, 5.69231)","(11, 4, 0, 11, 7.38889)",7,11,1,1
156789m,567889m,ツモ8m / 打1m,"(7, 2, 6, 11, 5.69231)","(11, 4, 0, 11, 6.36842)",7,11,1,1
156789m,567899m,ツモ9m / 打1m,"(7, 2, 6, 11, 5.69231)","(11, 4, 0, 11, 5.78947)",7,11,1,1
156799m,456799m,ツモ4m / 打1m,"(4, 2, 4, 11, 5.2)","(8, 3, 2, 11, 5.85)",4,8,0,0
156799m,567799m,ツモ7m / 打1m,"(4, 2, 4, 11, 5.2)","(8, 3, 1, 11, 5.4)",4,8,0,0
156799m,567899m,ツモ8m / 打1m,"(4, 2, 4, 11, 5.2)","(11, 4, 0, 11, 5.78947)",4,11,0,1
156888m,556888m,ツモ5m / 打1m,"(8, 2, 2, 12, 6.4)","(12, 4, 0, 12, 6.90909)",8,12,1,1
156888m,566888m,ツモ6m / 打1m,"(8, 2, 2, 12, 6.4)","(12, 4, 0, 12, 6.90909)",8,12,1,1
156999m,556999m,ツモ5m / 打1m,"(8, 2, 2, 12, 6.4)","(12, 4, 0, 12, 6.90909)",8,12,1,1
156999m,566999m,ツモ6m / 打1m,"(8, 2, 2, 12, 6.4)","(12, 4, 0, 12, 6.90909)",8,12,1,1
157777m,357777m,ツモ3m / 打1m,"(4, 1, 8, 8, 6)","(8, 2, 0, 8, 6.25)",4,8,0,0
157777m,457777m,ツモ4m / 打1m,"(4, 1, 8, 8, 6)","(8, 2, 2, 12, 7.2)",4,8,0,1
157777m,557777m,ツモ5m / 打1m,"(4, 1, 8, 8, 6)","(8, 3, 1, 12, 6.33333)",4,8,0,0
157777m,577778m,ツモ8m / 打1m,"(4, 1, 8, 8, 6)","(8, 2, 1, 12, 6.85714)",4,8,0,1
157777m,577779m,ツモ9m / 打1m,"(4, 1, 8, 8, 6)","(8, 2, 0, 8, 5.42857)",4,8,0,0
157789m,357789m,ツモ3m / 打1m,"(4, 1, 9, 8, 5.66667)","(8, 2, 0, 8, 5.7)",4,8,0,0
157789m,457789m,ツモ4m / 打1m,"(4, 1, 9, 8, 5.66667)","(8, 2, 2, 12, 6.84211)",4,8,0,1
157789m,557789m,ツモ5m / 打1m,"(4, 1, 9, 8, 5.66667)","(8, 3, 1, 12, 5.93333)",4,8,0,0
157789m,577789m,ツモ7m / 打1m,"(4, 1, 9, 8, 5.66667)","(7, 3, 7, 12, 5.61905)",4,7,0,0
157789m,577889m,ツモ8m / 打1m,"(4, 1, 9, 8, 5.66667)","(7, 2, 7, 12, 7)",4,7,0,1
157789m,577899m,ツモ9m / 打1m,"(4, 1, 9, 8, 5.66667)","(7, 2, 7, 12, 5.88889)",4,7,0,0
157888m,357888m,ツモ3m / 打1m,"(4, 1, 9, 8, 5.88889)","(8, 2, 0, 8, 6)",4,8,0,0
157888m,457888m,ツモ4m / 打1m,"(4, 1, 9, 8, 5.88889)","(8, 2, 2, 12, 7)",4,8,0,1
157888m,557888m,ツモ5m / 打1m,"(4, 1, 9, 8, 5.88889)","(8, 3, 1, 12, 6.21429)",4,8,0,0
157888m,577888m,ツモ7m / 打1m,"(4, 1, 9, 8, 5.88889)","(8, 3, 2, 12, 6.71429)",4,8,0,0
157888m,578888m,ツモ8m / 打1m,"(4, 1, 9, 8, 5.88889)","(8, 2, 1, 12, 7.14286)",4,8,0,1
157888m,578889m,ツモ9m / 打1m,"(4, 1, 9, 8, 5.88889)","(7, 3, 8, 12, 5.61905)",4,7,0,0
157999m,357999m,ツモ3m / 打1m,"(4, 1, 9, 8, 5.88889)","(8, 2, 0, 8, 6)",4,8,0,0
157999m,457999m,ツモ4m / 打1m,"(4, 1, 9, 8, 5.88889)","(8, 2, 2, 12, 7)",4,8,0,1
157999m,557999m,ツモ5m / 打1m,"(4, 1, 9, 8, 5.88889)","(8, 3, 1, 12, 6.21429)",4,8,0,0
157999m,577999m,ツモ7m / 打1m,"(4, 1, 9, 8, 5.88889)","(8, 3, 1, 12, 6.42857)",4,8,0,0
157999m,578999m,ツモ8m / 打1m,"(4, 1, 9, 8, 5.88889)","(7, 3, 8, 12, 6.57143)",4,7,0,1
157999m,579999m,ツモ9m / 打1m,"(4, 1, 9, 8, 5.88889)","(8, 2, 0, 8, 5.71429)",4,8,0,0
166667m,666677m,ツモ7m / 打1m,"(8, 2, 1, 12, 5.71429)","(12, 4, 0, 8, 6.4)",8,12,1,1
166668m,156666m,ツモ5m / 打8m,"(4, 1, 4, 8, 5)","(8, 2, 1, 12, 6.15385)",4,8,0,1
166668m,466668m,ツモ4m / 打1m,"(4, 1, 4, 8, 5)","(8, 2, 0, 8, 5.33333)",4,8,0,0
166668m,666688m,ツモ8m / 打1m,"(4, 1, 4, 8, 5)","(8, 3, 0, 8, 5)",4,8,0,0
166677m,566677m,ツモ5m / 打1m,"(4, 2, 8, 16, 6.75)","(12, 5, 1, 14, 6.46667)",4,12,0,1
166677m,666677m,ツモ6m / 打1m,"(4, 2, 8, 16, 6.75)","(12, 4, 0, 8, 6.4)",4,12,0,1
166677m,666778m,ツモ8m / 打1m,"(4, 2, 8, 16, 6.75)","(16, 6, 0, 11, 6.33333)",4,16,0,1
166677m,666779m,ツモ9m / 打1m,"(4, 2, 8, 16, 6.75)","(8, 3, 2, 12, 6.14286)",4,8,0,0
166678m,466678m,ツモ4m / 打1m,"(7, 3, 4, 16, 6.13636)","(11, 4, 2, 16, 6.89474)",7,11,1,1
166678m,566678m,ツモ5m / 打1m,"(7, 3, 4, 16, 6.13636)","(14, 5, 0, 12, 7.0625)",7,14,1,1
166678m,666778m,ツモ7m / 打1m,"(7, 3, 4, 16, 6.13636)","(16, 6, 0, 11, 6.33333)",7,16,1,1
166678m,666788m,ツモ8m / 打1m,"(7, 3, 4, 16, 6.13636)","(12, 5, 1, 14, 6.2)",7,12,1,1
166679m,566679m,ツモ5m / 打1m,"(4, 1, 5, 8, 5.05882)","(7, 3, 5, 14, 6.35)",4,7,0,0
166679m,666679m,ツモ6m / 打1m,"(4, 1, 5, 8, 5.05882)","(8, 2, 1, 12, 6.46154)",4,8,0,1
166679m,666779m,ツモ7m / 打1m,"(4, 1, 5, 8, 5.05882)","(8, 3, 2, 12, 6.14286)",4,8,0,0
166679m,666799m,ツモ9m / 打1m,"(4, 1, 5, 8, 5.05882)","(8, 3, 0, 8, 4.78571)",4,8,0,0
166688m,666688m,ツモ6m / 打1m,"(4, 2, 4, 12, 5.28571)","(8, 3, 0, 8, 5)",4,8,0,0
166688m,666788m,ツモ7m / 打1m,"(4, 2, 4, 12, 5.28571)","(12, 5, 1, 14, 6.2)",4,12,0,1
166688m,666889m,ツモ9m / 打1m,"(4, 2, 4, 12, 5.28571)","(8, 3, 0, 8, 4.61538)",4,8,0,0
166689m,666889m,ツモ8m / 打1m,"(4, 1, 2, 8, 4.5)","(8, 3, 0, 8, 4.61538)",4,8,0,0
166689m,666899m,ツモ9m / 打1m,"(4, 1, 2, 8, 4.5)","(8, 3, 0, 8, 4.30769)",4,8,0,0
166699m,666799m,ツモ7m / 打1m,"(4, 2, 2, 8, 4.66667)","(8, 3, 0, 8, 4.78571)",4,8,0,0
166699m,666899m,ツモ8m / 打1m,"(4, 2, 2, 8, 4.66667)","(8, 3, 0, 8, 4.30769)",4,8,0,0
166777m,466777m,ツモ4m / 打1m,"(4, 2, 8, 16, 6.75)","(8, 3, 2, 12, 6.71429)",4,8,0,0
166777m,566777m,ツモ5m / 打1m,"(4, 2, 8, 16, 6.75)","(16, 6, 0, 11, 6.33333)",4,16,0,1
166777m,667777m,ツモ7m / 打1m,"(4, 2, 8, 16, 6.75)","(12, 4, 0, 8, 6.4)",4,12,0,1
166777m,667778m,ツモ8m / 打1m,"(4, 2, 8, 16, 6.75)","(12, 5, 0, 11, 5.93333)",4,12,0,1
166778m,666778m,ツモ6m / 打1m,"(7, 2, 3, 16, 6.15789)","(16, 6, 0, 11, 6.33333)",7,16,1,1
166778m,667778m,ツモ7m / 打1m,"(7, 2, 3, 16, 6.15789)","(12, 5, 0, 11, 5.93333)",7,12,1,1
166778m,667789m,ツモ9m / 打1m,"(7, 2, 3, 16, 6.15789)","(11, 4, 1, 12, 7)",7,11,1,1
166788m,116678m,ツモ1m / 打8m,"(3, 1, 19, 12, 5.59091)","(4, 2, 5, 8, 4.88889)",3,4,0,0
166788m,126678m,ツモ2m / 打8m,"(3, 1, 19, 12, 5.59091)","(4, 1, 9, 8, 5.16667)",3,4,0,0
166788m,136678m,ツモ3m / 打8m,"(3, 1, 19, 12, 5.59091)","(4, 1, 11, 8, 5.5)",3,4,0,0
166788m,466788m,ツモ4m / 打1m,"(3, 1, 19, 12, 5.59091)","(7, 2, 9, 12, 6.78947)",3,7,0,0
166788m,566788m,ツモ5m / 打1m,"(3, 1, 19, 12, 5.59091)","(11, 4, 2, 14, 7.17647)",3,11,0,1
166788m,666788m,ツモ6m / 打1m,"(3, 1, 19, 12, 5.59091)","(12, 5, 1, 14, 6.2)",3,12,0,1
166788m,667888m,ツモ8m / 打1m,"(3, 1, 19, 12, 5.59091)","(12, 5, 0, 10, 5.66667)",3,12,0,1
166788m,667889m,ツモ9m / 打1m,"(3, 1, 19, 12, 5.59091)","(7, 3, 6, 12, 6.2)",3,7,0,0
166789m,466789m,ツモ4m / 打1m,"(4, 2, 9, 11, 5.5)","(8, 3, 1, 11, 6.73684)",4,8,0,0
166789m,566789m,ツモ5m / 打1m,"(4, 2, 9, 11, 5.5)","(11, 4, 0, 11, 7.38889)",4,11,0,1
166789m,667789m,ツモ7m / 打1m,"(4, 2, 9, 11, 5.5)","(11, 4, 1, 12, 7)",4,11,0,1
166789m,667889m,ツモ8m / 打1m,"(4, 2, 9, 11, 5.5)","(7, 3, 6, 12, 6.2)",4,7,0,0
166789m,667899m,ツモ9m / 打1m,"(4, 2, 9, 11, 5.5)","(6, 3, 8, 11, 6.8)",4,6,0,0
166888m,466888m,ツモ4m / 打1m,"(4, 2, 6, 12, 6)","(8, 3, 1, 12, 6.42857)",4,8,0,0
166888m,566888m,ツモ5m / 打1m,"(4, 2, 6, 12, 6)","(12, 4, 0, 12, 6.90909)",4,12,0,1
166888m,667888m,ツモ7m / 打1m,"(4, 2, 6, 12, 6)","(12, 5, 0, 10, 5.66667)",4,12,0,1
166888m,668888m,ツモ8m / 打1m,"(4, 2, 6, 12, 6)","(8, 3, 1, 12, 5.66667)",4,8,0,0
166999m,466999m,ツモ4m / 打1m,"(4, 2, 6, 12, 6.28571)","(8, 3, 1, 12, 6.46154)",4,8,0,0
166999m,566999m,ツモ5m / 打1m,"(4, 2, 6, 12, 6.28571)","(12, 4, 0, 12, 6.90909)",4,12,0,1
166999m,667999m,ツモ7m / 打1m,"(4, 2, 6, 12, 6.28571)","(12, 4, 0, 12, 6.90909)",4,12,0,1
166999m,668999m,ツモ8m / 打1m,"(4, 2, 6, 12, 6.28571)","(8, 3, 1, 12, 5.84615)",4,8,0,0
167777m,667777m,ツモ6m / 打1m,"(8, 2, 1, 12, 5.71429)","(12, 4, 0, 8, 6.4)",8,12,1,1
167778m,116778m,ツモ1m / 打7m,"(3, 2, 22, 14, 5.88)","(4, 2, 6, 8, 5.05556)",3,4,0,0
167778m,126778m,ツモ2m / 打7m,"(3, 2, 22, 14, 5.88)","(4, 1, 10, 8, 5.25)",3,4,0,0
167778m,136778m,ツモ3m / 打7m,"(3, 2, 22, 14, 5.88)","(4, 1, 13, 11, 5.91667)",3,4,0,0
167778m,467778m,ツモ4m / 打1m,"(3, 2, 22, 14, 5.88)","(7, 3, 9, 12, 6.21739)",3,7,0,0
167778m,567778m,ツモ5m / 打1m,"(3, 2, 22, 14, 5.88)","(14, 5, 0, 12, 7.0625)",3,14,0,1
167778m,667778m,ツモ6m / 打1m,"(3, 2, 22, 14, 5.88)","(12, 5, 0, 11, 5.93333)",3,12,0,1
167778m,677788m,ツモ8m / 打1m,"(3, 2, 22, 14, 5.88)","(12, 5, 1, 14, 5.93333)",3,12,0,1
167778m,677789m,ツモ9m / 打1m,"(3, 2, 22, 14, 5.88)","(10, 4, 3, 12, 5.78947)",3,10,0,1
167788m,567788m,ツモ5m / 打1m,"(7, 2, 3, 16, 6.27778)","(11, 4, 4, 15, 8.58824)",7,11,1,1
167788m,677788m,ツモ7m / 打1m,"(7, 2, 3, 16, 6.27778)","(12, 5, 1, 14, 5.93333)",7,12,1,1
167788m,677888m,ツモ8m / 打1m,"(7, 2, 3, 16, 6.27778)","(16, 6, 0, 7, 6)",7,16,1,1
167789m,667789m,ツモ6m / 打1m,"(7, 2, 3, 11, 5.31818)","(11, 4, 1, 12, 7)",7,11,1,1
167789m,677789m,ツモ7m / 打1m,"(7, 2, 3, 11, 5.31818)","(10, 4, 3, 12, 5.78947)",7,10,1,1
167789m,677899m,ツモ9m / 打1m,"(7, 2, 3, 11, 5.31818)","(11, 4, 0, 11, 5.82353)",7,11,1,1
167888m,667888m,ツモ6m / 打1m,"(7, 3, 3, 16, 5.59091)","(12, 5, 0, 10, 5.66667)",7,12,1,1
167888m,677888m,ツモ7m / 打1m,"(7, 3, 3, 16, 5.59091)","(16, 6, 0, 7, 6)",7,16,1,1
167888m,678889m,ツモ9m / 打1m,"(7, 3, 3, 16, 5.59091)","(10, 4, 1, 12, 5.36842)",7,10,1,1
167889m,116789m,ツモ1m / 打8m,"(3, 1, 20, 11, 4.92)","(4, 2, 6, 8, 4.91304)",3,4,0,0
167889m,126789m,ツモ2m / 打8m,"(3, 1, 20, 11, 4.92)","(4, 1, 9, 8, 5.03448)",3,4,0,0
167889m,136789m,ツモ3m / 打8m,"(3, 1, 20, 11, 4.92)","(4, 1, 13, 8, 5.58621)",3,4,0,0
167889m,467889m,ツモ4m / 打1m,"(3, 1, 20, 11, 4.92)","(7, 2, 8, 10, 5.78261)",3,7,0,0
167889m,567889m,ツモ5m / 打1m,"(3, 1, 20, 11, 4.92)","(11, 4, 0, 11, 6.36842)",3,11,0,1
167889m,667889m,ツモ6m / 打1m,"(3, 1, 20, 11, 4.92)","(7, 3, 6, 12, 6.2)",3,7,0,0
167889m,678889m,ツモ8m / 打1m,"(3, 1, 20, 11, 4.92)","(10, 4, 1, 12, 5.36842)",3,10,0,1
167889m,678899m,ツモ9m / 打1m,"(3, 1, 20, 11, 4.92)","(7, 3, 5, 11, 5.4)",3,7,0,0
167899m,467899m,ツモ4m / 打1m,"(4, 2, 7, 11, 5.2381)","(8, 3, 1, 11, 6)",4,8,0,0
167899m,567899m,ツモ5m / 打1m,"(4, 2, 7, 11, 5.2381)","(11, 4, 0, 11, 5.78947)",4,11,0,1
167899m,667899m,ツモ6m / 打1m,"(4, 2, 7, 11, 5.2381)","(6, 3, 8, 11, 6.8)",4,6,0,0
167899m,677899m,ツモ7m / 打1m,"(4, 2, 7, 11, 5.2381)","(11, 4, 0, 11, 5.82353)",4,11,0,1
167899m,678899m,ツモ8m / 打1m,"(4, 2, 7, 11, 5.2381)","(7, 3, 5, 11, 5.4)",4,7,0,0
167999m,667999m,ツモ6m / 打1m,"(8, 2, 2, 12, 6)","(12, 4, 0, 12, 6.90909)",8,12,1,1
167999m,677999m,ツモ7m / 打1m,"(8, 2, 2, 12, 6)","(12, 4, 0, 12, 6.90909)",8,12,1,1
168888m,468888m,ツモ4m / 打1m,"(4, 1, 4, 8, 5)","(8, 2, 0, 8, 5.6)",4,8,0,0
168888m,568888m,ツモ5m / 打1m,"(4, 1, 4, 8, 5)","(8, 2, 2, 12, 6.57143)",4,8,0,1
168888m,668888m,ツモ6m / 打1m,"(4, 1, 4, 8, 5)","(8, 3, 1, 12, 5.66667)",4,8,0,0
168999m,468999m,ツモ4m / 打1m,"(4, 1, 5, 8, 5.11111)","(8, 2, 0, 8, 5.64706)",4,8,0,0
168999m,568999m,ツモ5m / 打1m,"(4, 1, 5, 8, 5.11111)","(8, 2, 2, 12, 6.5)",4,8,0,1
168999m,668999m,ツモ6m / 打1m,"(4, 1, 5, 8, 5.11111)","(8, 3, 1, 12, 5.84615)",4,8,0,0
168999m,688999m,ツモ8m / 打1m,"(4, 1, 5, 8, 5.11111)","(8, 3, 0, 8, 5.23077)",4,8,0,0
177778m,777788m,ツモ8m / 打1m,"(8, 2, 1, 12, 5.84615)","(12, 4, 0, 8, 6)",8,12,1,1
177779m,577779m,ツモ5m / 打1m,"(4, 1, 4, 8, 5.06667)","(8, 2, 0, 8, 5.42857)",4,8,0,0
177779m,677779m,ツモ6m / 打1m,"(4, 1, 4, 8, 5.06667)","(8, 2, 1, 12, 6.15385)",4,8,0,1
177779m,777799m,ツモ9m / 打1m,"(4, 1, 4, 8, 5.06667)","(8, 3, 0, 8, 4.66667)",4,8,0,0
177788m,677788m,ツモ6m / 打1m,"(4, 2, 6, 12, 6.13333)","(12, 5, 1, 14, 5.93333)",4,12,0,1
177788m,777788m,ツモ7m / 打1m,"(4, 2, 6, 12, 6.13333)","(12, 4, 0, 8, 6)",4,12,0,1
177788m,777889m,ツモ9m / 打1m,"(4, 2, 6, 12, 6.13333)","(12, 5, 0, 7, 4.93333)",4,12,0,1
177789m,117789m,ツモ1m / 打7m,"(3, 2, 18, 12, 4.95652)","(4, 2, 4, 8, 4.70588)",3,4,0,0
177789m,127789m,ツモ2m / 打7m,"(3, 2, 18, 12, 4.95652)","(4, 1, 6, 8, 4.69565)",3,4,0,0
177789m,137789m,ツモ3m / 打7m,"(3, 2, 18, 12, 4.95652)","(4, 1, 10, 8, 5.3913)",3,4,0,0
177789m,577789m,ツモ5m / 打1m,"(3, 2, 18, 12, 4.95652)","(7, 3, 7, 12, 5.61905)",3,7,0,0
177789m,677789m,ツモ6m / 打1m,"(3, 2, 18, 12, 4.95652)","(10, 4, 3, 12, 5.78947)",3,10,0,1
177789m,777889m,ツモ8m / 打1m,"(3, 2, 18, 12, 4.95652)","(12, 5, 0, 7, 4.93333)",3,12,0,1
177789m,777899m,ツモ9m / 打1m,"(3, 2, 18, 12, 4.95652)","(8, 4, 2, 11, 4.61111)",3,8,0,0
177799m,777799m,ツモ7m / 打1m,"(4, 2, 2, 8, 4.46154)","(8, 3, 0, 8, 4.66667)",4,8,0,0
177799m,777899m,ツモ8m / 打1m,"(4, 2, 2, 8, 4.46154)","(8, 4, 2, 11, 4.61111)",4,8,0,0
177888m,577888m,ツモ5m / 打1m,"(4, 2, 8, 16, 6.75)","(8, 3, 2, 12, 6.71429)",4,8,0,0
177888m,677888m,ツモ6m / 打1m,"(4, 2, 8, 16, 6.75)","(16, 6, 0, 7, 6)",4,16,0,1
177888m,778888m,ツモ8m / 打1m,"(4, 2, 8, 16, 6.75)","(12, 4, 0, 8, 6.4)",4,12,0,1
177888m,778889m,ツモ9m / 打1m,"(4, 2, 8, 16, 6.75)","(12, 5, 0, 8, 5.2)",4,12,0,1
177889m,777889m,ツモ7m / 打1m,"(7, 2, 2, 12, 5.52941)","(12, 5, 0, 7, 4.93333)",7,12,1,1
177889m,778889m,ツモ8m / 打1m,"(7, 2, 2, 12, 5.52941)","(12, 5, 0, 8, 5.2)",7,12,1,1
177899m,117789m,ツモ1m / 打9m,"(3, 1, 16, 12, 5.2)","(4, 2, 4, 8, 4.70588)",3,4,0,0
177899m,127789m,ツモ2m / 打9m,"(3, 1, 16, 12, 5.2)","(4, 1, 6, 8, 4.69565)",3,4,0,0
177899m,137789m,ツモ3m / 打9m,"(3, 1, 16, 12, 5.2)","(4, 1, 10, 8, 5.3913)",3,4,0,0
177899m,577899m,ツモ5m / 打1m,"(3, 1, 16, 12, 5.2)","(7, 2, 7, 12, 5.88889)",3,7,0,0
177899m,677899m,ツモ6m / 打1m,"(3, 1, 16, 12, 5.2)","(11, 4, 0, 11, 5.82353)",3,11,0,1
177899m,777899m,ツモ7m / 打1m,"(3, 1, 16, 12, 5.2)","(8, 4, 2, 11, 4.61111)",3,8,0,0
177899m,778999m,ツモ9m / 打1m,"(3, 1, 16, 12, 5.2)","(12, 5, 0, 8, 5.2)",3,12,0,1
177999m,577999m,ツモ5m / 打1m,"(4, 2, 6, 12, 6)","(8, 3, 1, 12, 6.42857)",4,8,0,0
177999m,677999m,ツモ6m / 打1m,"(4, 2, 6, 12, 6)","(12, 4, 0, 12, 6.90909)",4,12,0,1
177999m,778999m,ツモ8m / 打1m,"(4, 2, 6, 12, 6)","(12, 5, 0, 8, 5.2)",4,12,0,1
177999m,779999m,ツモ9m / 打1m,"(4, 2, 6, 12, 6)","(8, 3, 1, 12, 5.66667)",4,8,0,0
178888m,778888m,ツモ7m / 打1m,"(8, 2, 1, 12, 5.84615)","(12, 4, 0, 8, 6.4)",8,12,1,1
178889m,117888m,ツモ1m / 打9m,"(3, 2, 18, 12, 4.95652)","(4, 2, 4, 8, 4.875)",3,4,0,0
178889m,127888m,ツモ2m / 打9m,"(3, 2, 18, 12, 4.95652)","(4, 1, 6, 8, 4.90909)",3,4,0,0
178889m,137888m,ツモ3m / 打9m,"(3, 2, 18, 12, 4.95652)","(4, 1, 10, 8, 5.63636)",3,4,0,0
178889m,578889m,ツモ5m / 打1m,"(3, 2, 18, 12, 4.95652)","(7, 3, 8, 12, 5.61905)",3,7,0,0
178889m,678889m,ツモ6m / 打1m,"(3, 2, 18, 12, 4.95652)","(10, 4, 1, 12, 5.36842)",3,10,0,1
178889m,778889m,ツモ7m / 打1m,"(3, 2, 18, 12, 4.95652)","(12, 5, 0, 8, 5.2)",3,12,0,1
178889m,788899m,ツモ9m / 打1m,"(3, 2, 18, 12, 4.95652)","(8, 4, 1, 10, 4.16667)",3,8,0,0
178899m,117899m,ツモ1m / 打8m,"(3, 1, 13, 12, 4.63158)","(4, 2, 3, 8, 4.6)",3,4,0,0
178899m,127899m,ツモ2m / 打8m,"(3, 1, 13, 12, 4.63158)","(4, 1, 4, 8, 4.5)",3,4,0,0
178899m,137899m,ツモ3m / 打8m,"(3, 1, 13, 12, 4.63158)","(4, 1, 7, 8, 5.04762)",3,4,0,0
178899m,678899m,ツモ6m / 打1m,"(3, 1, 13, 12, 4.63158)","(7, 3, 5, 11, 5.4)",3,7,0,0
178899m,788899m,ツモ8m / 打1m,"(3, 1, 13, 12, 4.63158)","(8, 4, 1, 10, 4.16667)",3,8,0,0
178899m,788999m,ツモ9m / 打1m,"(3, 1, 13, 12, 4.63158)","(12, 5, 0, 7, 4.66667)",3,12,0,1
178999m,778999m,ツモ7m / 打1m,"(7, 3, 2, 12, 5.3)","(12, 5, 0, 8, 5.2)",7,12,1,1
178999m,788999m,ツモ8m / 打1m,"(7, 3, 2, 12, 5.3)","(12, 5, 0, 7, 4.66667)",7,12,1,1
179999m,579999m,ツモ5m / 打1m,"(4, 1, 4, 8, 5.06667)","(8, 2, 0, 8, 5.71429)",4,8,0,0
179999m,679999m,ツモ6m / 打1m,"(4, 1, 4, 8, 5.06667)","(8, 2, 2, 12, 6.76923)",4,8,0,1
179999m,779999m,ツモ7m / 打1m,"(4, 1, 4, 8, 5.06667)","(8, 3, 1, 12, 5.66667)",4,8,0,0
188889m,888899m,ツモ9m / 打1m,"(4, 1, 1, 8, 4.28571)","(8, 3, 0, 4, 4)",4,8,0,0
188899m,788899m,ツモ7m / 打1m,"(4, 2, 2, 8, 4.46154)","(8, 4, 1, 10, 4.16667)",4,8,0,0
188899m,888899m,ツモ8m / 打1m,"(4, 2, 2, 8, 4.46154)","(8, 3, 0, 4, 4)",4,8,0,0
188999m,688999m,ツモ6m / 打1m,"(4, 2, 4, 12, 5.28571)","(8, 3, 0, 8, 5.23077)",4,8,0,0
188999m,788999m,ツモ7m / 打1m,"(4, 2, 4, 12, 5.28571)","(12, 5, 0, 7, 4.66667)",4,12,0,1
188999m,889999m,ツモ9m / 打1m,"(4, 2, 4, 12, 5.28571)","(8, 3, 0, 8, 4.33333)",4,8,0,0
189999m,889999m,ツモ8m / 打1m,"(4, 1, 1, 8, 4.28571)","(8, 3, 0, 8, 4.33333)",4,8,0,0
222235m,222233m,ツモ3m / 打5m,"(8, 2, 1, 12, 7.14286)","(12, 4, 0, 8, 6.4)",8,12,1,1
222236m,222233m,ツモ3m / 打6m,"(8, 2, 1, 12, 6.85714)","(12, 4, 0, 8, 6.4)",8,12,1,1
222237m,222233m,ツモ3m / 打7m,"(8, 2, 1, 12, 6.75)","(12, 4, 0, 8, 6.4)",8,12,1,1
222238m,222233m,ツモ3m / 打8m,"(8, 2, 1, 12, 6.13333)","(12, 4, 0, 8, 6.4)",8,12,1,1
222239m,222233m,ツモ3m / 打9m,"(8, 2, 1, 12, 5.84615)","(12, 4, 0, 8, 6.4)",8,12,1,1
222244m,222445m,ツモ5m / 打2m,"(8, 3, 1, 12, 5.66667)","(12, 4, 0, 12, 6.90909)",8,12,0,1
222245m,222445m,ツモ4m / 打2m,"(8, 2, 2, 12, 6.57143)","(12, 4, 0, 12, 6.90909)",8,12,1,1
222245m,222455m,ツモ5m / 打2m,"(8, 2, 2, 12, 6.57143)","(12, 4, 0, 12, 6.90909)",8,12,1,1
222246m,222467m,ツモ7m / 打2m,"(8, 2, 0, 8, 5.6)","(8, 2, 2, 12, 7)",8,8,0,1
222247m,222244m,ツモ4m / 打7m,"(4, 1, 8, 8, 5.77778)","(8, 3, 1, 12, 5.66667)",4,8,0,0
222247m,222457m,ツモ5m / 打2m,"(4, 1, 8, 8, 5.77778)","(8, 2, 2, 12, 7.05882)",4,8,0,1
222247m,222467m,ツモ6m / 打2m,"(4, 1, 8, 8, 5.77778)","(8, 2, 2, 12, 7)",4,8,0,1
222247m,222478m,ツモ8m / 打2m,"(4, 1, 8, 8, 5.77778)","(8, 2, 2, 12, 6.94118)",4,8,0,1
222248m,222244m,ツモ4m / 打8m,"(4, 1, 7, 8, 5.64706)","(8, 3, 1, 12, 5.66667)",4,8,0,0
222248m,222246m,ツモ6m / 打8m,"(4, 1, 7, 8, 5.64706)","(8, 2, 0, 8, 5.6)",4,8,0,0
222248m,222458m,ツモ5m / 打2m,"(4, 1, 7, 8, 5.64706)","(8, 2, 2, 12, 6.66667)",4,8,0,1
222248m,222478m,ツモ7m / 打2m,"(4, 1, 7, 8, 5.64706)","(8, 2, 2, 12, 6.94118)",4,8,0,1
222249m,222244m,ツモ4m / 打9m,"(4, 1, 4, 8, 5)","(8, 3, 1, 12, 5.66667)",4,8,0,0
222249m,222245m,ツモ5m / 打9m,"(4, 1, 4, 8, 5)","(8, 2, 2, 12, 6.57143)",4,8,0,1
222249m,222246m,ツモ6m / 打9m,"(4, 1, 4, 8, 5)","(8, 2, 0, 8, 5.6)",4,8,0,0
222255m,222235m,ツモ3m / 打5m,"(4, 2, 7, 12, 7)","(8, 2, 1, 12, 7.14286)",4,8,0,1
222255m,222455m,ツモ4m / 打2m,"(4, 2, 7, 12, 7)","(12, 4, 0, 12, 6.90909)",4,12,0,1
222255m,222556m,ツモ6m / 打2m,"(4, 2, 7, 12, 7)","(12, 4, 0, 12, 6.90909)",4,12,0,1
222255m,222557m,ツモ7m / 打2m,"(4, 2, 7, 12, 7)","(8, 3, 1, 12, 6.46154)",4,8,0,0
222256m,222556m,ツモ5m / 打2m,"(8, 2, 2, 12, 7.07692)","(12, 4, 0, 12, 6.90909)",8,12,1,1
222256m,222566m,ツモ6m / 打2m,"(8, 2, 2, 12, 7.07692)","(12, 4, 0, 12, 6.90909)",8,12,1,1
222257m,222235m,ツモ3m / 打7m,"(4, 1, 10, 8, 6.35294)","(8, 2, 1, 12, 7.14286)",4,8,0,1
222257m,222457m,ツモ4m / 打2m,"(4, 1, 10, 8, 6.35294)","(8, 2, 2, 12, 7.05882)",4,8,0,1
222257m,222557m,ツモ5m / 打2m,"(4, 1, 10, 8, 6.35294)","(8, 3, 1, 12, 6.46154)",4,8,0,0
222257m,222577m,ツモ7m / 打2m,"(4, 1, 10, 8, 6.35294)","(8, 3, 1, 12, 6.46154)",4,8,0,0
222257m,222578m,ツモ8m / 打2m,"(4, 1, 10, 8, 6.35294)","(8, 2, 2, 12, 7.25)",4,8,0,1
222257m,222579m,ツモ9m / 打2m,"(4, 1, 10, 8, 6.35294)","(8, 2, 0, 8, 5.75)",4,8,0,0
222266m,222236m,ツモ3m / 打6m,"(4, 2, 8, 12, 7.07692)","(8, 2, 1, 12, 6.85714)",4,8,0,1
222266m,222466m,ツモ4m / 打2m,"(4, 2, 8, 12, 7.07692)","(8, 3, 1, 12, 6.21429)",4,8,0,0
222266m,222566m,ツモ5m / 打2m,"(4, 2, 8, 12, 7.07692)","(12, 4, 0, 12, 6.90909)",4,12,0,1
222266m,222667m,ツモ7m / 打2m,"(4, 2, 8, 12, 7.07692)","(12, 4, 0, 12, 6.90909)",4,12,0,1
222266m,222668m,ツモ8m / 打2m,"(4, 2, 8, 12, 7.07692)","(8, 3, 1, 12, 5.84615)",4,8,0,0
222267m,222667m,ツモ6m / 打2m,"(8, 2, 2, 12, 6.93333)","(12, 4, 0, 12, 6.90909)",8,12,1,1
222267m,222677m,ツモ7m / 打2m,"(8, 2, 2, 12, 6.93333)","(12, 4, 0, 12, 6.90909)",8,12,1,1
222268m,222236m,ツモ3m / 打8m,"(4, 1, 8, 8, 5.88235)","(8, 2, 1, 12, 6.85714)",4,8,0,1
222268m,222246m,ツモ4m / 打8m,"(4, 1, 8, 8, 5.88235)","(8, 2, 0, 8, 5.6)",4,8,0,0
222268m,222256m,ツモ5m / 打8m,"(4, 1, 8, 8, 5.88235)","(8, 2, 2, 12, 7.07692)",4,8,0,1
222268m,222668m,ツモ6m / 打2m,"(4, 1, 8, 8, 5.88235)","(8, 3, 1, 12, 5.84615)",4,8,0,0
222268m,222688m,ツモ8m / 打2m,"(4, 1, 8, 8, 5.88235)","(8, 3, 0, 8, 5.23077)",4,8,0,0
222277m,222237m,ツモ3m / 打7m,"(4, 2, 7, 12, 6.57143)","(8, 2, 1, 12, 6.75)",4,8,0,1
222277m,222577m,ツモ5m / 打2m,"(4, 2, 7, 12, 6.57143)","(8, 3, 1, 12, 6.46154)",4,8,0,0
222277m,222677m,ツモ6m / 打2m,"(4, 2, 7, 12, 6.57143)","(12, 4, 0, 12, 6.90909)",4,12,0,1
222277m,222778m,ツモ8m / 打2m,"(4, 2, 7, 12, 6.57143)","(12, 4, 0, 12, 6.90909)",4,12,0,1
222277m,222779m,ツモ9m / 打2m,"(4, 2, 7, 12, 6.57143)","(8, 3, 1, 12, 5.84615)",4,8,0,0
222278m,222778m,ツモ7m / 打2m,"(8, 2, 2, 12, 6.66667)","(12, 4, 0, 12, 6.90909)",8,12,1,1
222278m,222788m,ツモ8m / 打2m,"(8, 2, 2, 12, 6.66667)","(12, 4, 0, 12, 6.54545)",8,12,1,1
222279m,222237m,ツモ3m / 打9m,"(4, 1, 7, 8, 5.64706)","(8, 2, 1, 12, 6.75)",4,8,0,1
222279m,222267m,ツモ6m / 打9m,"(4, 1, 7, 8, 5.64706)","(8, 2, 2, 12, 6.93333)",4,8,0,1
222279m,222579m,ツモ5m / 打2m,"(4, 1, 7, 8, 5.64706)","(8, 2, 0, 8, 5.75)",4,8,0,0
222279m,222779m,ツモ7m / 打2m,"(4, 1, 7, 8, 5.64706)","(8, 3, 1, 12, 5.84615)",4,8,0,0
222279m,222799m,ツモ9m / 打2m,"(4, 1, 7, 8, 5.64706)","(8, 3, 0, 8, 4.92308)",4,8,0,0
222288m,222238m,ツモ3m / 打8m,"(4, 2, 5, 12, 5.84615)","(8, 2, 1, 12, 6.13333)",4,8,0,1
222288m,222688m,ツモ6m / 打2m,"(4, 2, 5, 12, 5.84615)","(8, 3, 0, 8, 5.23077)",4,8,0,0
222288m,222788m,ツモ7m / 打2m,"(4, 2, 5, 12, 5.84615)","(12, 4, 0, 12, 6.54545)",4,12,0,1
222288m,222889m,ツモ9m / 打2m,"(4, 2, 5, 12, 5.84615)","(8, 3, 0, 8, 4.61538)",4,8,0,0
222289m,222238m,ツモ3m / 打9m,"(4, 1, 4, 8, 5)","(8, 2, 1, 12, 6.13333)",4,8,0,1
222289m,222889m,ツモ8m / 打2m,"(4, 1, 4, 8, 5)","(8, 3, 0, 8, 4.61538)",4,8,0,0
222289m,222899m,ツモ9m / 打2m,"(4, 1, 4, 8, 5)","(8, 3, 0, 8, 4.30769)",4,8,0,0
222299m,222239m,ツモ3m / 打9m,"(4, 2, 3, 8, 5)","(8, 2, 1, 12, 5.84615)",4,8,0,1
222299m,222799m,ツモ7m / 打2m,"(4, 2, 3, 8, 5)","(8, 3, 0, 8, 4.92308)",4,8,0,0
222299m,222899m,ツモ8m / 打2m,"(4, 2, 3, 8, 5)","(8, 3, 0, 8, 4.30769)",4,8,0,0
222335m,122233m,ツモ1m / 打5m,"(8, 3, 2, 12, 6.71429)","(12, 5, 0, 8, 5.2)",8,12,0,1
222335m,222233m,ツモ2m / 打5m,"(8, 3, 2, 12, 6.71429)","(12, 4, 0, 8, 6.4)",8,12,0,1
222335m,222356m,ツモ6m / 打3m,"(8, 3, 2, 12, 6.71429)","(8, 2, 2, 12, 7)",8,8,0,1
222336m,122233m,ツモ1m / 打6m,"(4, 2, 10, 16, 7.25)","(12, 5, 0, 8, 5.2)",4,12,0,1
222336m,222233m,ツモ2m / 打6m,"(4, 2, 10, 16, 7.25)","(12, 4, 0, 8, 6.4)",4,12,0,1
222336m,222334m,ツモ4m / 打6m,"(4, 2, 10, 16, 7.25)","(16, 6, 0, 7, 6)",4,16,0,1
222336m,222356m,ツモ5m / 打3m,"(4, 2, 10, 16, 7.25)","(8, 2, 2, 12, 7)",4,8,0,1
222336m,222367m,ツモ7m / 打3m,"(4, 2, 10, 16, 7.25)","(8, 2, 2, 12, 6.73684)",4,8,0,1
222337m,122233m,ツモ1m / 打7m,"(4, 2, 11, 16, 7.29412)","(12, 5, 0, 8, 5.2)",4,12,0,1
222337m,222233m,ツモ2m / 打7m,"(4, 2, 11, 16, 7.29412)","(12, 4, 0, 8, 6.4)",4,12,0,1
222337m,222334m,ツモ4m / 打7m,"(4, 2, 11, 16, 7.29412)","(16, 6, 0, 7, 6)",4,16,0,1
222337m,222335m,ツモ5m / 打7m,"(4, 2, 11, 16, 7.29412)","(8, 3, 2, 12, 6.71429)",4,8,0,0
222337m,222367m,ツモ6m / 打3m,"(4, 2, 11, 16, 7.29412)","(8, 2, 2, 12, 6.73684)",4,8,0,1
222337m,222378m,ツモ8m / 打3m,"(4, 2, 11, 16, 7.29412)","(8, 2, 2, 12, 6.8)",4,8,0,1
222338m,122233m,ツモ1m / 打8m,"(4, 2, 9, 16, 6.82353)","(12, 5, 0, 8, 5.2)",4,12,0,1
222338m,222233m,ツモ2m / 打8m,"(4, 2, 9, 16, 6.82353)","(12, 4, 0, 8, 6.4)",4,12,0,1
222338m,222334m,ツモ4m / 打8m,"(4, 2, 9, 16, 6.82353)","(16, 6, 0, 7, 6)",4,16,0,1
222338m,222335m,ツモ5m / 打8m,"(4, 2, 9, 16, 6.82353)","(8, 3, 2, 12, 6.71429)",4,8,0,0
222338m,222378m,ツモ7m / 打3m,"(4, 2, 9, 16, 6.82353)","(8, 2, 2, 12, 6.8)",4,8,0,1
222339m,122233m,ツモ1m / 打9m,"(4, 2, 8, 16, 6.75)","(12, 5, 0, 8, 5.2)",4,12,0,1
222339m,222233m,ツモ2m / 打9m,"(4, 2, 8, 16, 6.75)","(12, 4, 0, 8, 6.4)",4,12,0,1
222339m,222334m,ツモ4m / 打9m,"(4, 2, 8, 16, 6.75)","(16, 6, 0, 7, 6)",4,16,0,1
222339m,222335m,ツモ5m / 打9m,"(4, 2, 8, 16, 6.75)","(8, 3, 2, 12, 6.71429)",4,8,0,0
222346m,122234m,ツモ1m / 打6m,"(7, 3, 9, 16, 6.91304)","(10, 4, 1, 12, 5.36842)",7,10,1,1
222346m,222334m,ツモ3m / 打6m,"(7, 3, 9, 16, 6.91304)","(16, 6, 0, 7, 6)",7,16,1,1
222346m,222344m,ツモ4m / 打6m,"(7, 3, 9, 16, 6.91304)","(12, 5, 0, 10, 5.66667)",7,12,1,1
222346m,222466m,ツモ6m / 打3m,"(7, 3, 9, 16, 6.91304)","(8, 3, 1, 12, 6.21429)",7,8,1,0
222346m,222467m,ツモ7m / 打3m,"(7, 3, 9, 16, 6.91304)","(8, 2, 2, 12, 7)",7,8,1,1
222346m,222468m,ツモ8m / 打3m,"(7, 3, 9, 16, 6.91304)","(8, 2, 0, 8, 5.44444)",7,8,1,0
222346m,223467m,ツモ7m / 打2m,"(7, 3, 9, 16, 6.91304)","(8, 2, 2, 12, 7)",7,8,1,1
222347m,122234m,ツモ1m / 打7m,"(7, 3, 9, 16, 6.45833)","(10, 4, 1, 12, 5.36842)",7,10,1,1
222347m,222334m,ツモ3m / 打7m,"(7, 3, 9, 16, 6.45833)","(16, 6, 0, 7, 6)",7,16,1,1
222347m,222344m,ツモ4m / 打7m,"(7, 3, 9, 16, 6.45833)","(12, 5, 0, 10, 5.66667)",7,12,1,1
222347m,222467m,ツモ6m / 打3m,"(7, 3, 9, 16, 6.45833)","(8, 2, 2, 12, 7)",7,8,1,1
222347m,222478m,ツモ8m / 打3m,"(7, 3, 9, 16, 6.45833)","(8, 2, 2, 12, 6.94118)",7,8,1,1
222347m,223467m,ツモ6m / 打2m,"(7, 3, 9, 16, 6.45833)","(8, 2, 2, 12, 7)",7,8,1,1
222348m,122234m,ツモ1m / 打8m,"(7, 3, 7, 16, 6.125)","(10, 4, 1, 12, 5.36842)",7,10,1,1
222348m,222334m,ツモ3m / 打8m,"(7, 3, 7, 16, 6.125)","(16, 6, 0, 7, 6)",7,16,1,1
222348m,222344m,ツモ4m / 打8m,"(7, 3, 7, 16, 6.125)","(12, 5, 0, 10, 5.66667)",7,12,1,1
222348m,222468m,ツモ6m / 打3m,"(7, 3, 7, 16, 6.125)","(8, 2, 0, 8, 5.44444)",7,8,1,0
222348m,222478m,ツモ7m / 打3m,"(7, 3, 7, 16, 6.125)","(8, 2, 2, 12, 6.94118)",7,8,1,1
222349m,122234m,ツモ1m / 打9m,"(7, 3, 3, 16, 5.59091)","(10, 4, 1, 12, 5.36842)",7,10,1,1
222349m,222334m,ツモ3m / 打9m,"(7, 3, 3, 16, 5.59091)","(16, 6, 0, 7, 6)",7,16,1,1
222349m,222344m,ツモ4m / 打9m,"(7, 3, 3, 16, 5.59091)","(12, 5, 0, 10, 5.66667)",7,12,1,1
222355m,222235m,ツモ2m / 打5m,"(8, 3, 1, 12, 6.21429)","(8, 2, 1, 12, 7.14286)",8,8,0,1
222355m,222556m,ツモ6m / 打3m,"(8, 3, 1, 12, 6.21429)","(12, 4, 0, 12, 6.90909)",8,12,0,1
222356m,222556m,ツモ5m / 打3m,"(8, 2, 2, 12, 7)","(12, 4, 0, 12, 6.90909)",8,12,1,1
222356m,222566m,ツモ6m / 打3m,"(8, 2, 2, 12, 7)","(12, 4, 0, 12, 6.90909)",8,12,1,1
222357m,222235m,ツモ2m / 打7m,"(8, 2, 0, 8, 6)","(8, 2, 1, 12, 7.14286)",8,8,0,1
222357m,222578m,ツモ8m / 打3m,"(8, 2, 0, 8, 6)","(8, 2, 2, 12, 7.25)",8,8,0,1
222358m,122235m,ツモ1m / 打8m,"(4, 1, 10, 8, 6)","(7, 3, 8, 12, 5.61905)",4,7,0,0
222358m,222235m,ツモ2m / 打8m,"(4, 1, 10, 8, 6)","(8, 2, 1, 12, 7.14286)",4,8,0,1
222358m,222335m,ツモ3m / 打8m,"(4, 1, 10, 8, 6)","(8, 3, 2, 12, 6.71429)",4,8,0,0
222358m,222355m,ツモ5m / 打8m,"(4, 1, 10, 8, 6)","(8, 3, 1, 12, 6.21429)",4,8,0,0
222358m,222356m,ツモ6m / 打8m,"(4, 1, 10, 8, 6)","(8, 2, 2, 12, 7)",4,8,0,1
222358m,222578m,ツモ7m / 打3m,"(4, 1, 10, 8, 6)","(8, 2, 2, 12, 7.25)",4,8,0,1
222359m,122235m,ツモ1m / 打9m,"(4, 1, 9, 8, 5.88889)","(7, 3, 8, 12, 5.61905)",4,7,0,0
222359m,222235m,ツモ2m / 打9m,"(4, 1, 9, 8, 5.88889)","(8, 2, 1, 12, 7.14286)",4,8,0,1
222359m,222335m,ツモ3m / 打9m,"(4, 1, 9, 8, 5.88889)","(8, 3, 2, 12, 6.71429)",4,8,0,0
222359m,222355m,ツモ5m / 打9m,"(4, 1, 9, 8, 5.88889)","(8, 3, 1, 12, 6.21429)",4,8,0,0
222359m,222356m,ツモ6m / 打9m,"(4, 1, 9, 8, 5.88889)","(8, 2, 2, 12, 7)",4,8,0,1
222359m,222357m,ツモ7m / 打9m,"(4, 1, 9, 8, 5.88889)","(8, 2, 0, 8, 6)",4,8,0,0
222366m,222236m,ツモ2m / 打6m,"(4, 2, 8, 12, 6.375)","(8, 2, 1, 12, 6.85714)",4,8,0,1
222366m,222466m,ツモ4m / 打3m,"(4, 2, 8, 12, 6.375)","(8, 3, 1, 12, 6.21429)",4,8,0,0
222366m,222566m,ツモ5m / 打3m,"(4, 2, 8, 12, 6.375)","(12, 4, 0, 12, 6.90909)",4,12,0,1
222366m,222667m,ツモ7m / 打3m,"(4, 2, 8, 12, 6.375)","(12, 4, 0, 12, 6.90909)",4,12,0,1
222366m,222668m,ツモ8m / 打3m,"(4, 2, 8, 12, 6.375)","(8, 3, 1, 12, 5.84615)",4,8,0,0
222367m,222667m,ツモ6m / 打3m,"(8, 2, 2, 12, 6.73684)","(12, 4, 0, 12, 6.90909)",8,12,1,1
222367m,222677m,ツモ7m / 打3m,"(8, 2, 2, 12, 6.73684)","(12, 4, 0, 12, 6.90909)",8,12,1,1
222368m,222236m,ツモ2m / 打8m,"(4, 1, 9, 8, 5.45455)","(8, 2, 1, 12, 6.85714)",4,8,0,1
222368m,222356m,ツモ5m / 打8m,"(4, 1, 9, 8, 5.45455)","(8, 2, 2, 12, 7)",4,8,0,1
222368m,222468m,ツモ4m / 打3m,"(4, 1, 9, 8, 5.45455)","(8, 2, 0, 8, 5.44444)",4,8,0,0
222368m,222668m,ツモ6m / 打3m,"(4, 1, 9, 8, 5.45455)","(8, 3, 1, 12, 5.84615)",4,8,0,0
222368m,222688m,ツモ8m / 打3m,"(4, 1, 9, 8, 5.45455)","(8, 3, 0, 8, 5.23077)",4,8,0,0
222377m,222237m,ツモ2m / 打7m,"(4, 2, 9, 12, 6.47059)","(8, 2, 1, 12, 6.75)",4,8,0,1
222377m,222347m,ツモ4m / 打7m,"(4, 2, 9, 12, 6.47059)","(7, 3, 9, 16, 6.45833)",4,7,0,1
222377m,222577m,ツモ5m / 打3m,"(4, 2, 9, 12, 6.47059)","(8, 3, 1, 12, 6.46154)",4,8,0,0
222377m,222677m,ツモ6m / 打3m,"(4, 2, 9, 12, 6.47059)","(12, 4, 0, 12, 6.90909)",4,12,0,1
222377m,222778m,ツモ8m / 打3m,"(4, 2, 9, 12, 6.47059)","(12, 4, 0, 12, 6.90909)",4,12,0,1
222377m,222779m,ツモ9m / 打3m,"(4, 2, 9, 12, 6.47059)","(8, 3, 1, 12, 5.84615)",4,8,0,0
222378m,222778m,ツモ7m / 打3m,"(8, 2, 2, 12, 6.8)","(12, 4, 0, 12, 6.90909)",8,12,1,1
222378m,222788m,ツモ8m / 打3m,"(8, 2, 2, 12, 6.8)","(12, 4, 0, 12, 6.54545)",8,12,1,1
222379m,222237m,ツモ2m / 打9m,"(4, 1, 10, 8, 5.63636)","(8, 2, 1, 12, 6.75)",4,8,0,1
222379m,222347m,ツモ4m / 打9m,"(4, 1, 10, 8, 5.63636)","(7, 3, 9, 16, 6.45833)",4,7,0,1
222379m,222357m,ツモ5m / 打9m,"(4, 1, 10, 8, 5.63636)","(8, 2, 0, 8, 6)",4,8,0,0
222379m,222367m,ツモ6m / 打9m,"(4, 1, 10, 8, 5.63636)","(8, 2, 2, 12, 6.73684)",4,8,0,1
222379m,222779m,ツモ7m / 打3m,"(4, 1, 10, 8, 5.63636)","(8, 3, 1, 12, 5.84615)",4,8,0,0
222379m,222799m,ツモ9m / 打3m,"(4, 1, 10, 8, 5.63636)","(8, 3, 0, 8, 4.92308)",4,8,0,0
222388m,222238m,ツモ2m / 打8m,"(4, 2, 6, 12, 5.52941)","(8, 2, 1, 12, 6.13333)",4,8,0,1
222388m,222348m,ツモ4m / 打8m,"(4, 2, 6, 12, 5.52941)","(7, 3, 7, 16, 6.125)",4,7,0,1
222388m,222688m,ツモ6m / 打3m,"(4, 2, 6, 12, 5.52941)","(8, 3, 0, 8, 5.23077)",4,8,0,0
222388m,222788m,ツモ7m / 打3m,"(4, 2, 6, 12, 5.52941)","(12, 4, 0, 12, 6.54545)",4,12,0,1
222388m,222889m,ツモ9m / 打3m,"(4, 2, 6, 12, 5.52941)","(8, 3, 0, 8, 4.61538)",4,8,0,0
222389m,222238m,ツモ2m / 打9m,"(4, 1, 6, 8, 4.90909)","(8, 2, 1, 12, 6.13333)",4,8,0,1
222389m,222348m,ツモ4m / 打9m,"(4, 1, 6, 8, 4.90909)","(7, 3, 7, 16, 6.125)",4,7,0,1
222389m,222889m,ツモ8m / 打3m,"(4, 1, 6, 8, 4.90909)","(8, 3, 0, 8, 4.61538)",4,8,0,0
222389m,222899m,ツモ9m / 打3m,"(4, 1, 6, 8, 4.90909)","(8, 3, 0, 8, 4.30769)",4,8,0,0
222399m,222239m,ツモ2m / 打9m,"(4, 2, 4, 8, 4.875)","(8, 2, 1, 12, 5.84615)",4,8,0,1
222399m,222349m,ツモ4m / 打9m,"(4, 2, 4, 8, 4.875)","(7, 3, 3, 16, 5.59091)",4,7,0,1
222399m,222799m,ツモ7m / 打3m,"(4, 2, 4, 8, 4.875)","(8, 3, 0, 8, 4.92308)",4,8,0,0
222399m,222899m,ツモ8m / 打3m,"(4, 2, 4, 8, 4.875)","(8, 3, 0, 8, 4.30769)",4,8,0,0
222446m,222344m,ツモ3m / 打6m,"(8, 3, 1, 12, 6.42857)","(12, 5, 0, 10, 5.66667)",8,12,0,1
222446m,222467m,ツモ7m / 打4m,"(8, 3, 1, 12, 6.42857)","(8, 2, 2, 12, 7)",8,8,0,1
222447m,222244m,ツモ2m / 打7m,"(4, 2, 8, 12, 6.53333)","(8, 3, 1, 12, 5.66667)",4,8,0,0
222447m,222344m,ツモ3m / 打7m,"(4, 2, 8, 12, 6.53333)","(12, 5, 0, 10, 5.66667)",4,12,0,1
222447m,222445m,ツモ5m / 打7m,"(4, 2, 8, 12, 6.53333)","(12, 4, 0, 12, 6.90909)",4,12,0,1
222447m,222467m,ツモ6m / 打4m,"(4, 2, 8, 12, 6.53333)","(8, 2, 2, 12, 7)",4,8,0,1
222447m,222478m,ツモ8m / 打4m,"(4, 2, 8, 12, 6.53333)","(8, 2, 2, 12, 6.94118)",4,8,0,1
222448m,222244m,ツモ2m / 打8m,"(4, 2, 8, 12, 6.53333)","(8, 3, 1, 12, 5.66667)",4,8,0,0
222448m,222344m,ツモ3m / 打8m,"(4, 2, 8, 12, 6.53333)","(12, 5, 0, 10, 5.66667)",4,12,0,1
222448m,222445m,ツモ5m / 打8m,"(4, 2, 8, 12, 6.53333)","(12, 4, 0, 12, 6.90909)",4,12,0,1
222448m,222446m,ツモ6m / 打8m,"(4, 2, 8, 12, 6.53333)","(8, 3, 1, 12, 6.42857)",4,8,0,0
222448m,222478m,ツモ7m / 打4m,"(4, 2, 8, 12, 6.53333)","(8, 2, 2, 12, 6.94118)",4,8,0,1
222449m,222244m,ツモ2m / 打9m,"(4, 2, 6, 12, 6)","(8, 3, 1, 12, 5.66667)",4,8,0,0
222449m,222344m,ツモ3m / 打9m,"(4, 2, 6, 12, 6)","(12, 5, 0, 10, 5.66667)",4,12,0,1
222449m,222445m,ツモ5m / 打9m,"(4, 2, 6, 12, 6)","(12, 4, 0, 12, 6.90909)",4,12,0,1
222449m,222446m,ツモ6m / 打9m,"(4, 2, 6, 12, 6)","(8, 3, 1, 12, 6.42857)",4,8,0,0
222457m,222445m,ツモ4m / 打7m,"(8, 2, 2, 12, 7.05882)","(12, 4, 0, 12, 6.90909)",8,12,1,1
222457m,222455m,ツモ5m / 打7m,"(8, 2, 2, 12, 7.05882)","(12, 4, 0, 12, 6.90909)",8,12,1,1
222458m,222445m,ツモ4m / 打8m,"(8, 2, 2, 12, 6.66667)","(12, 4, 0, 12, 6.90909)",8,12,1,1
222458m,222455m,ツモ5m / 打8m,"(8, 2, 2, 12, 6.66667)","(12, 4, 0, 12, 6.90909)",8,12,1,1
222459m,222445m,ツモ4m / 打9m,"(8, 2, 2, 12, 6.4)","(12, 4, 0, 12, 6.90909)",8,12,1,1
222459m,222455m,ツモ5m / 打9m,"(8, 2, 2, 12, 6.4)","(12, 4, 0, 12, 6.90909)",8,12,1,1
222466m,222667m,ツモ7m / 打4m,"(8, 3, 1, 12, 6.21429)","(12, 4, 0, 12, 6.90909)",8,12,0,1
222467m,222667m,ツモ6m / 打4m,"(8, 2, 2, 12, 7)","(12, 4, 0, 12, 6.90909)",8,12,1,1
222467m,222677m,ツモ7m / 打4m,"(8, 2, 2, 12, 7)","(12, 4, 0, 12, 6.90909)",8,12,1,1
222469m,222246m,ツモ2m / 打9m,"(4, 1, 8, 8, 5.76471)","(8, 2, 0, 8, 5.6)",4,8,0,0
222469m,222346m,ツモ3m / 打9m,"(4, 1, 8, 8, 5.76471)","(7, 3, 9, 16, 6.91304)",4,7,0,1
222469m,222446m,ツモ4m / 打9m,"(4, 1, 8, 8, 5.76471)","(8, 3, 1, 12, 6.42857)",4,8,0,0
222469m,222466m,ツモ6m / 打9m,"(4, 1, 8, 8, 5.76471)","(8, 3, 1, 12, 6.21429)",4,8,0,0
222469m,222467m,ツモ7m / 打9m,"(4, 1, 8, 8, 5.76471)","(8, 2, 2, 12, 7)",4,8,0,1
222469m,222468m,ツモ8m / 打9m,"(4, 1, 8, 8, 5.76471)","(8, 2, 0, 8, 5.44444)",4,8,0,0
222477m,222347m,ツモ3m / 打7m,"(4, 2, 8, 12, 6.6)","(7, 3, 9, 16, 6.45833)",4,7,0,1
222477m,222457m,ツモ5m / 打7m,"(4, 2, 8, 12, 6.6)","(8, 2, 2, 12, 7.05882)",4,8,0,1
222477m,222677m,ツモ6m / 打4m,"(4, 2, 8, 12, 6.6)","(12, 4, 0, 12, 6.90909)",4,12,0,1
222477m,222778m,ツモ8m / 打4m,"(4, 2, 8, 12, 6.6)","(12, 4, 0, 12, 6.90909)",4,12,0,1
222477m,222779m,ツモ9m / 打4m,"(4, 2, 8, 12, 6.6)","(8, 3, 1, 12, 5.84615)",4,8,0,0
222478m,222778m,ツモ7m / 打4m,"(8, 2, 2, 12, 6.94118)","(12, 4, 0, 12, 6.90909)",8,12,1,1
222478m,222788m,ツモ8m / 打4m,"(8, 2, 2, 12, 6.94118)","(12, 4, 0, 12, 6.54545)",8,12,1,1
222479m,222347m,ツモ3m / 打9m,"(4, 1, 9, 8, 5.7)","(7, 3, 9, 16, 6.45833)",4,7,0,1
222479m,222457m,ツモ5m / 打9m,"(4, 1, 9, 8, 5.7)","(8, 2, 2, 12, 7.05882)",4,8,0,1
222479m,222467m,ツモ6m / 打9m,"(4, 1, 9, 8, 5.7)","(8, 2, 2, 12, 7)",4,8,0,1
222479m,222779m,ツモ7m / 打4m,"(4, 1, 9, 8, 5.7)","(8, 3, 1, 12, 5.84615)",4,8,0,0
222479m,222799m,ツモ9m / 打4m,"(4, 1, 9, 8, 5.7)","(8, 3, 0, 8, 4.92308)",4,8,0,0
222488m,222348m,ツモ3m / 打8m,"(4, 2, 7, 12, 6.06667)","(7, 3, 7, 16, 6.125)",4,7,0,1
222488m,222458m,ツモ5m / 打8m,"(4, 2, 7, 12, 6.06667)","(8, 2, 2, 12, 6.66667)",4,8,0,1
222488m,222688m,ツモ6m / 打4m,"(4, 2, 7, 12, 6.06667)","(8, 3, 0, 8, 5.23077)",4,8,0,0
222488m,222788m,ツモ7m / 打4m,"(4, 2, 7, 12, 6.06667)","(12, 4, 0, 12, 6.54545)",4,12,0,1
222488m,222889m,ツモ9m / 打4m,"(4, 2, 7, 12, 6.06667)","(8, 3, 0, 8, 4.61538)",4,8,0,0
222489m,222348m,ツモ3m / 打9m,"(4, 1, 7, 8, 5.3)","(7, 3, 7, 16, 6.125)",4,7,0,1
222489m,222458m,ツモ5m / 打9m,"(4, 1, 7, 8, 5.3)","(8, 2, 2, 12, 6.66667)",4,8,0,1
222489m,222468m,ツモ6m / 打9m,"(4, 1, 7, 8, 5.3)","(8, 2, 0, 8, 5.44444)",4,8,0,0
222489m,222889m,ツモ8m / 打4m,"(4, 1, 7, 8, 5.3)","(8, 3, 0, 8, 4.61538)",4,8,0,0
222489m,222899m,ツモ9m / 打4m,"(4, 1, 7, 8, 5.3)","(8, 3, 0, 8, 4.30769)",4,8,0,0
222499m,222349m,ツモ3m / 打9m,"(4, 2, 4, 8, 5)","(7, 3, 3, 16, 5.59091)",4,7,0,1
222499m,222459m,ツモ5m / 打9m,"(4, 2, 4, 8, 5)","(8, 2, 2, 12, 6.4)",4,8,0,1
222499m,222799m,ツモ7m / 打4m,"(4, 2, 4, 8, 5)","(8, 3, 0, 8, 4.92308)",4,8,0,0
222499m,222899m,ツモ8m / 打4m,"(4, 2, 4, 8, 5)","(8, 3, 0, 8, 4.30769)",4,8,0,0
222557m,222455m,ツモ4m / 打7m,"(8, 3, 1, 12, 6.46154)","(12, 4, 0, 12, 6.90909)",8,12,0,1
222557m,222578m,ツモ8m / 打5m,"(8, 3, 1, 12, 6.46154)","(8, 2, 2, 12, 7.25)",8,8,0,1
222558m,222355m,ツモ3m / 打8m,"(4, 2, 7, 12, 6.76923)","(8, 3, 1, 12, 6.21429)",4,8,0,0
222558m,222455m,ツモ4m / 打8m,"(4, 2, 7, 12, 6.76923)","(12, 4, 0, 12, 6.90909)",4,12,0,1
222558m,222556m,ツモ6m / 打8m,"(4, 2, 7, 12, 6.76923)","(12, 4, 0, 12, 6.90909)",4,12,0,1
222558m,222578m,ツモ7m / 打5m,"(4, 2, 7, 12, 6.76923)","(8, 2, 2, 12, 7.25)",4,8,0,1
222559m,222355m,ツモ3m / 打9m,"(4, 2, 7, 12, 6.76923)","(8, 3, 1, 12, 6.21429)",4,8,0,0
222559m,222455m,ツモ4m / 打9m,"(4, 2, 7, 12, 6.76923)","(12, 4, 0, 12, 6.90909)",4,12,0,1
222559m,222556m,ツモ6m / 打9m,"(4, 2, 7, 12, 6.76923)","(12, 4, 0, 12, 6.90909)",4,12,0,1
222559m,222557m,ツモ7m / 打9m,"(4, 2, 7, 12, 6.76923)","(8, 3, 1, 12, 6.46154)",4,8,0,0
222568m,222556m,ツモ5m / 打8m,"(8, 2, 2, 12, 6.5)","(12, 4, 0, 12, 6.90909)",8,12,1,1
222568m,222566m,ツモ6m / 打8m,"(8, 2, 2, 12, 6.5)","(12, 4, 0, 12, 6.90909)",8,12,1,1
222569m,222556m,ツモ5m / 打9m,"(8, 2, 2, 12, 6.46154)","(12, 4, 0, 12, 6.90909)",8,12,1,1
222569m,222566m,ツモ6m / 打9m,"(8, 2, 2, 12, 6.46154)","(12, 4, 0, 12, 6.90909)",8,12,1,1
222577m,222457m,ツモ4m / 打7m,"(8, 3, 1, 12, 6.46154)","(8, 2, 2, 12, 7.05882)",8,8,0,1
222577m,222778m,ツモ8m / 打5m,"(8, 3, 1, 12, 6.46154)","(12, 4, 0, 12, 6.90909)",8,12,0,1
222578m,222778m,ツモ7m / 打5m,"(8, 2, 2, 12, 7.25)","(12, 4, 0, 12, 6.90909)",8,12,1,1
222578m,222788m,ツモ8m / 打5m,"(8, 2, 2, 12, 7.25)","(12, 4, 0, 12, 6.54545)",8,12,1,1
222579m,222457m,ツモ4m / 打9m,"(8, 2, 0, 8, 5.75)","(8, 2, 2, 12, 7.05882)",8,8,0,1
222588m,222458m,ツモ4m / 打8m,"(4, 2, 6, 12, 6.15385)","(8, 2, 2, 12, 6.66667)",4,8,0,1
222588m,222568m,ツモ6m / 打8m,"(4, 2, 6, 12, 6.15385)","(8, 2, 2, 12, 6.5)",4,8,0,1
222588m,222788m,ツモ7m / 打5m,"(4, 2, 6, 12, 6.15385)","(12, 4, 0, 12, 6.54545)",4,12,0,1
222588m,222889m,ツモ9m / 打5m,"(4, 2, 6, 12, 6.15385)","(8, 3, 0, 8, 4.61538)",4,8,0,0
222589m,222458m,ツモ4m / 打9m,"(4, 1, 6, 8, 5.41176)","(8, 2, 2, 12, 6.66667)",4,8,0,1
222589m,222568m,ツモ6m / 打9m,"(4, 1, 6, 8, 5.41176)","(8, 2, 2, 12, 6.5)",4,8,0,1
222589m,222889m,ツモ8m / 打5m,"(4, 1, 6, 8, 5.41176)","(8, 3, 0, 8, 4.61538)",4,8,0,0
222589m,222899m,ツモ9m / 打5m,"(4, 1, 6, 8, 5.41176)","(8, 3, 0, 8, 4.30769)",4,8,0,0
222599m,222459m,ツモ4m / 打9m,"(4, 2, 5, 8, 5.53846)","(8, 2, 2, 12, 6.4)",4,8,0,1
222599m,222569m,ツモ6m / 打9m,"(4, 2, 5, 8, 5.53846)","(8, 2, 2, 12, 6.46154)",4,8,0,1
222599m,222799m,ツモ7m / 打5m,"(4, 2, 5, 8, 5.53846)","(8, 3, 0, 8, 4.92308)",4,8,0,0
222599m,222899m,ツモ8m / 打5m,"(4, 2, 5, 8, 5.53846)","(8, 3, 0, 8, 4.30769)",4,8,0,0
222668m,222566m,ツモ5m / 打8m,"(8, 3, 1, 12, 5.84615)","(12, 4, 0, 12, 6.90909)",8,12,0,1
222669m,222466m,ツモ4m / 打9m,"(4, 2, 6, 12, 6.66667)","(8, 3, 1, 12, 6.21429)",4,8,0,0
222669m,222566m,ツモ5m / 打9m,"(4, 2, 6, 12, 6.66667)","(12, 4, 0, 12, 6.90909)",4,12,0,1
222669m,222667m,ツモ7m / 打9m,"(4, 2, 6, 12, 6.66667)","(12, 4, 0, 12, 6.90909)",4,12,0,1
222669m,222668m,ツモ8m / 打9m,"(4, 2, 6, 12, 6.66667)","(8, 3, 1, 12, 5.84615)",4,8,0,0
222679m,222667m,ツモ6m / 打9m,"(8, 2, 2, 12, 6.66667)","(12, 4, 0, 12, 6.90909)",8,12,1,1
222679m,222677m,ツモ7m / 打9m,"(8, 2, 2, 12, 6.66667)","(12, 4, 0, 12, 6.90909)",8,12,1,1
222688m,222568m,ツモ5m / 打8m,"(8, 3, 0, 8, 5.23077)","(8, 2, 2, 12, 6.5)",8,8,0,1
222689m,222468m,ツモ4m / 打9m,"(4, 1, 7, 8, 5.55556)","(8, 2, 0, 8, 5.44444)",4,8,0,0
222689m,222568m,ツモ5m / 打9m,"(4, 1, 7, 8, 5.55556)","(8, 2, 2, 12, 6.5)",4,8,0,1
222689m,222668m,ツモ6m / 打9m,"(4, 1, 7, 8, 5.55556)","(8, 3, 1, 12, 5.84615)",4,8,0,0
222689m,222688m,ツモ8m / 打9m,"(4, 1, 7, 8, 5.55556)","(8, 3, 0, 8, 5.23077)",4,8,0,0
222689m,222899m,ツモ9m / 打6m,"(4, 1, 7, 8, 5.55556)","(8, 3, 0, 8, 4.30769)",4,8,0,0
222699m,222569m,ツモ5m / 打9m,"(4, 2, 4, 8, 5.33333)","(8, 2, 2, 12, 6.46154)",4,8,0,1
222699m,222679m,ツモ7m / 打9m,"(4, 2, 4, 8, 5.33333)","(8, 2, 2, 12, 6.66667)",4,8,0,1
222699m,222899m,ツモ8m / 打6m,"(4, 2, 4, 8, 5.33333)","(8, 3, 0, 8, 4.30769)",4,8,0,0
222779m,222677m,ツモ6m / 打9m,"(8, 3, 1, 12, 5.84615)","(12, 4, 0, 12, 6.90909)",8,12,0,1
222799m,222679m,ツモ6m / 打9m,"(8, 3, 0, 8, 4.92308)","(8, 2, 2, 12, 6.66667)",8,8,0,1
223334m,233345m,ツモ5m / 打2m,"(12, 5, 1, 14, 5.93333)","(14, 5, 0, 12, 7.0625)",12,14,1,1
223335m,122333m,ツモ1m / 打5m,"(4, 2, 9, 14, 7.66667)","(12, 5, 0, 7, 4.93333)",4,12,0,1
223335m,223333m,ツモ3m / 打5m,"(4, 2, 9, 14, 7.66667)","(12, 4, 0, 8, 6)",4,12,0,1
223335m,233345m,ツモ4m / 打2m,"(4, 2, 9, 14, 7.66667)","(14, 5, 0, 12, 7.0625)",4,14,0,1
223335m,233356m,ツモ6m / 打2m,"(4, 2, 9, 14, 7.66667)","(8, 2, 2, 12, 6.875)",4,8,0,1
223336m,122333m,ツモ1m / 打6m,"(4, 2, 9, 12, 6.75)","(12, 5, 0, 7, 4.93333)",4,12,0,1
223336m,223333m,ツモ3m / 打6m,"(4, 2, 9, 12, 6.75)","(12, 4, 0, 8, 6)",4,12,0,1
223336m,223334m,ツモ4m / 打6m,"(4, 2, 9, 12, 6.75)","(12, 5, 1, 14, 5.93333)",4,12,0,1
223336m,233356m,ツモ5m / 打2m,"(4, 2, 9, 12, 6.75)","(8, 2, 2, 12, 6.875)",4,8,0,1
223336m,233367m,ツモ7m / 打2m,"(4, 2, 9, 12, 6.75)","(8, 2, 2, 12, 6.52632)",4,8,0,1
223337m,122333m,ツモ1m / 打7m,"(4, 2, 8, 12, 6.35294)","(12, 5, 0, 7, 4.93333)",4,12,0,1
223337m,223333m,ツモ3m / 打7m,"(4, 2, 8, 12, 6.35294)","(12, 4, 0, 8, 6)",4,12,0,1
223337m,223334m,ツモ4m / 打7m,"(4, 2, 8, 12, 6.35294)","(12, 5, 1, 14, 5.93333)",4,12,0,1
223337m,233367m,ツモ6m / 打2m,"(4, 2, 8, 12, 6.35294)","(8, 2, 2, 12, 6.52632)",4,8,0,1
223337m,233378m,ツモ8m / 打2m,"(4, 2, 8, 12, 6.35294)","(8, 2, 2, 12, 6.31579)",4,8,0,1
223338m,122333m,ツモ1m / 打8m,"(4, 2, 7, 12, 6.25)","(12, 5, 0, 7, 4.93333)",4,12,0,1
223338m,223333m,ツモ3m / 打8m,"(4, 2, 7, 12, 6.25)","(12, 4, 0, 8, 6)",4,12,0,1
223338m,223334m,ツモ4m / 打8m,"(4, 2, 7, 12, 6.25)","(12, 5, 1, 14, 5.93333)",4,12,0,1
223338m,233378m,ツモ7m / 打2m,"(4, 2, 7, 12, 6.25)","(8, 2, 2, 12, 6.31579)",4,8,0,1
223339m,122333m,ツモ1m / 打9m,"(4, 2, 6, 12, 6.13333)","(12, 5, 0, 7, 4.93333)",4,12,0,1
223339m,223333m,ツモ3m / 打9m,"(4, 2, 6, 12, 6.13333)","(12, 4, 0, 8, 6)",4,12,0,1
223339m,223334m,ツモ4m / 打9m,"(4, 2, 6, 12, 6.13333)","(12, 5, 1, 14, 5.93333)",4,12,0,1
223345m,233345m,ツモ3m / 打2m,"(11, 4, 4, 15, 8.58824)","(14, 5, 0, 12, 7.0625)",11,14,1,1
223345m,233456m,ツモ6m / 打2m,"(11, 4, 4, 15, 8.58824)","(15, 5, 0, 15, 9.1875)",11,15,1,1
223346m,222334m,ツモ2m / 打6m,"(7, 2, 7, 16, 8)","(16, 6, 0, 7, 6)",7,16,1,1
223346m,223334m,ツモ3m / 打6m,"(7, 2, 7, 16, 8)","(12, 5, 1, 14, 5.93333)",7,12,1,1
223346m,233456m,ツモ5m / 打2m,"(7, 2, 7, 16, 8)","(15, 5, 0, 15, 9.1875)",7,15,1,1
223346m,233467m,ツモ7m / 打2m,"(7, 2, 7, 16, 8)","(8, 2, 2, 12, 7.2)",7,8,1,1
223347m,222334m,ツモ2m / 打7m,"(7, 2, 9, 16, 7.25)","(16, 6, 0, 7, 6)",7,16,1,1
223347m,223334m,ツモ3m / 打7m,"(7, 2, 9, 16, 7.25)","(12, 5, 1, 14, 5.93333)",7,12,1,1
223347m,223345m,ツモ5m / 打7m,"(7, 2, 9, 16, 7.25)","(11, 4, 4, 15, 8.58824)",7,11,1,1
223347m,233467m,ツモ6m / 打2m,"(7, 2, 9, 16, 7.25)","(8, 2, 2, 12, 7.2)",7,8,1,1
223347m,233478m,ツモ8m / 打2m,"(7, 2, 9, 16, 7.25)","(8, 2, 3, 12, 7.36364)",7,8,1,1
223348m,222334m,ツモ2m / 打8m,"(7, 2, 5, 16, 6.45)","(16, 6, 0, 7, 6)",7,16,1,1
223348m,223334m,ツモ3m / 打8m,"(7, 2, 5, 16, 6.45)","(12, 5, 1, 14, 5.93333)",7,12,1,1
223348m,223345m,ツモ5m / 打8m,"(7, 2, 5, 16, 6.45)","(11, 4, 4, 15, 8.58824)",7,11,1,1
223348m,233478m,ツモ7m / 打2m,"(7, 2, 5, 16, 6.45)","(8, 2, 3, 12, 7.36364)",7,8,1,1
223349m,222334m,ツモ2m / 打9m,"(7, 2, 3, 16, 6.27778)","(16, 6, 0, 7, 6)",7,16,1,1
223349m,223334m,ツモ3m / 打9m,"(7, 2, 3, 16, 6.27778)","(12, 5, 1, 14, 5.93333)",7,12,1,1
223349m,223345m,ツモ5m / 打9m,"(7, 2, 3, 16, 6.27778)","(11, 4, 4, 15, 8.58824)",7,11,1,1
223444m,234445m,ツモ5m / 打2m,"(12, 5, 1, 14, 6.2)","(14, 5, 0, 12, 7.0625)",12,14,1,1
223445m,234445m,ツモ4m / 打2m,"(11, 4, 2, 14, 7.17647)","(14, 5, 0, 12, 7.0625)",11,14,1,1
223446m,123446m,ツモ1m / 打2m,"(7, 2, 9, 12, 6.78947)","(8, 3, 1, 11, 6.73684)",7,8,0,0
223446m,222344m,ツモ2m / 打6m,"(7, 2, 9, 12, 6.78947)","(12, 5, 0, 10, 5.66667)",7,12,0,1
223446m,223444m,ツモ4m / 打6m,"(7, 2, 9, 12, 6.78947)","(12, 5, 1, 14, 6.2)",7,12,0,1
223446m,234466m,ツモ6m / 打2m,"(7, 2, 9, 12, 6.78947)","(8, 3, 2, 12, 6.73333)",7,8,0,0
223446m,234467m,ツモ7m / 打2m,"(7, 2, 9, 12, 6.78947)","(8, 2, 3, 12, 7.3)",7,8,0,1
223446m,234468m,ツモ8m / 打2m,"(7, 2, 9, 12, 6.78947)","(8, 2, 1, 11, 5.9)",7,8,0,0
223447m,122344m,ツモ1m / 打7m,"(3, 1, 20, 12, 6.3913)","(7, 3, 6, 12, 6.2)",3,7,0,0
223447m,222344m,ツモ2m / 打7m,"(3, 1, 20, 12, 6.3913)","(12, 5, 0, 10, 5.66667)",3,12,0,1
223447m,223444m,ツモ4m / 打7m,"(3, 1, 20, 12, 6.3913)","(12, 5, 1, 14, 6.2)",3,12,0,1
223447m,223445m,ツモ5m / 打7m,"(3, 1, 20, 12, 6.3913)","(11, 4, 2, 14, 7.17647)",3,11,0,1
223447m,223477m,ツモ7m / 打4m,"(3, 1, 20, 12, 6.3913)","(4, 2, 9, 12, 6.22222)",3,4,0,0
223447m,234467m,ツモ6m / 打2m,"(3, 1, 20, 12, 6.3913)","(8, 2, 3, 12, 7.3)",3,8,0,1
223447m,234477m,ツモ7m / 打2m,"(3, 1, 20, 12, 6.3913)","(4, 2, 9, 12, 6.22222)",3,4,0,0
223447m,234478m,ツモ8m / 打2m,"(3, 1, 20, 12, 6.3913)","(8, 2, 2, 12, 6.85714)",3,8,0,1
223447m,234479m,ツモ9m / 打2m,"(3, 1, 20, 12, 6.3913)","(4, 1, 11, 8, 5.5)",3,4,0,0
223448m,122344m,ツモ1m / 打8m,"(3, 1, 20, 12, 6.04348)","(7, 3, 6, 12, 6.2)",3,7,0,0
223448m,222344m,ツモ2m / 打8m,"(3, 1, 20, 12, 6.04348)","(12, 5, 0, 10, 5.66667)",3,12,0,1
223448m,223444m,ツモ4m / 打8m,"(3, 1, 20, 12, 6.04348)","(12, 5, 1, 14, 6.2)",3,12,0,1
223448m,223445m,ツモ5m / 打8m,"(3, 1, 20, 12, 6.04348)","(11, 4, 2, 14, 7.17647)",3,11,0,1
223448m,234468m,ツモ6m / 打2m,"(3, 1, 20, 12, 6.04348)","(8, 2, 1, 11, 5.9)",3,8,0,0
223448m,234478m,ツモ7m / 打2m,"(3, 1, 20, 12, 6.04348)","(8, 2, 2, 12, 6.85714)",3,8,0,1
223448m,234488m,ツモ8m / 打2m,"(3, 1, 20, 12, 6.04348)","(4, 2, 8, 12, 5.77778)",3,4,0,0
223448m,234489m,ツモ9m / 打2m,"(3, 1, 20, 12, 6.04348)","(4, 1, 9, 8, 5.16667)",3,4,0,0
223449m,122344m,ツモ1m / 打9m,"(3, 1, 19, 12, 5.59091)","(7, 3, 6, 12, 6.2)",3,7,0,0
223449m,222344m,ツモ2m / 打9m,"(3, 1, 19, 12, 5.59091)","(12, 5, 0, 10, 5.66667)",3,12,0,1
223449m,223444m,ツモ4m / 打9m,"(3, 1, 19, 12, 5.59091)","(12, 5, 1, 14, 6.2)",3,12,0,1
223449m,223445m,ツモ5m / 打9m,"(3, 1, 19, 12, 5.59091)","(11, 4, 2, 14, 7.17647)",3,11,0,1
223449m,223446m,ツモ6m / 打9m,"(3, 1, 19, 12, 5.59091)","(7, 2, 9, 12, 6.78947)",3,7,0,0
223449m,234479m,ツモ7m / 打2m,"(3, 1, 19, 12, 5.59091)","(4, 1, 11, 8, 5.5)",3,4,0,0
223449m,234489m,ツモ8m / 打2m,"(3, 1, 19, 12, 5.59091)","(4, 1, 9, 8, 5.16667)",3,4,0,0
223449m,234499m,ツモ9m / 打2m,"(3, 1, 19, 12, 5.59091)","(4, 2, 5, 8, 4.88889)",3,4,0,0
223455m,123455m,ツモ1m / 打2m,"(6, 3, 10, 15, 8.5)","(11, 4, 0, 11, 6.63158)",6,11,0,1
223455m,223345m,ツモ3m / 打5m,"(6, 3, 10, 15, 8.5)","(11, 4, 4, 15, 8.58824)",6,11,0,1
223455m,234455m,ツモ4m / 打2m,"(6, 3, 10, 15, 8.5)","(11, 4, 2, 14, 7.88235)",6,11,0,1
223455m,234556m,ツモ6m / 打2m,"(6, 3, 10, 15, 8.5)","(15, 5, 0, 15, 9.26667)",6,15,0,1
223455m,234557m,ツモ7m / 打2m,"(6, 3, 10, 15, 8.5)","(8, 3, 4, 11, 7.7)",6,8,0,0
223457m,122345m,ツモ1m / 打7m,"(8, 3, 4, 11, 6.85)","(11, 4, 0, 11, 6.36842)",8,11,0,1
223457m,223345m,ツモ3m / 打7m,"(8, 3, 4, 11, 6.85)","(11, 4, 4, 15, 8.58824)",8,11,0,1
223457m,223445m,ツモ4m / 打7m,"(8, 3, 4, 11, 6.85)","(11, 4, 2, 14, 7.17647)",8,11,0,1
223457m,234578m,ツモ8m / 打2m,"(8, 3, 4, 11, 6.85)","(8, 2, 5, 12, 8.08)",8,8,0,1
223458m,122345m,ツモ1m / 打8m,"(4, 2, 13, 15, 6.73913)","(11, 4, 0, 11, 6.36842)",4,11,0,1
223458m,223345m,ツモ3m / 打8m,"(4, 2, 13, 15, 6.73913)","(11, 4, 4, 15, 8.58824)",4,11,0,1
223458m,223445m,ツモ4m / 打8m,"(4, 2, 13, 15, 6.73913)","(11, 4, 2, 14, 7.17647)",4,11,0,1
223458m,223455m,ツモ5m / 打8m,"(4, 2, 13, 15, 6.73913)","(6, 3, 10, 15, 8.5)",4,6,0,0
223458m,223456m,ツモ6m / 打8m,"(4, 2, 13, 15, 6.73913)","(15, 5, 0, 15, 7.6875)",4,15,0,1
223458m,234578m,ツモ7m / 打2m,"(4, 2, 13, 15, 6.73913)","(8, 2, 5, 12, 8.08)",4,8,0,1
223459m,122345m,ツモ1m / 打9m,"(4, 2, 12, 15, 6.68182)","(11, 4, 0, 11, 6.36842)",4,11,0,1
223459m,223345m,ツモ3m / 打9m,"(4, 2, 12, 15, 6.68182)","(11, 4, 4, 15, 8.58824)",4,11,0,1
223459m,223445m,ツモ4m / 打9m,"(4, 2, 12, 15, 6.68182)","(11, 4, 2, 14, 7.17647)",4,11,0,1
223459m,223455m,ツモ5m / 打9m,"(4, 2, 12, 15, 6.68182)","(6, 3, 10, 15, 8.5)",4,6,0,0
223459m,223456m,ツモ6m / 打9m,"(4, 2, 12, 15, 6.68182)","(15, 5, 0, 15, 7.6875)",4,15,0,1
223459m,223457m,ツモ7m / 打9m,"(4, 2, 12, 15, 6.68182)","(8, 3, 4, 11, 6.85)",4,8,0,0
223466m,123466m,ツモ1m / 打2m,"(4, 2, 12, 15, 7.44444)","(8, 3, 2, 12, 6.63158)",4,8,0,0
223466m,222466m,ツモ2m / 打3m,"(4, 2, 12, 15, 7.44444)","(8, 3, 1, 12, 6.21429)",4,8,0,0
223466m,223346m,ツモ3m / 打6m,"(4, 2, 12, 15, 7.44444)","(7, 2, 7, 16, 8)",4,7,0,1
223466m,234466m,ツモ4m / 打2m,"(4, 2, 12, 15, 7.44444)","(8, 3, 2, 12, 6.73333)",4,8,0,0
223466m,234566m,ツモ5m / 打2m,"(4, 2, 12, 15, 7.44444)","(15, 5, 0, 15, 8.1875)",4,15,0,1
223466m,234667m,ツモ7m / 打2m,"(4, 2, 12, 15, 7.44444)","(12, 4, 0, 12, 7.66667)",4,12,0,1
223466m,234668m,ツモ8m / 打2m,"(4, 2, 12, 15, 7.44444)","(8, 3, 2, 15, 6.875)",4,8,0,0
223467m,234667m,ツモ6m / 打2m,"(8, 2, 2, 12, 7)","(12, 4, 0, 12, 7.66667)",8,12,1,1
223467m,234677m,ツモ7m / 打2m,"(8, 2, 2, 12, 7)","(12, 4, 0, 12, 7.33333)",8,12,1,1
223468m,123468m,ツモ1m / 打2m,"(4, 1, 13, 15, 6.25)","(8, 2, 0, 8, 5.66667)",4,8,0,0
223468m,222468m,ツモ2m / 打3m,"(4, 1, 13, 15, 6.25)","(8, 2, 0, 8, 5.44444)",4,8,0,0
223468m,223346m,ツモ3m / 打8m,"(4, 1, 13, 15, 6.25)","(7, 2, 7, 16, 8)",4,7,0,1
223468m,223456m,ツモ5m / 打8m,"(4, 1, 13, 15, 6.25)","(15, 5, 0, 15, 7.6875)",4,15,0,1
223468m,234468m,ツモ4m / 打2m,"(4, 1, 13, 15, 6.25)","(8, 2, 1, 11, 5.9)",4,8,0,0
223468m,234668m,ツモ6m / 打2m,"(4, 1, 13, 15, 6.25)","(8, 3, 2, 15, 6.875)",4,8,0,0
223468m,234688m,ツモ8m / 打2m,"(4, 1, 13, 15, 6.25)","(8, 3, 1, 11, 5.9375)",4,8,0,0
223477m,222347m,ツモ2m / 打7m,"(4, 2, 9, 12, 6.22222)","(7, 3, 9, 16, 6.45833)",4,7,0,1
223477m,223347m,ツモ3m / 打7m,"(4, 2, 9, 12, 6.22222)","(7, 2, 9, 16, 7.25)",4,7,0,1
223477m,223457m,ツモ5m / 打7m,"(4, 2, 9, 12, 6.22222)","(8, 3, 4, 11, 6.85)",4,8,0,0
223477m,234677m,ツモ6m / 打2m,"(4, 2, 9, 12, 6.22222)","(12, 4, 0, 12, 7.33333)",4,12,0,1
223477m,234778m,ツモ8m / 打2m,"(4, 2, 9, 12, 6.22222)","(12, 4, 0, 12, 7.69231)",4,12,0,1
223477m,234779m,ツモ9m / 打2m,"(4, 2, 9, 12, 6.22222)","(8, 3, 1, 12, 6.13333)",4,8,0,0
223478m,234778m,ツモ7m / 打2m,"(8, 2, 2, 12, 6.66667)","(12, 4, 0, 12, 7.69231)",8,12,1,1
223478m,234788m,ツモ8m / 打2m,"(8, 2, 2, 12, 6.66667)","(12, 4, 0, 12, 7.38462)",8,12,1,1
223479m,222347m,ツモ2m / 打9m,"(4, 1, 10, 8, 5.3913)","(7, 3, 9, 16, 6.45833)",4,7,0,1
223479m,223347m,ツモ3m / 打9m,"(4, 1, 10, 8, 5.3913)","(7, 2, 9, 16, 7.25)",4,7,0,1
223479m,223457m,ツモ5m / 打9m,"(4, 1, 10, 8, 5.3913)","(8, 3, 4, 11, 6.85)",4,8,0,0
223479m,223467m,ツモ6m / 打9m,"(4, 1, 10, 8, 5.3913)","(8, 2, 2, 12, 7)",4,8,0,1
223479m,234779m,ツモ7m / 打2m,"(4, 1, 10, 8, 5.3913)","(8, 3, 1, 12, 6.13333)",4,8,0,0
223479m,234799m,ツモ9m / 打2m,"(4, 1, 10, 8, 5.3913)","(8, 3, 0, 8, 5.33333)",4,8,0,0
223488m,222348m,ツモ2m / 打8m,"(4, 2, 6, 12, 5.33333)","(7, 3, 7, 16, 6.125)",4,7,0,1
223488m,223348m,ツモ3m / 打8m,"(4, 2, 6, 12, 5.33333)","(7, 2, 5, 16, 6.45)",4,7,0,1
223488m,234688m,ツモ6m / 打2m,"(4, 2, 6, 12, 5.33333)","(8, 3, 1, 11, 5.9375)",4,8,0,0
223488m,234788m,ツモ7m / 打2m,"(4, 2, 6, 12, 5.33333)","(12, 4, 0, 12, 7.38462)",4,12,0,1
223488m,234889m,ツモ9m / 打2m,"(4, 2, 6, 12, 5.33333)","(8, 3, 0, 8, 5.06667)",4,8,0,0
223489m,222348m,ツモ2m / 打9m,"(4, 1, 6, 8, 4.69565)","(7, 3, 7, 16, 6.125)",4,7,0,1
223489m,223348m,ツモ3m / 打9m,"(4, 1, 6, 8, 4.69565)","(7, 2, 5, 16, 6.45)",4,7,0,1
223489m,234889m,ツモ8m / 打2m,"(4, 1, 6, 8, 4.69565)","(8, 3, 0, 8, 5.06667)",4,8,0,0
223489m,234899m,ツモ9m / 打2m,"(4, 1, 6, 8, 4.69565)","(8, 3, 0, 8, 4.8)",4,8,0,0
223499m,222349m,ツモ2m / 打9m,"(4, 2, 4, 8, 4.70588)","(7, 3, 3, 16, 5.59091)",4,7,0,1
223499m,223349m,ツモ3m / 打9m,"(4, 2, 4, 8, 4.70588)","(7, 2, 3, 16, 6.27778)",4,7,0,1
223499m,234799m,ツモ7m / 打2m,"(4, 2, 4, 8, 4.70588)","(8, 3, 0, 8, 5.33333)",4,8,0,0
223499m,234899m,ツモ8m / 打2m,"(4, 2, 4, 8, 4.70588)","(8, 3, 0, 8, 4.8)",4,8,0,0
224444m,244445m,ツモ5m / 打2m,"(8, 3, 0, 8, 5)","(8, 2, 1, 12, 6)",8,8,0,1
224445m,122444m,ツモ1m / 打5m,"(4, 2, 8, 14, 7.2)","(8, 3, 0, 8, 4.61538)",4,8,0,0
224445m,234445m,ツモ3m / 打2m,"(4, 2, 8, 14, 7.2)","(14, 5, 0, 12, 7.0625)",4,14,0,1
224445m,244445m,ツモ4m / 打2m,"(4, 2, 8, 14, 7.2)","(8, 2, 1, 12, 6)",4,8,0,1
224445m,244456m,ツモ6m / 打2m,"(4, 2, 8, 14, 7.2)","(11, 4, 2, 16, 6.16667)",4,11,0,1
224446m,122444m,ツモ1m / 打6m,"(4, 2, 9, 12, 6.8125)","(8, 3, 0, 8, 4.61538)",4,8,0,0
224446m,223444m,ツモ3m / 打6m,"(4, 2, 9, 12, 6.8125)","(12, 5, 1, 14, 6.2)",4,12,0,1
224446m,224444m,ツモ4m / 打6m,"(4, 2, 9, 12, 6.8125)","(8, 3, 0, 8, 5)",4,8,0,0
224446m,244456m,ツモ5m / 打2m,"(4, 2, 9, 12, 6.8125)","(11, 4, 2, 16, 6.16667)",4,11,0,1
224446m,244467m,ツモ7m / 打2m,"(4, 2, 9, 12, 6.8125)","(8, 2, 3, 12, 6.77778)",4,8,0,1
224447m,122444m,ツモ1m / 打7m,"(4, 2, 6, 12, 5.625)","(8, 3, 0, 8, 4.61538)",4,8,0,0
224447m,223444m,ツモ3m / 打7m,"(4, 2, 6, 12, 5.625)","(12, 5, 1, 14, 6.2)",4,12,0,1
224447m,224444m,ツモ4m / 打7m,"(4, 2, 6, 12, 5.625)","(8, 3, 0, 8, 5)",4,8,0,0
224447m,244467m,ツモ6m / 打2m,"(4, 2, 6, 12, 5.625)","(8, 2, 3, 12, 6.77778)",4,8,0,1
224447m,244478m,ツモ8m / 打2m,"(4, 2, 6, 12, 5.625)","(8, 2, 2, 12, 6.33333)",4,8,0,1
224448m,122444m,ツモ1m / 打8m,"(4, 2, 5, 12, 5.46667)","(8, 3, 0, 8, 4.61538)",4,8,0,0
224448m,223444m,ツモ3m / 打8m,"(4, 2, 5, 12, 5.46667)","(12, 5, 1, 14, 6.2)",4,12,0,1
224448m,224444m,ツモ4m / 打8m,"(4, 2, 5, 12, 5.46667)","(8, 3, 0, 8, 5)",4,8,0,0
224448m,244478m,ツモ7m / 打2m,"(4, 2, 5, 12, 5.46667)","(8, 2, 2, 12, 6.33333)",4,8,0,1
224449m,122444m,ツモ1m / 打9m,"(4, 2, 4, 12, 5.28571)","(8, 3, 0, 8, 4.61538)",4,8,0,0
224449m,223444m,ツモ3m / 打9m,"(4, 2, 4, 12, 5.28571)","(12, 5, 1, 14, 6.2)",4,12,0,1
224449m,224444m,ツモ4m / 打9m,"(4, 2, 4, 12, 5.28571)","(8, 3, 0, 8, 5)",4,8,0,0
224456m,244456m,ツモ4m / 打2m,"(8, 3, 1, 11, 5.66667)","(11, 4, 2, 16, 6.16667)",8,11,0,1
224555m,245555m,ツモ5m / 打2m,"(8, 3, 0, 8, 5.07143)","(8, 2, 1, 12, 6.28571)",8,8,0,1
224556m,122456m,ツモ1m / 打5m,"(4, 2, 11, 15, 7.05882)","(8, 3, 0, 8, 5.14286)",4,8,0,0
224556m,224456m,ツモ4m / 打5m,"(4, 2, 11, 15, 7.05882)","(8, 3, 1, 11, 5.66667)",4,8,0,0
224556m,224555m,ツモ5m / 打6m,"(4, 2, 11, 15, 7.05882)","(8, 3, 0, 8, 5.07143)",4,8,0,0
224556m,224567m,ツモ7m / 打5m,"(4, 2, 11, 15, 7.05882)","(8, 3, 2, 11, 6.25)",4,8,0,0
224556m,234556m,ツモ3m / 打2m,"(4, 2, 11, 15, 7.05882)","(15, 5, 0, 15, 9.26667)",4,15,0,1
224556m,245566m,ツモ6m / 打2m,"(4, 2, 11, 15, 7.05882)","(7, 2, 5, 16, 7.76471)",4,7,0,1
224566m,122456m,ツモ1m / 打6m,"(4, 2, 10, 15, 7)","(8, 3, 0, 8, 5.14286)",4,8,0,0
224566m,224456m,ツモ4m / 打6m,"(4, 2, 10, 15, 7)","(8, 3, 1, 11, 5.66667)",4,8,0,0
224566m,224666m,ツモ6m / 打5m,"(4, 2, 10, 15, 7)","(8, 3, 0, 8, 5.07143)",4,8,0,0
224566m,234566m,ツモ3m / 打2m,"(4, 2, 10, 15, 7)","(15, 5, 0, 15, 8.1875)",4,15,0,1
224566m,245566m,ツモ5m / 打2m,"(4, 2, 10, 15, 7)","(7, 2, 5, 16, 7.76471)",4,7,0,1
224566m,245667m,ツモ7m / 打2m,"(4, 2, 10, 15, 7)","(11, 3, 1, 14, 6.84211)",4,11,0,1
224567m,245667m,ツモ6m / 打2m,"(8, 3, 2, 11, 6.25)","(11, 3, 1, 14, 6.84211)",8,11,0,1
224567m,245678m,ツモ8m / 打2m,"(8, 3, 2, 11, 6.25)","(11, 3, 4, 15, 7.20833)",8,11,0,1
224568m,122456m,ツモ1m / 打8m,"(4, 2, 7, 15, 6.27778)","(8, 3, 0, 8, 5.14286)",4,8,0,0
224568m,223456m,ツモ3m / 打8m,"(4, 2, 7, 15, 6.27778)","(15, 5, 0, 15, 7.6875)",4,15,0,1
224568m,224456m,ツモ4m / 打8m,"(4, 2, 7, 15, 6.27778)","(8, 3, 1, 11, 5.66667)",4,8,0,0
224568m,245678m,ツモ7m / 打2m,"(4, 2, 7, 15, 6.27778)","(11, 3, 4, 15, 7.20833)",4,11,0,1
224569m,122456m,ツモ1m / 打9m,"(4, 2, 6, 15, 6.26667)","(8, 3, 0, 8, 5.14286)",4,8,0,0
224569m,223456m,ツモ3m / 打9m,"(4, 2, 6, 15, 6.26667)","(15, 5, 0, 15, 7.6875)",4,15,0,1
224569m,224456m,ツモ4m / 打9m,"(4, 2, 6, 15, 6.26667)","(8, 3, 1, 11, 5.66667)",4,8,0,0
224569m,224567m,ツモ7m / 打9m,"(4, 2, 6, 15, 6.26667)","(8, 3, 2, 11, 6.25)",4,8,0,0
224678m,245678m,ツモ5m / 打2m,"(8, 3, 1, 11, 5.9375)","(11, 3, 4, 15, 7.20833)",8,11,0,1
224777m,245777m,ツモ5m / 打2m,"(8, 3, 0, 8, 5.23077)","(8, 2, 2, 12, 6.5)",8,8,0,1
224789m,245789m,ツモ5m / 打2m,"(8, 3, 0, 8, 5.42857)","(8, 2, 2, 12, 6.5)",8,8,0,1
224888m,245888m,ツモ5m / 打2m,"(8, 3, 0, 8, 5.23077)","(8, 2, 2, 12, 6.5)",8,8,0,1
224999m,245999m,ツモ5m / 打2m,"(8, 3, 0, 8, 5.23077)","(8, 2, 2, 12, 6.5)",8,8,0,1
225555m,122555m,ツモ1m / 打5m,"(4, 2, 6, 12, 6.33333)","(8, 3, 0, 8, 4.61538)",4,8,0,0
225555m,223555m,ツモ3m / 打5m,"(4, 2, 6, 12, 6.33333)","(12, 4, 0, 12, 6.54545)",4,12,0,1
225555m,245555m,ツモ4m / 打2m,"(4, 2, 6, 12, 6.33333)","(8, 2, 1, 12, 6.28571)",4,8,0,1
225555m,255556m,ツモ6m / 打2m,"(4, 2, 6, 12, 6.33333)","(8, 2, 1, 12, 6.46154)",4,8,0,1
225556m,122555m,ツモ1m / 打6m,"(4, 2, 7, 12, 5.875)","(8, 3, 0, 8, 4.61538)",4,8,0,0
225556m,223555m,ツモ3m / 打6m,"(4, 2, 7, 12, 5.875)","(12, 4, 0, 12, 6.54545)",4,12,0,1
225556m,224555m,ツモ4m / 打6m,"(4, 2, 7, 12, 5.875)","(8, 3, 0, 8, 5.07143)",4,8,0,0
225556m,255556m,ツモ5m / 打2m,"(4, 2, 7, 12, 5.875)","(8, 2, 1, 12, 6.46154)",4,8,0,1
225556m,255567m,ツモ7m / 打2m,"(4, 2, 7, 12, 5.875)","(7, 3, 7, 16, 6.73913)",4,7,0,1
225557m,122555m,ツモ1m / 打7m,"(4, 2, 6, 12, 5.6875)","(8, 3, 0, 8, 4.61538)",4,8,0,0
225557m,223555m,ツモ3m / 打7m,"(4, 2, 6, 12, 5.6875)","(12, 4, 0, 12, 6.54545)",4,12,0,1
225557m,224555m,ツモ4m / 打7m,"(4, 2, 6, 12, 5.6875)","(8, 3, 0, 8, 5.07143)",4,8,0,0
225557m,255567m,ツモ6m / 打2m,"(4, 2, 6, 12, 5.6875)","(7, 3, 7, 16, 6.73913)",4,7,0,1
225557m,255578m,ツモ8m / 打2m,"(4, 2, 6, 12, 5.6875)","(8, 2, 2, 12, 6.35294)",4,8,0,1
225558m,122555m,ツモ1m / 打8m,"(4, 2, 5, 12, 5.71429)","(8, 3, 0, 8, 4.61538)",4,8,0,0
225558m,223555m,ツモ3m / 打8m,"(4, 2, 5, 12, 5.71429)","(12, 4, 0, 12, 6.54545)",4,12,0,1
225558m,224555m,ツモ4m / 打8m,"(4, 2, 5, 12, 5.71429)","(8, 3, 0, 8, 5.07143)",4,8,0,0
225558m,255578m,ツモ7m / 打2m,"(4, 2, 5, 12, 5.71429)","(8, 2, 2, 12, 6.35294)",4,8,0,1
225559m,122555m,ツモ1m / 打9m,"(4, 2, 4, 12, 5.53846)","(8, 3, 0, 8, 4.61538)",4,8,0,0
225559m,223555m,ツモ3m / 打9m,"(4, 2, 4, 12, 5.53846)","(12, 4, 0, 12, 6.54545)",4,12,0,1
225559m,224555m,ツモ4m / 打9m,"(4, 2, 4, 12, 5.53846)","(8, 3, 0, 8, 5.07143)",4,8,0,0
225567m,122567m,ツモ1m / 打5m,"(4, 2, 7, 12, 5.64706)","(8, 3, 0, 8, 5.06667)",4,8,0,0
225567m,223567m,ツモ3m / 打5m,"(4, 2, 7, 12, 5.64706)","(12, 4, 0, 12, 7)",4,12,0,1
225567m,224567m,ツモ4m / 打5m,"(4, 2, 7, 12, 5.64706)","(8, 3, 2, 11, 6.25)",4,8,0,0
225567m,255567m,ツモ5m / 打2m,"(4, 2, 7, 12, 5.64706)","(7, 3, 7, 16, 6.73913)",4,7,0,1
225567m,255667m,ツモ6m / 打2m,"(4, 2, 7, 12, 5.64706)","(7, 2, 5, 16, 6.72222)",4,7,0,1
225666m,122666m,ツモ1m / 打5m,"(4, 2, 6, 12, 5.73333)","(8, 3, 0, 8, 4.61538)",4,8,0,0
225666m,223666m,ツモ3m / 打5m,"(4, 2, 6, 12, 5.73333)","(12, 4, 0, 12, 6.54545)",4,12,0,1
225666m,224666m,ツモ4m / 打5m,"(4, 2, 6, 12, 5.73333)","(8, 3, 0, 8, 5.07143)",4,8,0,0
225666m,256666m,ツモ6m / 打2m,"(4, 2, 6, 12, 5.73333)","(8, 2, 1, 12, 6.46154)",4,8,0,1
225667m,122567m,ツモ1m / 打6m,"(4, 2, 8, 12, 5.94444)","(8, 3, 0, 8, 5.06667)",4,8,0,0
225667m,223567m,ツモ3m / 打6m,"(4, 2, 8, 12, 5.94444)","(12, 4, 0, 12, 7)",4,12,0,1
225667m,245667m,ツモ4m / 打2m,"(4, 2, 8, 12, 5.94444)","(11, 3, 1, 14, 6.84211)",4,11,0,1
225667m,255667m,ツモ5m / 打2m,"(4, 2, 8, 12, 5.94444)","(7, 2, 5, 16, 6.72222)",4,7,0,1
225667m,256677m,ツモ7m / 打2m,"(4, 2, 8, 12, 5.94444)","(7, 2, 7, 16, 7)",4,7,0,1
225667m,256678m,ツモ8m / 打2m,"(4, 2, 8, 12, 5.94444)","(7, 2, 7, 14, 6.43478)",4,7,0,1
225677m,122567m,ツモ1m / 打7m,"(4, 2, 8, 12, 5.77778)","(8, 3, 0, 8, 5.06667)",4,8,0,0
225677m,223567m,ツモ3m / 打7m,"(4, 2, 8, 12, 5.77778)","(12, 4, 0, 12, 7)",4,12,0,1
225677m,245677m,ツモ4m / 打2m,"(4, 2, 8, 12, 5.77778)","(8, 3, 5, 15, 7.25)",4,8,0,0
225677m,256677m,ツモ6m / 打2m,"(4, 2, 8, 12, 5.77778)","(7, 2, 7, 16, 7)",4,7,0,1
225677m,256777m,ツモ7m / 打2m,"(4, 2, 8, 12, 5.77778)","(7, 3, 7, 16, 6.68182)",4,7,0,1
225677m,256778m,ツモ8m / 打2m,"(4, 2, 8, 12, 5.77778)","(7, 2, 10, 15, 7)",4,7,0,1
225678m,122567m,ツモ1m / 打8m,"(4, 2, 11, 12, 6.16667)","(8, 3, 0, 8, 5.06667)",4,8,0,0
225678m,122678m,ツモ1m / 打5m,"(4, 2, 11, 12, 6.16667)","(8, 3, 0, 8, 5.06667)",4,8,0,0
225678m,223678m,ツモ3m / 打5m,"(4, 2, 11, 12, 6.16667)","(12, 4, 0, 12, 7.38462)",4,12,0,1
225678m,245678m,ツモ4m / 打2m,"(4, 2, 11, 12, 6.16667)","(11, 3, 4, 15, 7.20833)",4,11,0,1
225678m,256678m,ツモ6m / 打2m,"(4, 2, 11, 12, 6.16667)","(7, 2, 7, 14, 6.43478)",4,7,0,1
225678m,256778m,ツモ7m / 打2m,"(4, 2, 11, 12, 6.16667)","(7, 2, 10, 15, 7)",4,7,0,1
225678m,256789m,ツモ9m / 打2m,"(4, 2, 11, 12, 6.16667)","(7, 2, 8, 11, 6)",4,7,0,1
225679m,122567m,ツモ1m / 打9m,"(4, 2, 6, 12, 5.6875)","(8, 3, 0, 8, 5.06667)",4,8,0,0
225679m,223567m,ツモ3m / 打9m,"(4, 2, 6, 12, 5.6875)","(12, 4, 0, 12, 7)",4,12,0,1
225679m,224567m,ツモ4m / 打9m,"(4, 2, 6, 12, 5.6875)","(8, 3, 2, 11, 6.25)",4,8,0,0
225679m,256789m,ツモ8m / 打2m,"(4, 2, 6, 12, 5.6875)","(7, 2, 8, 11, 6)",4,7,0,1
225777m,122777m,ツモ1m / 打5m,"(4, 2, 6, 12, 5.92857)","(8, 3, 0, 8, 4.61538)",4,8,0,0
225777m,223777m,ツモ3m / 打5m,"(4, 2, 6, 12, 5.92857)","(12, 4, 0, 12, 6.54545)",4,12,0,1
225777m,245777m,ツモ4m / 打2m,"(4, 2, 6, 12, 5.92857)","(8, 2, 2, 12, 6.5)",4,8,0,1
225777m,256777m,ツモ6m / 打2m,"(4, 2, 6, 12, 5.92857)","(7, 3, 7, 16, 6.68182)",4,7,0,1
225789m,122789m,ツモ1m / 打5m,"(4, 2, 6, 12, 5.8)","(8, 3, 0, 8, 4.85714)",4,8,0,0
225789m,223789m,ツモ3m / 打5m,"(4, 2, 6, 12, 5.8)","(12, 4, 0, 12, 7)",4,12,0,1
225789m,245789m,ツモ4m / 打2m,"(4, 2, 6, 12, 5.8)","(8, 2, 2, 12, 6.5)",4,8,0,1
225789m,256789m,ツモ6m / 打2m,"(4, 2, 6, 12, 5.8)","(7, 2, 8, 11, 6)",4,7,0,1
225888m,122888m,ツモ1m / 打5m,"(4, 2, 6, 12, 6.15385)","(8, 3, 0, 8, 4.61538)",4,8,0,0
225888m,223888m,ツモ3m / 打5m,"(4, 2, 6, 12, 6.15385)","(12, 4, 0, 12, 6.54545)",4,12,0,1
225888m,245888m,ツモ4m / 打2m,"(4, 2, 6, 12, 6.15385)","(8, 2, 2, 12, 6.5)",4,8,0,1
225888m,256888m,ツモ6m / 打2m,"(4, 2, 6, 12, 6.15385)","(8, 2, 2, 12, 6.66667)",4,8,0,1
225999m,122999m,ツモ1m / 打5m,"(4, 2, 6, 12, 6.15385)","(8, 3, 0, 8, 4.61538)",4,8,0,0
225999m,223999m,ツモ3m / 打5m,"(4, 2, 6, 12, 6.15385)","(12, 4, 0, 12, 6.54545)",4,12,0,1
225999m,245999m,ツモ4m / 打2m,"(4, 2, 6, 12, 6.15385)","(8, 2, 2, 12, 6.5)",4,8,0,1
225999m,256999m,ツモ6m / 打2m,"(4, 2, 6, 12, 6.15385)","(8, 2, 2, 12, 6.66667)",4,8,0,1
226666m,122666m,ツモ1m / 打6m,"(4, 2, 7, 12, 6.46154)","(8, 3, 0, 8, 4.61538)",4,8,0,0
226666m,223666m,ツモ3m / 打6m,"(4, 2, 7, 12, 6.46154)","(12, 4, 0, 12, 6.54545)",4,12,0,1
226666m,224666m,ツモ4m / 打6m,"(4, 2, 7, 12, 6.46154)","(8, 3, 0, 8, 5.07143)",4,8,0,0
226666m,256666m,ツモ5m / 打2m,"(4, 2, 7, 12, 6.46154)","(8, 2, 1, 12, 6.46154)",4,8,0,1
226666m,266667m,ツモ7m / 打2m,"(4, 2, 7, 12, 6.46154)","(8, 2, 1, 12, 6.4)",4,8,0,1
226667m,122666m,ツモ1m / 打7m,"(4, 2, 6, 12, 5.52941)","(8, 3, 0, 8, 4.61538)",4,8,0,0
226667m,223666m,ツモ3m / 打7m,"(4, 2, 6, 12, 5.52941)","(12, 4, 0, 12, 6.54545)",4,12,0,1
226667m,224666m,ツモ4m / 打7m,"(4, 2, 6, 12, 5.52941)","(8, 3, 0, 8, 5.07143)",4,8,0,0
226667m,266667m,ツモ6m / 打2m,"(4, 2, 6, 12, 5.52941)","(8, 2, 1, 12, 6.4)",4,8,0,1
226667m,266678m,ツモ8m / 打2m,"(4, 2, 6, 12, 5.52941)","(7, 3, 8, 16, 6.625)",4,7,0,1
226668m,122666m,ツモ1m / 打8m,"(4, 2, 5, 12, 5.53333)","(8, 3, 0, 8, 4.61538)",4,8,0,0
226668m,223666m,ツモ3m / 打8m,"(4, 2, 5, 12, 5.53333)","(12, 4, 0, 12, 6.54545)",4,12,0,1
226668m,224666m,ツモ4m / 打8m,"(4, 2, 5, 12, 5.53333)","(8, 3, 0, 8, 5.07143)",4,8,0,0
226668m,266678m,ツモ7m / 打2m,"(4, 2, 5, 12, 5.53333)","(7, 3, 8, 16, 6.625)",4,7,0,1
226669m,122666m,ツモ1m / 打9m,"(4, 2, 4, 12, 5.53846)","(8, 3, 0, 8, 4.61538)",4,8,0,0
226669m,223666m,ツモ3m / 打9m,"(4, 2, 4, 12, 5.53846)","(12, 4, 0, 12, 6.54545)",4,12,0,1
226669m,224666m,ツモ4m / 打9m,"(4, 2, 4, 12, 5.53846)","(8, 3, 0, 8, 5.07143)",4,8,0,0
226678m,122678m,ツモ1m / 打6m,"(4, 2, 8, 12, 5.77778)","(8, 3, 0, 8, 5.06667)",4,8,0,0
226678m,223678m,ツモ3m / 打6m,"(4, 2, 8, 12, 5.77778)","(12, 4, 0, 12, 7.38462)",4,12,0,1
226678m,224678m,ツモ4m / 打6m,"(4, 2, 8, 12, 5.77778)","(8, 3, 1, 11, 5.9375)",4,8,0,0
226678m,256678m,ツモ5m / 打2m,"(4, 2, 8, 12, 5.77778)","(7, 2, 7, 14, 6.43478)",4,7,0,1
226678m,266678m,ツモ6m / 打2m,"(4, 2, 8, 12, 5.77778)","(7, 3, 8, 16, 6.625)",4,7,0,1
226678m,266778m,ツモ7m / 打2m,"(4, 2, 8, 12, 5.77778)","(7, 2, 6, 16, 6.65)",4,7,0,1
226777m,122777m,ツモ1m / 打6m,"(4, 2, 7, 12, 5.875)","(8, 3, 0, 8, 4.61538)",4,8,0,0
226777m,223777m,ツモ3m / 打6m,"(4, 2, 7, 12, 5.875)","(12, 4, 0, 12, 6.54545)",4,12,0,1
226777m,224777m,ツモ4m / 打6m,"(4, 2, 7, 12, 5.875)","(8, 3, 0, 8, 5.23077)",4,8,0,0
226777m,256777m,ツモ5m / 打2m,"(4, 2, 7, 12, 5.875)","(7, 3, 7, 16, 6.68182)",4,7,0,1
226777m,267777m,ツモ7m / 打2m,"(4, 2, 7, 12, 5.875)","(8, 2, 1, 12, 6.4)",4,8,0,1
226778m,122678m,ツモ1m / 打7m,"(4, 2, 8, 12, 5.63158)","(8, 3, 0, 8, 5.06667)",4,8,0,0
226778m,223678m,ツモ3m / 打7m,"(4, 2, 8, 12, 5.63158)","(12, 4, 0, 12, 7.38462)",4,12,0,1
226778m,224678m,ツモ4m / 打7m,"(4, 2, 8, 12, 5.63158)","(8, 3, 1, 11, 5.9375)",4,8,0,0
226778m,256778m,ツモ5m / 打2m,"(4, 2, 8, 12, 5.63158)","(7, 2, 10, 15, 7)",4,7,0,1
226778m,266778m,ツモ6m / 打2m,"(4, 2, 8, 12, 5.63158)","(7, 2, 6, 16, 6.65)",4,7,0,1
226778m,267788m,ツモ8m / 打2m,"(4, 2, 8, 12, 5.63158)","(7, 2, 5, 16, 6.45)",4,7,0,1
226778m,267789m,ツモ9m / 打2m,"(4, 2, 8, 12, 5.63158)","(7, 2, 7, 11, 5.875)",4,7,0,1
226788m,122678m,ツモ1m / 打8m,"(4, 2, 6, 12, 5.33333)","(8, 3, 0, 8, 5.06667)",4,8,0,0
226788m,223678m,ツモ3m / 打8m,"(4, 2, 6, 12, 5.33333)","(12, 4, 0, 12, 7.38462)",4,12,0,1
226788m,224678m,ツモ4m / 打8m,"(4, 2, 6, 12, 5.33333)","(8, 3, 1, 11, 5.9375)",4,8,0,0
226788m,267788m,ツモ7m / 打2m,"(4, 2, 6, 12, 5.33333)","(7, 2, 5, 16, 6.45)",4,7,0,1
226788m,267888m,ツモ8m / 打2m,"(4, 2, 6, 12, 5.33333)","(7, 3, 7, 16, 6.125)",4,7,0,1
226789m,122678m,ツモ1m / 打9m,"(4, 2, 10, 12, 5.95652)","(8, 3, 0, 8, 5.06667)",4,8,0,0
226789m,223678m,ツモ3m / 打9m,"(4, 2, 10, 12, 5.95652)","(12, 4, 0, 12, 7.38462)",4,12,0,1
226789m,224678m,ツモ4m / 打9m,"(4, 2, 10, 12, 5.95652)","(8, 3, 1, 11, 5.9375)",4,8,0,0
226789m,256789m,ツモ5m / 打2m,"(4, 2, 10, 12, 5.95652)","(7, 2, 8, 11, 6)",4,7,0,1
226789m,267789m,ツモ7m / 打2m,"(4, 2, 10, 12, 5.95652)","(7, 2, 7, 11, 5.875)",4,7,0,1
226888m,122888m,ツモ1m / 打6m,"(4, 2, 7, 12, 6.06667)","(8, 3, 0, 8, 4.61538)",4,8,0,0
226888m,223888m,ツモ3m / 打6m,"(4, 2, 7, 12, 6.06667)","(12, 4, 0, 12, 6.54545)",4,12,0,1
226888m,224888m,ツモ4m / 打6m,"(4, 2, 7, 12, 6.06667)","(8, 3, 0, 8, 5.23077)",4,8,0,0
226888m,256888m,ツモ5m / 打2m,"(4, 2, 7, 12, 6.06667)","(8, 2, 2, 12, 6.66667)",4,8,0,1
226888m,267888m,ツモ7m / 打2m,"(4, 2, 7, 12, 6.06667)","(7, 3, 7, 16, 6.125)",4,7,0,1
226999m,122999m,ツモ1m / 打6m,"(4, 2, 7, 12, 6.28571)","(8, 3, 0, 8, 4.61538)",4,8,0,0
226999m,223999m,ツモ3m / 打6m,"(4, 2, 7, 12, 6.28571)","(12, 4, 0, 12, 6.54545)",4,12,0,1
226999m,224999m,ツモ4m / 打6m,"(4, 2, 7, 12, 6.28571)","(8, 3, 0, 8, 5.23077)",4,8,0,0
226999m,256999m,ツモ5m / 打2m,"(4, 2, 7, 12, 6.28571)","(8, 2, 2, 12, 6.66667)",4,8,0,1
226999m,267999m,ツモ7m / 打2m,"(4, 2, 7, 12, 6.28571)","(8, 2, 2, 12, 6.58824)",4,8,0,1
227777m,122777m,ツモ1m / 打7m,"(4, 2, 6, 12, 6)","(8, 3, 0, 8, 4.61538)",4,8,0,0
227777m,223777m,ツモ3m / 打7m,"(4, 2, 6, 12, 6)","(12, 4, 0, 12, 6.54545)",4,12,0,1
227777m,224777m,ツモ4m / 打7m,"(4, 2, 6, 12, 6)","(8, 3, 0, 8, 5.23077)",4,8,0,0
227777m,267777m,ツモ6m / 打2m,"(4, 2, 6, 12, 6)","(8, 2, 1, 12, 6.4)",4,8,0,1
227777m,277778m,ツモ8m / 打2m,"(4, 2, 6, 12, 6)","(8, 2, 1, 12, 6.13333)",4,8,0,1
227778m,122777m,ツモ1m / 打8m,"(4, 2, 5, 12, 5.375)","(8, 3, 0, 8, 4.61538)",4,8,0,0
227778m,223777m,ツモ3m / 打8m,"(4, 2, 5, 12, 5.375)","(12, 4, 0, 12, 6.54545)",4,12,0,1
227778m,224777m,ツモ4m / 打8m,"(4, 2, 5, 12, 5.375)","(8, 3, 0, 8, 5.23077)",4,8,0,0
227778m,277778m,ツモ7m / 打2m,"(4, 2, 5, 12, 5.375)","(8, 2, 1, 12, 6.13333)",4,8,0,1
227779m,122777m,ツモ1m / 打9m,"(4, 2, 4, 12, 5.35714)","(8, 3, 0, 8, 4.61538)",4,8,0,0
227779m,223777m,ツモ3m / 打9m,"(4, 2, 4, 12, 5.35714)","(12, 4, 0, 12, 6.54545)",4,12,0,1
227779m,224777m,ツモ4m / 打9m,"(4, 2, 4, 12, 5.35714)","(8, 3, 0, 8, 5.23077)",4,8,0,0
227789m,122789m,ツモ1m / 打7m,"(4, 2, 6, 12, 5.33333)","(8, 3, 0, 8, 4.85714)",4,8,0,0
227789m,223789m,ツモ3m / 打7m,"(4, 2, 6, 12, 5.33333)","(12, 4, 0, 12, 7)",4,12,0,1
227789m,224789m,ツモ4m / 打7m,"(4, 2, 6, 12, 5.33333)","(8, 3, 0, 8, 5.42857)",4,8,0,0
227789m,267789m,ツモ6m / 打2m,"(4, 2, 6, 12, 5.33333)","(7, 2, 7, 11, 5.875)",4,7,0,1
227789m,277889m,ツモ8m / 打2m,"(4, 2, 6, 12, 5.33333)","(7, 2, 4, 12, 5.78947)",4,7,0,1
227888m,122888m,ツモ1m / 打7m,"(4, 2, 6, 12, 5.52941)","(8, 3, 0, 8, 4.61538)",4,8,0,0
227888m,223888m,ツモ3m / 打7m,"(4, 2, 6, 12, 5.52941)","(12, 4, 0, 12, 6.54545)",4,12,0,1
227888m,224888m,ツモ4m / 打7m,"(4, 2, 6, 12, 5.52941)","(8, 3, 0, 8, 5.23077)",4,8,0,0
227888m,267888m,ツモ6m / 打2m,"(4, 2, 6, 12, 5.52941)","(7, 3, 7, 16, 6.125)",4,7,0,1
227888m,278888m,ツモ8m / 打2m,"(4, 2, 6, 12, 5.52941)","(8, 2, 1, 12, 6.13333)",4,8,0,1
227889m,122789m,ツモ1m / 打8m,"(4, 2, 5, 12, 5.17647)","(8, 3, 0, 8, 4.85714)",4,8,0,0
227889m,223789m,ツモ3m / 打8m,"(4, 2, 5, 12, 5.17647)","(12, 4, 0, 12, 7)",4,12,0,1
227889m,224789m,ツモ4m / 打8m,"(4, 2, 5, 12, 5.17647)","(8, 3, 0, 8, 5.42857)",4,8,0,0
227889m,277889m,ツモ7m / 打2m,"(4, 2, 5, 12, 5.17647)","(7, 2, 4, 12, 5.78947)",4,7,0,1
227899m,122789m,ツモ1m / 打9m,"(4, 2, 5, 12, 5.3125)","(8, 3, 0, 8, 4.85714)",4,8,0,0
227899m,223789m,ツモ3m / 打9m,"(4, 2, 5, 12, 5.3125)","(12, 4, 0, 12, 7)",4,12,0,1
227899m,224789m,ツモ4m / 打9m,"(4, 2, 5, 12, 5.3125)","(8, 3, 0, 8, 5.42857)",4,8,0,0
227899m,278999m,ツモ9m / 打2m,"(4, 2, 5, 12, 5.3125)","(7, 3, 5, 12, 5.65217)",4,7,0,1
227999m,122999m,ツモ1m / 打7m,"(4, 2, 6, 12, 5.6875)","(8, 3, 0, 8, 4.61538)",4,8,0,0
227999m,223999m,ツモ3m / 打7m,"(4, 2, 6, 12, 5.6875)","(12, 4, 0, 12, 6.54545)",4,12,0,1
227999m,224999m,ツモ4m / 打7m,"(4, 2, 6, 12, 5.6875)","(8, 3, 0, 8, 5.23077)",4,8,0,0
227999m,267999m,ツモ6m / 打2m,"(4, 2, 6, 12, 5.6875)","(8, 2, 2, 12, 6.58824)",4,8,0,1
227999m,278999m,ツモ8m / 打2m,"(4, 2, 6, 12, 5.6875)","(7, 3, 5, 12, 5.65217)",4,7,0,1
228888m,122888m,ツモ1m / 打8m,"(4, 2, 5, 12, 5.84615)","(8, 3, 0, 8, 4.61538)",4,8,0,0
228888m,223888m,ツモ3m / 打8m,"(4, 2, 5, 12, 5.84615)","(12, 4, 0, 12, 6.54545)",4,12,0,1
228888m,224888m,ツモ4m / 打8m,"(4, 2, 5, 12, 5.84615)","(8, 3, 0, 8, 5.23077)",4,8,0,0
228888m,278888m,ツモ7m / 打2m,"(4, 2, 5, 12, 5.84615)","(8, 2, 1, 12, 6.13333)",4,8,0,1
228889m,122888m,ツモ1m / 打9m,"(4, 2, 4, 12, 5.35714)","(8, 3, 0, 8, 4.61538)",4,8,0,0
228889m,223888m,ツモ3m / 打9m,"(4, 2, 4, 12, 5.35714)","(12, 4, 0, 12, 6.54545)",4,12,0,1
228889m,224888m,ツモ4m / 打9m,"(4, 2, 4, 12, 5.35714)","(8, 3, 0, 8, 5.23077)",4,8,0,0
228999m,122999m,ツモ1m / 打8m,"(4, 2, 5, 12, 5.53333)","(8, 3, 0, 8, 4.61538)",4,8,0,0
228999m,223999m,ツモ3m / 打8m,"(4, 2, 5, 12, 5.53333)","(12, 4, 0, 12, 6.54545)",4,12,0,1
228999m,224999m,ツモ4m / 打8m,"(4, 2, 5, 12, 5.53333)","(8, 3, 0, 8, 5.23077)",4,8,0,0
228999m,278999m,ツモ7m / 打2m,"(4, 2, 5, 12, 5.53333)","(7, 3, 5, 12, 5.65217)",4,7,0,1
229999m,122999m,ツモ1m / 打9m,"(4, 2, 4, 12, 5.66667)","(8, 3, 0, 8, 4.61538)",4,8,0,0
229999m,223999m,ツモ3m / 打9m,"(4, 2, 4, 12, 5.66667)","(12, 4, 0, 12, 6.54545)",4,12,0,1
229999m,224999m,ツモ4m / 打9m,"(4, 2, 4, 12, 5.66667)","(8, 3, 0, 8, 5.23077)",4,8,0,0
233335m,223333m,ツモ2m / 打5m,"(8, 2, 1, 12, 6.85714)","(12, 4, 0, 8, 6)",8,12,1,1
233336m,223333m,ツモ2m / 打6m,"(8, 2, 1, 12, 6.85714)","(12, 4, 0, 8, 6)",8,12,1,1
233337m,223333m,ツモ2m / 打7m,"(8, 2, 1, 12, 6.75)","(12, 4, 0, 8, 6)",8,12,1,1
233338m,223333m,ツモ2m / 打8m,"(8, 2, 1, 12, 6.13333)","(12, 4, 0, 8, 6)",8,12,1,1
233339m,223333m,ツモ2m / 打9m,"(8, 2, 1, 12, 5.84615)","(12, 4, 0, 8, 6)",8,12,1,1
233346m,123334m,ツモ1m / 打6m,"(7, 3, 9, 12, 6.21739)","(10, 4, 3, 12, 5.78947)",7,10,0,1
233346m,223334m,ツモ2m / 打6m,"(7, 3, 9, 12, 6.21739)","(12, 5, 1, 14, 5.93333)",7,12,0,1
233346m,233344m,ツモ4m / 打6m,"(7, 3, 9, 12, 6.21739)","(12, 5, 0, 11, 5.93333)",7,12,0,1
233346m,233467m,ツモ7m / 打3m,"(7, 3, 9, 12, 6.21739)","(8, 2, 2, 12, 7.2)",7,8,0,1
233346m,333466m,ツモ6m / 打2m,"(7, 3, 9, 12, 6.21739)","(8, 3, 1, 12, 6.21429)",7,8,0,0
233346m,333468m,ツモ8m / 打2m,"(7, 3, 9, 12, 6.21739)","(8, 2, 0, 8, 5.44444)",7,8,0,0
233347m,123334m,ツモ1m / 打7m,"(3, 2, 25, 14, 6.67857)","(10, 4, 3, 12, 5.78947)",3,10,0,1
233347m,223334m,ツモ2m / 打7m,"(3, 2, 25, 14, 6.67857)","(12, 5, 1, 14, 5.93333)",3,12,0,1
233347m,233344m,ツモ4m / 打7m,"(3, 2, 25, 14, 6.67857)","(12, 5, 0, 11, 5.93333)",3,12,0,1
233347m,233345m,ツモ5m / 打7m,"(3, 2, 25, 14, 6.67857)","(14, 5, 0, 12, 7.0625)",3,14,0,1
233347m,233467m,ツモ6m / 打3m,"(3, 2, 25, 14, 6.67857)","(8, 2, 2, 12, 7.2)",3,8,0,1
233347m,233477m,ツモ7m / 打3m,"(3, 2, 25, 14, 6.67857)","(4, 2, 10, 12, 6.47368)",3,4,0,0
233347m,233478m,ツモ8m / 打3m,"(3, 2, 25, 14, 6.67857)","(8, 2, 3, 12, 7.36364)",3,8,0,1
233347m,233479m,ツモ9m / 打3m,"(3, 2, 25, 14, 6.67857)","(4, 1, 13, 11, 5.91667)",3,4,0,0
233348m,123334m,ツモ1m / 打8m,"(3, 2, 24, 14, 6.33333)","(10, 4, 3, 12, 5.78947)",3,10,0,1
233348m,223334m,ツモ2m / 打8m,"(3, 2, 24, 14, 6.33333)","(12, 5, 1, 14, 5.93333)",3,12,0,1
233348m,233344m,ツモ4m / 打8m,"(3, 2, 24, 14, 6.33333)","(12, 5, 0, 11, 5.93333)",3,12,0,1
233348m,233345m,ツモ5m / 打8m,"(3, 2, 24, 14, 6.33333)","(14, 5, 0, 12, 7.0625)",3,14,0,1
233348m,233478m,ツモ7m / 打3m,"(3, 2, 24, 14, 6.33333)","(8, 2, 3, 12, 7.36364)",3,8,0,1
233348m,233488m,ツモ8m / 打3m,"(3, 2, 24, 14, 6.33333)","(4, 2, 8, 12, 5.63158)",3,4,0,0
233348m,233489m,ツモ9m / 打3m,"(3, 2, 24, 14, 6.33333)","(4, 1, 10, 8, 5.25)",3,4,0,0
233348m,333468m,ツモ6m / 打2m,"(3, 2, 24, 14, 6.33333)","(8, 2, 0, 8, 5.44444)",3,8,0,0
233349m,123334m,ツモ1m / 打9m,"(3, 2, 22, 14, 5.88)","(10, 4, 3, 12, 5.78947)",3,10,0,1
233349m,223334m,ツモ2m / 打9m,"(3, 2, 22, 14, 5.88)","(12, 5, 1, 14, 5.93333)",3,12,0,1
233349m,233344m,ツモ4m / 打9m,"(3, 2, 22, 14, 5.88)","(12, 5, 0, 11, 5.93333)",3,12,0,1
233349m,233345m,ツモ5m / 打9m,"(3, 2, 22, 14, 5.88)","(14, 5, 0, 12, 7.0625)",3,14,0,1
233349m,233346m,ツモ6m / 打9m,"(3, 2, 22, 14, 5.88)","(7, 3, 9, 12, 6.21739)",3,7,0,0
233349m,233479m,ツモ7m / 打3m,"(3, 2, 22, 14, 5.88)","(4, 1, 13, 11, 5.91667)",3,4,0,0
233349m,233489m,ツモ8m / 打3m,"(3, 2, 22, 14, 5.88)","(4, 1, 10, 8, 5.25)",3,4,0,0
233349m,233499m,ツモ9m / 打3m,"(3, 2, 22, 14, 5.88)","(4, 2, 6, 8, 5.05556)",3,4,0,0
233355m,123355m,ツモ1m / 打3m,"(4, 2, 10, 14, 7.73333)","(8, 3, 1, 12, 5.93333)",4,8,0,0
233355m,233335m,ツモ3m / 打5m,"(4, 2, 10, 14, 7.73333)","(8, 2, 1, 12, 6.85714)",4,8,0,1
233355m,233345m,ツモ4m / 打5m,"(4, 2, 10, 14, 7.73333)","(14, 5, 0, 12, 7.0625)",4,14,0,1
233355m,333556m,ツモ6m / 打2m,"(4, 2, 10, 14, 7.73333)","(12, 4, 0, 12, 6.90909)",4,12,0,1
233355m,333557m,ツモ7m / 打2m,"(4, 2, 10, 14, 7.73333)","(8, 3, 1, 12, 6.42857)",4,8,0,0
233356m,333556m,ツモ5m / 打2m,"(8, 2, 2, 12, 6.875)","(12, 4, 0, 12, 6.90909)",8,12,1,1
233356m,333566m,ツモ6m / 打2m,"(8, 2, 2, 12, 6.875)","(12, 4, 0, 12, 6.90909)",8,12,1,1
233357m,123357m,ツモ1m / 打3m,"(4, 1, 13, 14, 6.71429)","(8, 2, 0, 8, 5.7)",4,8,0,0
233357m,233335m,ツモ3m / 打7m,"(4, 1, 13, 14, 6.71429)","(8, 2, 1, 12, 6.85714)",4,8,0,1
233357m,233345m,ツモ4m / 打7m,"(4, 1, 13, 14, 6.71429)","(14, 5, 0, 12, 7.0625)",4,14,0,1
233357m,333557m,ツモ5m / 打2m,"(4, 1, 13, 14, 6.71429)","(8, 3, 1, 12, 6.42857)",4,8,0,0
233357m,333577m,ツモ7m / 打2m,"(4, 1, 13, 14, 6.71429)","(8, 3, 1, 12, 6.21429)",4,8,0,0
233357m,333578m,ツモ8m / 打2m,"(4, 1, 13, 14, 6.71429)","(8, 2, 2, 12, 7.17647)",4,8,0,1
233357m,333579m,ツモ9m / 打2m,"(4, 1, 13, 14, 6.71429)","(8, 2, 0, 8, 5.52941)",4,8,0,0
233366m,233336m,ツモ3m / 打6m,"(4, 2, 8, 12, 6.375)","(8, 2, 1, 12, 6.85714)",4,8,0,1
233366m,333466m,ツモ4m / 打2m,"(4, 2, 8, 12, 6.375)","(8, 3, 1, 12, 6.21429)",4,8,0,0
233366m,333566m,ツモ5m / 打2m,"(4, 2, 8, 12, 6.375)","(12, 4, 0, 12, 6.90909)",4,12,0,1
233366m,333667m,ツモ7m / 打2m,"(4, 2, 8, 12, 6.375)","(12, 4, 0, 12, 6.90909)",4,12,0,1
233366m,333668m,ツモ8m / 打2m,"(4, 2, 8, 12, 6.375)","(8, 3, 1, 12, 5.84615)",4,8,0,0
233367m,333667m,ツモ6m / 打2m,"(8, 2, 2, 12, 6.52632)","(12, 4, 0, 12, 6.90909)",8,12,1,1
233367m,333677m,ツモ7m / 打2m,"(8, 2, 2, 12, 6.52632)","(12, 4, 0, 12, 6.90909)",8,12,1,1
233368m,233336m,ツモ3m / 打8m,"(4, 1, 8, 8, 5.33333)","(8, 2, 1, 12, 6.85714)",4,8,0,1
233368m,233356m,ツモ5m / 打8m,"(4, 1, 8, 8, 5.33333)","(8, 2, 2, 12, 6.875)",4,8,0,1
233368m,333468m,ツモ4m / 打2m,"(4, 1, 8, 8, 5.33333)","(8, 2, 0, 8, 5.44444)",4,8,0,0
233368m,333668m,ツモ6m / 打2m,"(4, 1, 8, 8, 5.33333)","(8, 3, 1, 12, 5.84615)",4,8,0,0
233368m,333688m,ツモ8m / 打2m,"(4, 1, 8, 8, 5.33333)","(8, 3, 0, 8, 5.23077)",4,8,0,0
233377m,233337m,ツモ3m / 打7m,"(4, 2, 7, 12, 6)","(8, 2, 1, 12, 6.75)",4,8,0,1
233377m,333577m,ツモ5m / 打2m,"(4, 2, 7, 12, 6)","(8, 3, 1, 12, 6.21429)",4,8,0,0
233377m,333677m,ツモ6m / 打2m,"(4, 2, 7, 12, 6)","(12, 4, 0, 12, 6.90909)",4,12,0,1
233377m,333778m,ツモ8m / 打2m,"(4, 2, 7, 12, 6)","(12, 4, 0, 12, 6.90909)",4,12,0,1
233377m,333779m,ツモ9m / 打2m,"(4, 2, 7, 12, 6)","(8, 3, 1, 12, 5.84615)",4,8,0,0
233378m,333778m,ツモ7m / 打2m,"(8, 2, 2, 12, 6.31579)","(12, 4, 0, 12, 6.90909)",8,12,1,1
233378m,333788m,ツモ8m / 打2m,"(8, 2, 2, 12, 6.31579)","(12, 4, 0, 12, 6.54545)",8,12,1,1
233379m,233337m,ツモ3m / 打9m,"(4, 1, 7, 8, 5.14286)","(8, 2, 1, 12, 6.75)",4,8,0,1
233379m,333579m,ツモ5m / 打2m,"(4, 1, 7, 8, 5.14286)","(8, 2, 0, 8, 5.52941)",4,8,0,0
233379m,333679m,ツモ6m / 打2m,"(4, 1, 7, 8, 5.14286)","(8, 2, 2, 12, 6.66667)",4,8,0,1
233379m,333779m,ツモ7m / 打2m,"(4, 1, 7, 8, 5.14286)","(8, 3, 1, 12, 5.84615)",4,8,0,0
233379m,333799m,ツモ9m / 打2m,"(4, 1, 7, 8, 5.14286)","(8, 3, 0, 8, 4.92308)",4,8,0,0
233388m,233338m,ツモ3m / 打8m,"(4, 2, 5, 12, 5.375)","(8, 2, 1, 12, 6.13333)",4,8,0,1
233388m,333688m,ツモ6m / 打2m,"(4, 2, 5, 12, 5.375)","(8, 3, 0, 8, 5.23077)",4,8,0,0
233388m,333788m,ツモ7m / 打2m,"(4, 2, 5, 12, 5.375)","(12, 4, 0, 12, 6.54545)",4,12,0,1
233388m,333889m,ツモ9m / 打2m,"(4, 2, 5, 12, 5.375)","(8, 3, 0, 8, 4.61538)",4,8,0,0
233389m,233338m,ツモ3m / 打9m,"(4, 1, 4, 8, 4.6)","(8, 2, 1, 12, 6.13333)",4,8,0,1
233389m,333889m,ツモ8m / 打2m,"(4, 1, 4, 8, 4.6)","(8, 3, 0, 8, 4.61538)",4,8,0,0
233389m,333899m,ツモ9m / 打2m,"(4, 1, 4, 8, 4.6)","(8, 3, 0, 8, 4.30769)",4,8,0,0
233399m,233339m,ツモ3m / 打9m,"(4, 2, 3, 8, 4.66667)","(8, 2, 1, 12, 5.84615)",4,8,0,1
233399m,333799m,ツモ7m / 打2m,"(4, 2, 3, 8, 4.66667)","(8, 3, 0, 8, 4.92308)",4,8,0,0
233399m,333899m,ツモ8m / 打2m,"(4, 2, 3, 8, 4.66667)","(8, 3, 0, 8, 4.30769)",4,8,0,0
233446m,123344m,ツモ1m / 打6m,"(7, 2, 10, 16, 7.84211)","(11, 4, 1, 12, 7)",7,11,1,1
233446m,233344m,ツモ3m / 打6m,"(7, 2, 10, 16, 7.84211)","(12, 5, 0, 11, 5.93333)",7,12,1,1
233446m,233444m,ツモ4m / 打6m,"(7, 2, 10, 16, 7.84211)","(16, 6, 0, 11, 6.33333)",7,16,1,1
233446m,234466m,ツモ6m / 打3m,"(7, 2, 10, 16, 7.84211)","(8, 3, 2, 12, 6.73333)",7,8,1,0
233446m,234467m,ツモ7m / 打3m,"(7, 2, 10, 16, 7.84211)","(8, 2, 3, 12, 7.3)",7,8,1,1
233446m,234468m,ツモ8m / 打3m,"(7, 2, 10, 16, 7.84211)","(8, 2, 1, 11, 5.9)",7,8,1,0
233447m,123344m,ツモ1m / 打7m,"(7, 2, 7, 16, 6.85)","(11, 4, 1, 12, 7)",7,11,1,1
233447m,233344m,ツモ3m / 打7m,"(7, 2, 7, 16, 6.85)","(12, 5, 0, 11, 5.93333)",7,12,1,1
233447m,233444m,ツモ4m / 打7m,"(7, 2, 7, 16, 6.85)","(16, 6, 0, 11, 6.33333)",7,16,1,1
233447m,233478m,ツモ8m / 打4m,"(7, 2, 7, 16, 6.85)","(8, 2, 3, 12, 7.36364)",7,8,1,1
233447m,234467m,ツモ6m / 打3m,"(7, 2, 7, 16, 6.85)","(8, 2, 3, 12, 7.3)",7,8,1,1
233448m,123344m,ツモ1m / 打8m,"(7, 2, 6, 16, 6.65)","(11, 4, 1, 12, 7)",7,11,1,1
233448m,233344m,ツモ3m / 打8m,"(7, 2, 6, 16, 6.65)","(12, 5, 0, 11, 5.93333)",7,12,1,1
233448m,233444m,ツモ4m / 打8m,"(7, 2, 6, 16, 6.65)","(16, 6, 0, 11, 6.33333)",7,16,1,1
233448m,233478m,ツモ7m / 打4m,"(7, 2, 6, 16, 6.65)","(8, 2, 3, 12, 7.36364)",7,8,1,1
233448m,234468m,ツモ6m / 打3m,"(7, 2, 6, 16, 6.65)","(8, 2, 1, 11, 5.9)",7,8,1,0
233449m,123344m,ツモ1m / 打9m,"(7, 2, 3, 16, 6.15789)","(11, 4, 1, 12, 7)",7,11,1,1
233449m,233344m,ツモ3m / 打9m,"(7, 2, 3, 16, 6.15789)","(12, 5, 0, 11, 5.93333)",7,12,1,1
233449m,233444m,ツモ4m / 打9m,"(7, 2, 3, 16, 6.15789)","(16, 6, 0, 11, 6.33333)",7,16,1,1
233455m,233345m,ツモ3m / 打5m,"(11, 4, 4, 15, 8.35294)","(14, 5, 0, 12, 7.0625)",11,14,1,1
233455m,234556m,ツモ6m / 打3m,"(11, 4, 4, 15, 8.35294)","(15, 5, 0, 15, 9.26667)",11,15,1,1
233457m,233345m,ツモ3m / 打7m,"(11, 3, 1, 14, 7.14286)","(14, 5, 0, 12, 7.0625)",11,14,1,1
233458m,223345m,ツモ2m / 打8m,"(7, 2, 10, 15, 7)","(11, 4, 4, 15, 8.58824)",7,11,1,1
233458m,233345m,ツモ3m / 打8m,"(7, 2, 10, 15, 7)","(14, 5, 0, 12, 7.0625)",7,14,1,1
233458m,233455m,ツモ5m / 打8m,"(7, 2, 10, 15, 7)","(11, 4, 4, 15, 8.35294)",7,11,1,1
233458m,233456m,ツモ6m / 打8m,"(7, 2, 10, 15, 7)","(15, 5, 0, 15, 9.1875)",7,15,1,1
233458m,233457m,ツモ7m / 打8m,"(7, 2, 10, 15, 7)","(11, 3, 1, 14, 7.14286)",7,11,1,1
233459m,223345m,ツモ2m / 打9m,"(7, 2, 7, 15, 6.6087)","(11, 4, 4, 15, 8.58824)",7,11,1,1
233459m,233345m,ツモ3m / 打9m,"(7, 2, 7, 15, 6.6087)","(14, 5, 0, 12, 7.0625)",7,14,1,1
233459m,233455m,ツモ5m / 打9m,"(7, 2, 7, 15, 6.6087)","(11, 4, 4, 15, 8.35294)",7,11,1,1
233459m,233456m,ツモ6m / 打9m,"(7, 2, 7, 15, 6.6087)","(15, 5, 0, 15, 9.1875)",7,15,1,1
233459m,233457m,ツモ7m / 打9m,"(7, 2, 7, 15, 6.6087)","(11, 3, 1, 14, 7.14286)",7,11,1,1
233466m,123466m,ツモ1m / 打3m,"(4, 2, 13, 15, 7.55556)","(8, 3, 2, 12, 6.63158)",4,8,0,0
233466m,223346m,ツモ2m / 打6m,"(4, 2, 13, 15, 7.55556)","(7, 2, 7, 16, 8)",4,7,0,1
233466m,233456m,ツモ5m / 打6m,"(4, 2, 13, 15, 7.55556)","(15, 5, 0, 15, 9.1875)",4,15,0,1
233466m,234466m,ツモ4m / 打3m,"(4, 2, 13, 15, 7.55556)","(8, 3, 2, 12, 6.73333)",4,8,0,0
233466m,234667m,ツモ7m / 打3m,"(4, 2, 13, 15, 7.55556)","(12, 4, 0, 12, 7.66667)",4,12,0,1
233466m,234668m,ツモ8m / 打3m,"(4, 2, 13, 15, 7.55556)","(8, 3, 2, 15, 6.875)",4,8,0,0
233466m,333466m,ツモ3m / 打2m,"(4, 2, 13, 15, 7.55556)","(8, 3, 1, 12, 6.21429)",4,8,0,0
233467m,234667m,ツモ6m / 打3m,"(8, 2, 2, 12, 7.2)","(12, 4, 0, 12, 7.66667)",8,12,1,1
233467m,234677m,ツモ7m / 打3m,"(8, 2, 2, 12, 7.2)","(12, 4, 0, 12, 7.33333)",8,12,1,1
233468m,123468m,ツモ1m / 打3m,"(4, 1, 16, 15, 6.70833)","(8, 2, 0, 8, 5.66667)",4,8,0,0
233468m,223346m,ツモ2m / 打8m,"(4, 1, 16, 15, 6.70833)","(7, 2, 7, 16, 8)",4,7,0,1
233468m,233456m,ツモ5m / 打8m,"(4, 1, 16, 15, 6.70833)","(15, 5, 0, 15, 9.1875)",4,15,0,1
233468m,234468m,ツモ4m / 打3m,"(4, 1, 16, 15, 6.70833)","(8, 2, 1, 11, 5.9)",4,8,0,0
233468m,234668m,ツモ6m / 打3m,"(4, 1, 16, 15, 6.70833)","(8, 3, 2, 15, 6.875)",4,8,0,0
233468m,234688m,ツモ8m / 打3m,"(4, 1, 16, 15, 6.70833)","(8, 3, 1, 11, 5.9375)",4,8,0,0
233468m,333468m,ツモ3m / 打2m,"(4, 1, 16, 15, 6.70833)","(8, 2, 0, 8, 5.44444)",4,8,0,0
233477m,123347m,ツモ1m / 打7m,"(4, 2, 10, 12, 6.47368)","(7, 2, 9, 11, 6.20833)",4,7,0,1
233477m,223347m,ツモ2m / 打7m,"(4, 2, 10, 12, 6.47368)","(7, 2, 9, 16, 7.25)",4,7,0,1
233477m,233447m,ツモ4m / 打7m,"(4, 2, 10, 12, 6.47368)","(7, 2, 7, 16, 6.85)",4,7,0,1
233477m,233457m,ツモ5m / 打7m,"(4, 2, 10, 12, 6.47368)","(11, 3, 1, 14, 7.14286)",4,11,0,1
233477m,234677m,ツモ6m / 打3m,"(4, 2, 10, 12, 6.47368)","(12, 4, 0, 12, 7.33333)",4,12,0,1
233477m,234778m,ツモ8m / 打3m,"(4, 2, 10, 12, 6.47368)","(12, 4, 0, 12, 7.69231)",4,12,0,1
233477m,234779m,ツモ9m / 打3m,"(4, 2, 10, 12, 6.47368)","(8, 3, 1, 12, 6.13333)",4,8,0,0
233478m,233457m,ツモ5m / 打8m,"(8, 2, 3, 12, 7.36364)","(11, 3, 1, 14, 7.14286)",8,11,1,1
233478m,234778m,ツモ7m / 打3m,"(8, 2, 3, 12, 7.36364)","(12, 4, 0, 12, 7.69231)",8,12,1,1
233478m,234788m,ツモ8m / 打3m,"(8, 2, 3, 12, 7.36364)","(12, 4, 0, 12, 7.38462)",8,12,1,1
233479m,123347m,ツモ1m / 打9m,"(4, 1, 13, 11, 5.91667)","(7, 2, 9, 11, 6.20833)",4,7,0,1
233479m,223347m,ツモ2m / 打9m,"(4, 1, 13, 11, 5.91667)","(7, 2, 9, 16, 7.25)",4,7,0,1
233479m,233447m,ツモ4m / 打9m,"(4, 1, 13, 11, 5.91667)","(7, 2, 7, 16, 6.85)",4,7,0,1
233479m,233457m,ツモ5m / 打9m,"(4, 1, 13, 11, 5.91667)","(11, 3, 1, 14, 7.14286)",4,11,0,1
233479m,233467m,ツモ6m / 打9m,"(4, 1, 13, 11, 5.91667)","(8, 2, 2, 12, 7.2)",4,8,0,1
233479m,234779m,ツモ7m / 打3m,"(4, 1, 13, 11, 5.91667)","(8, 3, 1, 12, 6.13333)",4,8,0,0
233479m,234799m,ツモ9m / 打3m,"(4, 1, 13, 11, 5.91667)","(8, 3, 0, 8, 5.33333)",4,8,0,0
233488m,123348m,ツモ1m / 打8m,"(4, 2, 8, 12, 5.63158)","(7, 2, 7, 11, 5.875)",4,7,0,1
233488m,223348m,ツモ2m / 打8m,"(4, 2, 8, 12, 5.63158)","(7, 2, 5, 16, 6.45)",4,7,0,1
233488m,233448m,ツモ4m / 打8m,"(4, 2, 8, 12, 5.63158)","(7, 2, 6, 16, 6.65)",4,7,0,1
233488m,233458m,ツモ5m / 打8m,"(4, 2, 8, 12, 5.63158)","(7, 2, 10, 15, 7)",4,7,0,1
233488m,234688m,ツモ6m / 打3m,"(4, 2, 8, 12, 5.63158)","(8, 3, 1, 11, 5.9375)",4,8,0,0
233488m,234788m,ツモ7m / 打3m,"(4, 2, 8, 12, 5.63158)","(12, 4, 0, 12, 7.38462)",4,12,0,1
233488m,234889m,ツモ9m / 打3m,"(4, 2, 8, 12, 5.63158)","(8, 3, 0, 8, 5.06667)",4,8,0,0
233489m,123348m,ツモ1m / 打9m,"(4, 1, 10, 8, 5.25)","(7, 2, 7, 11, 5.875)",4,7,0,1
233489m,223348m,ツモ2m / 打9m,"(4, 1, 10, 8, 5.25)","(7, 2, 5, 16, 6.45)",4,7,0,1
233489m,233448m,ツモ4m / 打9m,"(4, 1, 10, 8, 5.25)","(7, 2, 6, 16, 6.65)",4,7,0,1
233489m,233458m,ツモ5m / 打9m,"(4, 1, 10, 8, 5.25)","(7, 2, 10, 15, 7)",4,7,0,1
233489m,234889m,ツモ8m / 打3m,"(4, 1, 10, 8, 5.25)","(8, 3, 0, 8, 5.06667)",4,8,0,0
233489m,234899m,ツモ9m / 打3m,"(4, 1, 10, 8, 5.25)","(8, 3, 0, 8, 4.8)",4,8,0,0
233499m,123349m,ツモ1m / 打9m,"(4, 2, 6, 8, 5.05556)","(7, 2, 3, 11, 5.31818)",4,7,0,1
233499m,223349m,ツモ2m / 打9m,"(4, 2, 6, 8, 5.05556)","(7, 2, 3, 16, 6.27778)",4,7,0,1
233499m,233449m,ツモ4m / 打9m,"(4, 2, 6, 8, 5.05556)","(7, 2, 3, 16, 6.15789)",4,7,0,1
233499m,233459m,ツモ5m / 打9m,"(4, 2, 6, 8, 5.05556)","(7, 2, 7, 15, 6.6087)",4,7,0,1
233499m,234799m,ツモ7m / 打3m,"(4, 2, 6, 8, 5.05556)","(8, 3, 0, 8, 5.33333)",4,8,0,0
233499m,234899m,ツモ8m / 打3m,"(4, 2, 6, 8, 5.05556)","(8, 3, 0, 8, 4.8)",4,8,0,0
234446m,223444m,ツモ2m / 打6m,"(11, 4, 2, 16, 6.89474)","(12, 5, 1, 14, 6.2)",11,12,1,1
234446m,233444m,ツモ3m / 打6m,"(11, 4, 2, 16, 6.89474)","(16, 6, 0, 11, 6.33333)",11,16,1,1
234447m,223444m,ツモ2m / 打7m,"(7, 3, 10, 16, 7)","(12, 5, 1, 14, 6.2)",7,12,1,1
234447m,233444m,ツモ3m / 打7m,"(7, 3, 10, 16, 7)","(16, 6, 0, 11, 6.33333)",7,16,1,1
234447m,234445m,ツモ5m / 打7m,"(7, 3, 10, 16, 7)","(14, 5, 0, 12, 7.0625)",7,14,1,1
234447m,234446m,ツモ6m / 打7m,"(7, 3, 10, 16, 7)","(11, 4, 2, 16, 6.89474)",7,11,1,1
234447m,234478m,ツモ8m / 打4m,"(7, 3, 10, 16, 7)","(8, 2, 2, 12, 6.85714)",7,8,1,1
234448m,223444m,ツモ2m / 打8m,"(7, 3, 8, 16, 6.625)","(12, 5, 1, 14, 6.2)",7,12,1,1
234448m,233444m,ツモ3m / 打8m,"(7, 3, 8, 16, 6.625)","(16, 6, 0, 11, 6.33333)",7,16,1,1
234448m,234445m,ツモ5m / 打8m,"(7, 3, 8, 16, 6.625)","(14, 5, 0, 12, 7.0625)",7,14,1,1
234448m,234446m,ツモ6m / 打8m,"(7, 3, 8, 16, 6.625)","(11, 4, 2, 16, 6.89474)",7,11,1,1
234448m,234478m,ツモ7m / 打4m,"(7, 3, 8, 16, 6.625)","(8, 2, 2, 12, 6.85714)",7,8,1,1
234449m,223444m,ツモ2m / 打9m,"(7, 3, 4, 16, 6.13636)","(12, 5, 1, 14, 6.2)",7,12,1,1
234449m,233444m,ツモ3m / 打9m,"(7, 3, 4, 16, 6.13636)","(16, 6, 0, 11, 6.33333)",7,16,1,1
234449m,234445m,ツモ5m / 打9m,"(7, 3, 4, 16, 6.13636)","(14, 5, 0, 12, 7.0625)",7,14,1,1
234449m,234446m,ツモ6m / 打9m,"(7, 3, 4, 16, 6.13636)","(11, 4, 2, 16, 6.89474)",7,11,1,1
234455m,234445m,ツモ4m / 打5m,"(11, 4, 2, 14, 7.88235)","(14, 5, 0, 12, 7.0625)",11,14,1,1
234457m,123445m,ツモ1m / 打7m,"(7, 2, 11, 14, 7.16667)","(11, 4, 0, 11, 7.38889)",7,11,1,1
234457m,223445m,ツモ2m / 打7m,"(7, 2, 11, 14, 7.16667)","(11, 4, 2, 14, 7.17647)",7,11,1,1
234457m,234445m,ツモ4m / 打7m,"(7, 2, 11, 14, 7.16667)","(14, 5, 0, 12, 7.0625)",7,14,1,1
234457m,234455m,ツモ5m / 打7m,"(7, 2, 11, 14, 7.16667)","(11, 4, 2, 14, 7.88235)",7,11,1,1
234457m,234577m,ツモ7m / 打4m,"(7, 2, 11, 14, 7.16667)","(8, 3, 3, 12, 7.05)",7,8,1,0
234457m,234578m,ツモ8m / 打4m,"(7, 2, 11, 14, 7.16667)","(8, 2, 5, 12, 8.08)",7,8,1,1
234457m,234579m,ツモ9m / 打4m,"(7, 2, 11, 14, 7.16667)","(8, 2, 1, 11, 6.32)",7,8,1,0
234458m,123445m,ツモ1m / 打8m,"(7, 2, 7, 14, 6.43478)","(11, 4, 0, 11, 7.38889)",7,11,1,1
234458m,223445m,ツモ2m / 打8m,"(7, 2, 7, 14, 6.43478)","(11, 4, 2, 14, 7.17647)",7,11,1,1
234458m,234445m,ツモ4m / 打8m,"(7, 2, 7, 14, 6.43478)","(14, 5, 0, 12, 7.0625)",7,14,1,1
234458m,234455m,ツモ5m / 打8m,"(7, 2, 7, 14, 6.43478)","(11, 4, 2, 14, 7.88235)",7,11,1,1
234458m,234578m,ツモ7m / 打4m,"(7, 2, 7, 14, 6.43478)","(8, 2, 5, 12, 8.08)",7,8,1,1
234459m,123445m,ツモ1m / 打9m,"(7, 2, 5, 14, 6.08696)","(11, 4, 0, 11, 7.38889)",7,11,1,1
234459m,223445m,ツモ2m / 打9m,"(7, 2, 5, 14, 6.08696)","(11, 4, 2, 14, 7.17647)",7,11,1,1
234459m,234445m,ツモ4m / 打9m,"(7, 2, 5, 14, 6.08696)","(14, 5, 0, 12, 7.0625)",7,14,1,1
234459m,234455m,ツモ5m / 打9m,"(7, 2, 5, 14, 6.08696)","(11, 4, 2, 14, 7.88235)",7,11,1,1
234459m,234579m,ツモ7m / 打4m,"(7, 2, 5, 14, 6.08696)","(8, 2, 1, 11, 6.32)",7,8,1,0
234466m,234446m,ツモ4m / 打6m,"(8, 3, 2, 12, 6.73333)","(11, 4, 2, 16, 6.89474)",8,11,0,1
234466m,234667m,ツモ7m / 打4m,"(8, 3, 2, 12, 6.73333)","(12, 4, 0, 12, 7.66667)",8,12,0,1
234467m,234446m,ツモ4m / 打7m,"(8, 2, 3, 12, 7.3)","(11, 4, 2, 16, 6.89474)",8,11,1,1
234467m,234667m,ツモ6m / 打4m,"(8, 2, 3, 12, 7.3)","(12, 4, 0, 12, 7.66667)",8,12,1,1
234467m,234677m,ツモ7m / 打4m,"(8, 2, 3, 12, 7.3)","(12, 4, 0, 12, 7.33333)",8,12,1,1
234468m,234446m,ツモ4m / 打8m,"(8, 2, 1, 11, 5.9)","(11, 4, 2, 16, 6.89474)",8,11,0,1
234469m,123446m,ツモ1m / 打9m,"(4, 1, 10, 11, 6)","(8, 3, 1, 11, 6.73684)",4,8,0,0
234469m,223446m,ツモ2m / 打9m,"(4, 1, 10, 11, 6)","(7, 2, 9, 12, 6.78947)",4,7,0,0
234469m,233446m,ツモ3m / 打9m,"(4, 1, 10, 11, 6)","(7, 2, 10, 16, 7.84211)",4,7,0,1
234469m,234446m,ツモ4m / 打9m,"(4, 1, 10, 11, 6)","(11, 4, 2, 16, 6.89474)",4,11,0,1
234469m,234466m,ツモ6m / 打9m,"(4, 1, 10, 11, 6)","(8, 3, 2, 12, 6.73333)",4,8,0,0
234469m,234467m,ツモ7m / 打9m,"(4, 1, 10, 11, 6)","(8, 2, 3, 12, 7.3)",4,8,0,1
234469m,234468m,ツモ8m / 打9m,"(4, 1, 10, 11, 6)","(8, 2, 1, 11, 5.9)",4,8,0,0
234477m,233447m,ツモ3m / 打7m,"(4, 2, 9, 12, 6.22222)","(7, 2, 7, 16, 6.85)",4,7,0,1
234477m,234447m,ツモ4m / 打7m,"(4, 2, 9, 12, 6.22222)","(7, 3, 10, 16, 7)",4,7,0,1
234477m,234577m,ツモ5m / 打4m,"(4, 2, 9, 12, 6.22222)","(8, 3, 3, 12, 7.05)",4,8,0,0
234477m,234677m,ツモ6m / 打4m,"(4, 2, 9, 12, 6.22222)","(12, 4, 0, 12, 7.33333)",4,12,0,1
234477m,234778m,ツモ8m / 打4m,"(4, 2, 9, 12, 6.22222)","(12, 4, 0, 12, 7.69231)",4,12,0,1
234477m,234779m,ツモ9m / 打4m,"(4, 2, 9, 12, 6.22222)","(8, 3, 1, 12, 6.13333)",4,8,0,0
234478m,234778m,ツモ7m / 打4m,"(8, 2, 2, 12, 6.85714)","(12, 4, 0, 12, 7.69231)",8,12,1,1
234478m,234788m,ツモ8m / 打4m,"(8, 2, 2, 12, 6.85714)","(12, 4, 0, 12, 7.38462)",8,12,1,1
234479m,233447m,ツモ3m / 打9m,"(4, 1, 11, 8, 5.5)","(7, 2, 7, 16, 6.85)",4,7,0,1
234479m,234447m,ツモ4m / 打9m,"(4, 1, 11, 8, 5.5)","(7, 3, 10, 16, 7)",4,7,0,1
234479m,234467m,ツモ6m / 打9m,"(4, 1, 11, 8, 5.5)","(8, 2, 3, 12, 7.3)",4,8,0,1
234479m,234579m,ツモ5m / 打4m,"(4, 1, 11, 8, 5.5)","(8, 2, 1, 11, 6.32)",4,8,0,0
234479m,234779m,ツモ7m / 打4m,"(4, 1, 11, 8, 5.5)","(8, 3, 1, 12, 6.13333)",4,8,0,0
234479m,234799m,ツモ9m / 打4m,"(4, 1, 11, 8, 5.5)","(8, 3, 0, 8, 5.33333)",4,8,0,0
234488m,233448m,ツモ3m / 打8m,"(4, 2, 8, 12, 5.77778)","(7, 2, 6, 16, 6.65)",4,7,0,1
234488m,234448m,ツモ4m / 打8m,"(4, 2, 8, 12, 5.77778)","(7, 3, 8, 16, 6.625)",4,7,0,1
234488m,234458m,ツモ5m / 打8m,"(4, 2, 8, 12, 5.77778)","(7, 2, 7, 14, 6.43478)",4,7,0,1
234488m,234688m,ツモ6m / 打4m,"(4, 2, 8, 12, 5.77778)","(8, 3, 1, 11, 5.9375)",4,8,0,0
234488m,234788m,ツモ7m / 打4m,"(4, 2, 8, 12, 5.77778)","(12, 4, 0, 12, 7.38462)",4,12,0,1
234488m,234889m,ツモ9m / 打4m,"(4, 2, 8, 12, 5.77778)","(8, 3, 0, 8, 5.06667)",4,8,0,0
234489m,233448m,ツモ3m / 打9m,"(4, 1, 9, 8, 5.16667)","(7, 2, 6, 16, 6.65)",4,7,0,1
234489m,234448m,ツモ4m / 打9m,"(4, 1, 9, 8, 5.16667)","(7, 3, 8, 16, 6.625)",4,7,0,1
234489m,234458m,ツモ5m / 打9m,"(4, 1, 9, 8, 5.16667)","(7, 2, 7, 14, 6.43478)",4,7,0,1
234489m,234468m,ツモ6m / 打9m,"(4, 1, 9, 8, 5.16667)","(8, 2, 1, 11, 5.9)",4,8,0,0
234489m,234889m,ツモ8m / 打4m,"(4, 1, 9, 8, 5.16667)","(8, 3, 0, 8, 5.06667)",4,8,0,0
234489m,234899m,ツモ9m / 打4m,"(4, 1, 9, 8, 5.16667)","(8, 3, 0, 8, 4.8)",4,8,0,0
234499m,233449m,ツモ3m / 打9m,"(4, 2, 5, 8, 4.88889)","(7, 2, 3, 16, 6.15789)",4,7,0,1
234499m,234449m,ツモ4m / 打9m,"(4, 2, 5, 8, 4.88889)","(7, 3, 4, 16, 6.13636)",4,7,0,1
234499m,234459m,ツモ5m / 打9m,"(4, 2, 5, 8, 4.88889)","(7, 2, 5, 14, 6.08696)",4,7,0,1
234499m,234799m,ツモ7m / 打4m,"(4, 2, 5, 8, 4.88889)","(8, 3, 0, 8, 5.33333)",4,8,0,0
234499m,234899m,ツモ8m / 打4m,"(4, 2, 5, 8, 4.88889)","(8, 3, 0, 8, 4.8)",4,8,0,0
234557m,123455m,ツモ1m / 打7m,"(8, 3, 4, 11, 7.7)","(11, 4, 0, 11, 6.63158)",8,11,0,1
234557m,233455m,ツモ3m / 打7m,"(8, 3, 4, 11, 7.7)","(11, 4, 4, 15, 8.35294)",8,11,0,1
234557m,234455m,ツモ4m / 打7m,"(8, 3, 4, 11, 7.7)","(11, 4, 2, 14, 7.88235)",8,11,0,1
234557m,234578m,ツモ8m / 打5m,"(8, 3, 4, 11, 7.7)","(8, 2, 5, 12, 8.08)",8,8,0,1
234558m,123455m,ツモ1m / 打8m,"(4, 2, 14, 15, 7.04545)","(11, 4, 0, 11, 6.63158)",4,11,0,1
234558m,223455m,ツモ2m / 打8m,"(4, 2, 14, 15, 7.04545)","(6, 3, 10, 15, 8.5)",4,6,0,0
234558m,233455m,ツモ3m / 打8m,"(4, 2, 14, 15, 7.04545)","(11, 4, 4, 15, 8.35294)",4,11,0,1
234558m,234455m,ツモ4m / 打8m,"(4, 2, 14, 15, 7.04545)","(11, 4, 2, 14, 7.88235)",4,11,0,1
234558m,234556m,ツモ6m / 打8m,"(4, 2, 14, 15, 7.04545)","(15, 5, 0, 15, 9.26667)",4,15,0,1
234558m,234578m,ツモ7m / 打5m,"(4, 2, 14, 15, 7.04545)","(8, 2, 5, 12, 8.08)",4,8,0,1
234559m,123455m,ツモ1m / 打9m,"(4, 2, 14, 15, 7.04545)","(11, 4, 0, 11, 6.63158)",4,11,0,1
234559m,223455m,ツモ2m / 打9m,"(4, 2, 14, 15, 7.04545)","(6, 3, 10, 15, 8.5)",4,6,0,0
234559m,233455m,ツモ3m / 打9m,"(4, 2, 14, 15, 7.04545)","(11, 4, 4, 15, 8.35294)",4,11,0,1
234559m,234455m,ツモ4m / 打9m,"(4, 2, 14, 15, 7.04545)","(11, 4, 2, 14, 7.88235)",4,11,0,1
234559m,234556m,ツモ6m / 打9m,"(4, 2, 14, 15, 7.04545)","(15, 5, 0, 15, 9.26667)",4,15,0,1
234559m,234557m,ツモ7m / 打9m,"(4, 2, 14, 15, 7.04545)","(8, 3, 4, 11, 7.7)",4,8,0,0
234568m,223456m,ツモ2m / 打8m,"(11, 3, 4, 15, 7.20833)","(15, 5, 0, 15, 7.6875)",11,15,1,1
234568m,233456m,ツモ3m / 打8m,"(11, 3, 4, 15, 7.20833)","(15, 5, 0, 15, 9.1875)",11,15,1,1
234568m,234556m,ツモ5m / 打8m,"(11, 3, 4, 15, 7.20833)","(15, 5, 0, 15, 9.26667)",11,15,1,1
234568m,234566m,ツモ6m / 打8m,"(11, 3, 4, 15, 7.20833)","(15, 5, 0, 15, 8.1875)",11,15,1,1
234569m,223456m,ツモ2m / 打9m,"(11, 3, 4, 15, 6.71429)","(15, 5, 0, 15, 7.6875)",11,15,1,1
234569m,233456m,ツモ3m / 打9m,"(11, 3, 4, 15, 6.71429)","(15, 5, 0, 15, 9.1875)",11,15,1,1
234569m,234556m,ツモ5m / 打9m,"(11, 3, 4, 15, 6.71429)","(15, 5, 0, 15, 9.26667)",11,15,1,1
234569m,234566m,ツモ6m / 打9m,"(11, 3, 4, 15, 6.71429)","(15, 5, 0, 15, 8.1875)",11,15,1,1
234577m,233457m,ツモ3m / 打7m,"(8, 3, 3, 12, 7.05)","(11, 3, 1, 14, 7.14286)",8,11,0,1
234577m,234778m,ツモ8m / 打5m,"(8, 3, 3, 12, 7.05)","(12, 4, 0, 12, 7.69231)",8,12,0,1
234578m,233457m,ツモ3m / 打8m,"(8, 2, 5, 12, 8.08)","(11, 3, 1, 14, 7.14286)",8,11,1,1
234578m,234778m,ツモ7m / 打5m,"(8, 2, 5, 12, 8.08)","(12, 4, 0, 12, 7.69231)",8,12,1,1
234578m,234788m,ツモ8m / 打5m,"(8, 2, 5, 12, 8.08)","(12, 4, 0, 12, 7.38462)",8,12,1,1
234579m,233457m,ツモ3m / 打9m,"(8, 2, 1, 11, 6.32)","(11, 3, 1, 14, 7.14286)",8,11,0,1
234588m,123458m,ツモ1m / 打8m,"(4, 2, 11, 12, 6.16667)","(7, 2, 8, 11, 6)",4,7,0,1
234588m,233458m,ツモ3m / 打8m,"(4, 2, 11, 12, 6.16667)","(7, 2, 10, 15, 7)",4,7,0,1
234588m,234458m,ツモ4m / 打8m,"(4, 2, 11, 12, 6.16667)","(7, 2, 7, 14, 6.43478)",4,7,0,1
234588m,234568m,ツモ6m / 打8m,"(4, 2, 11, 12, 6.16667)","(11, 3, 4, 15, 7.20833)",4,11,0,1
234588m,234788m,ツモ7m / 打5m,"(4, 2, 11, 12, 6.16667)","(12, 4, 0, 12, 7.38462)",4,12,0,1
234588m,234889m,ツモ9m / 打5m,"(4, 2, 11, 12, 6.16667)","(8, 3, 0, 8, 5.06667)",4,8,0,0
234588m,345889m,ツモ9m / 打2m,"(4, 2, 11, 12, 6.16667)","(8, 3, 0, 8, 5.06667)",4,8,0,0
234589m,123458m,ツモ1m / 打9m,"(4, 1, 12, 11, 5.6)","(7, 2, 8, 11, 6)",4,7,0,1
234589m,233458m,ツモ3m / 打9m,"(4, 1, 12, 11, 5.6)","(7, 2, 10, 15, 7)",4,7,0,1
234589m,234458m,ツモ4m / 打9m,"(4, 1, 12, 11, 5.6)","(7, 2, 7, 14, 6.43478)",4,7,0,1
234589m,234568m,ツモ6m / 打9m,"(4, 1, 12, 11, 5.6)","(11, 3, 4, 15, 7.20833)",4,11,0,1
234589m,234889m,ツモ8m / 打5m,"(4, 1, 12, 11, 5.6)","(8, 3, 0, 8, 5.06667)",4,8,0,0
234589m,234899m,ツモ9m / 打5m,"(4, 1, 12, 11, 5.6)","(8, 3, 0, 8, 4.8)",4,8,0,0
234589m,345889m,ツモ8m / 打2m,"(4, 1, 12, 11, 5.6)","(8, 3, 0, 8, 5.06667)",4,8,0,0
234589m,345899m,ツモ9m / 打2m,"(4, 1, 12, 11, 5.6)","(8, 3, 0, 8, 4.8)",4,8,0,0
234599m,123459m,ツモ1m / 打9m,"(4, 2, 9, 11, 5.5)","(7, 2, 6, 11, 5.69231)",4,7,0,1
234599m,233459m,ツモ3m / 打9m,"(4, 2, 9, 11, 5.5)","(7, 2, 7, 15, 6.6087)",4,7,0,1
234599m,234459m,ツモ4m / 打9m,"(4, 2, 9, 11, 5.5)","(7, 2, 5, 14, 6.08696)",4,7,0,1
234599m,234569m,ツモ6m / 打9m,"(4, 2, 9, 11, 5.5)","(11, 3, 4, 15, 6.71429)",4,11,0,1
234599m,234899m,ツモ8m / 打5m,"(4, 2, 9, 11, 5.5)","(8, 3, 0, 8, 4.8)",4,8,0,0
234599m,345799m,ツモ7m / 打2m,"(4, 2, 9, 11, 5.5)","(8, 3, 1, 11, 5.6875)",4,8,0,0
234599m,345899m,ツモ8m / 打2m,"(4, 2, 9, 11, 5.5)","(8, 3, 0, 8, 4.8)",4,8,0,0
234668m,234566m,ツモ5m / 打8m,"(8, 3, 2, 15, 6.875)","(15, 5, 0, 15, 8.1875)",8,15,0,1
234669m,123466m,ツモ1m / 打9m,"(4, 2, 7, 15, 6.8)","(8, 3, 2, 12, 6.63158)",4,8,0,0
234669m,234466m,ツモ4m / 打9m,"(4, 2, 7, 15, 6.8)","(8, 3, 2, 12, 6.73333)",4,8,0,0
234669m,234566m,ツモ5m / 打9m,"(4, 2, 7, 15, 6.8)","(15, 5, 0, 15, 8.1875)",4,15,0,1
234669m,234667m,ツモ7m / 打9m,"(4, 2, 7, 15, 6.8)","(12, 4, 0, 12, 7.66667)",4,12,0,1
234669m,234668m,ツモ8m / 打9m,"(4, 2, 7, 15, 6.8)","(8, 3, 2, 15, 6.875)",4,8,0,0
234679m,234667m,ツモ6m / 打9m,"(8, 2, 2, 12, 6.58824)","(12, 4, 0, 12, 7.66667)",8,12,1,1
234679m,234677m,ツモ7m / 打9m,"(8, 2, 2, 12, 6.58824)","(12, 4, 0, 12, 7.33333)",8,12,1,1
234688m,234568m,ツモ5m / 打8m,"(8, 3, 1, 11, 5.9375)","(11, 3, 4, 15, 7.20833)",8,11,0,1
234689m,123468m,ツモ1m / 打9m,"(4, 1, 8, 11, 5.72727)","(8, 2, 0, 8, 5.66667)",4,8,0,0
234689m,234468m,ツモ4m / 打9m,"(4, 1, 8, 11, 5.72727)","(8, 2, 1, 11, 5.9)",4,8,0,0
234689m,234568m,ツモ5m / 打9m,"(4, 1, 8, 11, 5.72727)","(11, 3, 4, 15, 7.20833)",4,11,0,1
234689m,234668m,ツモ6m / 打9m,"(4, 1, 8, 11, 5.72727)","(8, 3, 2, 15, 6.875)",4,8,0,0
234689m,234688m,ツモ8m / 打9m,"(4, 1, 8, 11, 5.72727)","(8, 3, 1, 11, 5.9375)",4,8,0,0
234689m,234899m,ツモ9m / 打6m,"(4, 1, 8, 11, 5.72727)","(8, 3, 0, 8, 4.8)",4,8,0,0
234699m,234569m,ツモ5m / 打9m,"(4, 2, 4, 11, 5.1875)","(11, 3, 4, 15, 6.71429)",4,11,0,1
234699m,234679m,ツモ7m / 打9m,"(4, 2, 4, 11, 5.1875)","(8, 2, 2, 12, 6.58824)",4,8,0,1
234699m,234899m,ツモ8m / 打6m,"(4, 2, 4, 11, 5.1875)","(8, 3, 0, 8, 4.8)",4,8,0,0
234779m,234677m,ツモ6m / 打9m,"(8, 3, 1, 12, 6.13333)","(12, 4, 0, 12, 7.33333)",8,12,0,1
234799m,234679m,ツモ6m / 打9m,"(8, 3, 0, 8, 5.33333)","(8, 2, 2, 12, 6.58824)",8,8,0,1
235555m,223555m,ツモ2m / 打5m,"(8, 2, 2, 12, 7.42857)","(12, 4, 0, 12, 6.54545)",8,12,1,1
235555m,233555m,ツモ3m / 打5m,"(8, 2, 2, 12, 7.42857)","(12, 4, 0, 12, 6.90909)",8,12,1,1
235556m,223555m,ツモ2m / 打6m,"(8, 2, 3, 12, 7.17647)","(12, 4, 0, 12, 6.54545)",8,12,1,1
235556m,233555m,ツモ3m / 打6m,"(8, 2, 3, 12, 7.17647)","(12, 4, 0, 12, 6.90909)",8,12,1,1
235556m,355567m,ツモ7m / 打2m,"(8, 2, 3, 12, 7.17647)","(11, 4, 2, 16, 6.75)",8,11,1,1
235557m,223555m,ツモ2m / 打7m,"(8, 2, 3, 12, 7.05263)","(12, 4, 0, 12, 6.54545)",8,12,1,1
235557m,233555m,ツモ3m / 打7m,"(8, 2, 3, 12, 7.05263)","(12, 4, 0, 12, 6.90909)",8,12,1,1
235557m,355567m,ツモ6m / 打2m,"(8, 2, 3, 12, 7.05263)","(11, 4, 2, 16, 6.75)",8,11,1,1
235558m,223555m,ツモ2m / 打8m,"(8, 2, 2, 12, 6.35294)","(12, 4, 0, 12, 6.54545)",8,12,1,1
235558m,233555m,ツモ3m / 打8m,"(8, 2, 2, 12, 6.35294)","(12, 4, 0, 12, 6.90909)",8,12,1,1
235559m,223555m,ツモ2m / 打9m,"(8, 2, 2, 12, 6.13333)","(12, 4, 0, 12, 6.54545)",8,12,1,1
235559m,233555m,ツモ3m / 打9m,"(8, 2, 2, 12, 6.13333)","(12, 4, 0, 12, 6.90909)",8,12,1,1
235567m,223567m,ツモ2m / 打5m,"(8, 2, 3, 12, 7.47368)","(12, 4, 0, 12, 7)",8,12,1,1
235567m,233567m,ツモ3m / 打5m,"(8, 2, 3, 12, 7.47368)","(12, 4, 0, 12, 7.66667)",8,12,1,1
235567m,355567m,ツモ5m / 打2m,"(8, 2, 3, 12, 7.47368)","(11, 4, 2, 16, 6.75)",8,11,1,1
235666m,223666m,ツモ2m / 打5m,"(8, 2, 2, 12, 7.17647)","(12, 4, 0, 12, 6.54545)",8,12,1,1
235666m,233666m,ツモ3m / 打5m,"(8, 2, 2, 12, 7.17647)","(12, 4, 0, 12, 6.90909)",8,12,1,1
235667m,223567m,ツモ2m / 打6m,"(8, 2, 2, 12, 7.36842)","(12, 4, 0, 12, 7)",8,12,1,1
235667m,233567m,ツモ3m / 打6m,"(8, 2, 2, 12, 7.36842)","(12, 4, 0, 12, 7.66667)",8,12,1,1
235677m,223567m,ツモ2m / 打7m,"(8, 2, 3, 12, 7.2381)","(12, 4, 0, 12, 7)",8,12,1,1
235677m,233567m,ツモ3m / 打7m,"(8, 2, 3, 12, 7.2381)","(12, 4, 0, 12, 7.66667)",8,12,1,1
235677m,356778m,ツモ8m / 打2m,"(8, 2, 3, 12, 7.2381)","(11, 3, 1, 14, 7.14286)",8,11,1,1
235678m,223678m,ツモ2m / 打5m,"(8, 2, 5, 12, 8.08)","(12, 4, 0, 12, 7.38462)",8,12,1,1
235678m,233678m,ツモ3m / 打5m,"(8, 2, 5, 12, 8.08)","(12, 4, 0, 12, 7.69231)",8,12,1,1
235678m,356778m,ツモ7m / 打2m,"(8, 2, 5, 12, 8.08)","(11, 3, 1, 14, 7.14286)",8,11,1,1
235679m,223567m,ツモ2m / 打9m,"(8, 2, 2, 12, 6.70588)","(12, 4, 0, 12, 7)",8,12,1,1
235679m,233567m,ツモ3m / 打9m,"(8, 2, 2, 12, 6.70588)","(12, 4, 0, 12, 7.66667)",8,12,1,1
235777m,223777m,ツモ2m / 打5m,"(8, 2, 2, 12, 7.17647)","(12, 4, 0, 12, 6.54545)",8,12,1,1
235777m,233777m,ツモ3m / 打5m,"(8, 2, 2, 12, 7.17647)","(12, 4, 0, 12, 6.90909)",8,12,1,1
235789m,223789m,ツモ2m / 打5m,"(8, 2, 2, 12, 7.22222)","(12, 4, 0, 12, 7)",8,12,1,1
235789m,233789m,ツモ3m / 打5m,"(8, 2, 2, 12, 7.22222)","(12, 4, 0, 12, 7.33333)",8,12,1,1
235888m,223888m,ツモ2m / 打5m,"(8, 2, 2, 12, 7.25)","(12, 4, 0, 12, 6.54545)",8,12,1,1
235888m,233888m,ツモ3m / 打5m,"(8, 2, 2, 12, 7.25)","(12, 4, 0, 12, 6.90909)",8,12,1,1
235999m,223999m,ツモ2m / 打5m,"(8, 2, 2, 12, 7.25)","(12, 4, 0, 12, 6.54545)",8,12,1,1
235999m,233999m,ツモ3m / 打5m,"(8, 2, 2, 12, 7.25)","(12, 4, 0, 12, 6.90909)",8,12,1,1
236666m,223666m,ツモ2m / 打6m,"(8, 2, 2, 12, 7.42857)","(12, 4, 0, 12, 6.54545)",8,12,1,1
236666m,233666m,ツモ3m / 打6m,"(8, 2, 2, 12, 7.42857)","(12, 4, 0, 12, 6.90909)",8,12,1,1
236667m,223666m,ツモ2m / 打7m,"(8, 2, 2, 12, 6.8)","(12, 4, 0, 12, 6.54545)",8,12,1,1
236667m,233666m,ツモ3m / 打7m,"(8, 2, 2, 12, 6.8)","(12, 4, 0, 12, 6.90909)",8,12,1,1
236668m,223666m,ツモ2m / 打8m,"(8, 2, 2, 12, 6.33333)","(12, 4, 0, 12, 6.54545)",8,12,1,1
236668m,233666m,ツモ3m / 打8m,"(8, 2, 2, 12, 6.33333)","(12, 4, 0, 12, 6.90909)",8,12,1,1
236669m,223666m,ツモ2m / 打9m,"(8, 2, 2, 12, 6.13333)","(12, 4, 0, 12, 6.54545)",8,12,1,1
236669m,233666m,ツモ3m / 打9m,"(8, 2, 2, 12, 6.13333)","(12, 4, 0, 12, 6.90909)",8,12,1,1
236678m,223678m,ツモ2m / 打6m,"(8, 2, 2, 12, 6.85714)","(12, 4, 0, 12, 7.38462)",8,12,1,1
236678m,233678m,ツモ3m / 打6m,"(8, 2, 2, 12, 6.85714)","(12, 4, 0, 12, 7.69231)",8,12,1,1
236777m,223777m,ツモ2m / 打6m,"(8, 2, 2, 12, 6.88889)","(12, 4, 0, 12, 6.54545)",8,12,1,1
236777m,233777m,ツモ3m / 打6m,"(8, 2, 2, 12, 6.88889)","(12, 4, 0, 12, 6.90909)",8,12,1,1
236778m,223678m,ツモ2m / 打7m,"(8, 2, 3, 12, 7.36364)","(12, 4, 0, 12, 7.38462)",8,12,1,1
236778m,233678m,ツモ3m / 打7m,"(8, 2, 3, 12, 7.36364)","(12, 4, 0, 12, 7.69231)",8,12,1,1
236778m,356778m,ツモ5m / 打2m,"(8, 2, 3, 12, 7.36364)","(11, 3, 1, 14, 7.14286)",8,11,1,1
236788m,223678m,ツモ2m / 打8m,"(8, 2, 2, 12, 6.66667)","(12, 4, 0, 12, 7.38462)",8,12,1,1
236788m,233678m,ツモ3m / 打8m,"(8, 2, 2, 12, 6.66667)","(12, 4, 0, 12, 7.69231)",8,12,1,1
236789m,223678m,ツモ2m / 打9m,"(8, 2, 4, 12, 7.12)","(12, 4, 0, 12, 7.38462)",8,12,1,1
236789m,233678m,ツモ3m / 打9m,"(8, 2, 4, 12, 7.12)","(12, 4, 0, 12, 7.69231)",8,12,1,1
236888m,223888m,ツモ2m / 打6m,"(8, 2, 2, 12, 6.94118)","(12, 4, 0, 12, 6.54545)",8,12,1,1
236888m,233888m,ツモ3m / 打6m,"(8, 2, 2, 12, 6.94118)","(12, 4, 0, 12, 6.90909)",8,12,1,1
236999m,223999m,ツモ2m / 打6m,"(8, 2, 2, 12, 7)","(12, 4, 0, 12, 6.54545)",8,12,1,1
236999m,233999m,ツモ3m / 打6m,"(8, 2, 2, 12, 7)","(12, 4, 0, 12, 6.90909)",8,12,1,1
237777m,223777m,ツモ2m / 打7m,"(8, 2, 2, 12, 7.25)","(12, 4, 0, 12, 6.54545)",8,12,1,1
237777m,233777m,ツモ3m / 打7m,"(8, 2, 2, 12, 7.25)","(12, 4, 0, 12, 6.90909)",8,12,1,1
237778m,223777m,ツモ2m / 打8m,"(8, 2, 2, 12, 6.31579)","(12, 4, 0, 12, 6.54545)",8,12,1,1
237778m,233777m,ツモ3m / 打8m,"(8, 2, 2, 12, 6.31579)","(12, 4, 0, 12, 6.90909)",8,12,1,1
237779m,223777m,ツモ2m / 打9m,"(8, 2, 2, 12, 6.125)","(12, 4, 0, 12, 6.54545)",8,12,1,1
237779m,233777m,ツモ3m / 打9m,"(8, 2, 2, 12, 6.125)","(12, 4, 0, 12, 6.90909)",8,12,1,1
237789m,223789m,ツモ2m / 打7m,"(8, 2, 2, 12, 6.66667)","(12, 4, 0, 12, 7)",8,12,1,1
237789m,233789m,ツモ3m / 打7m,"(8, 2, 2, 12, 6.66667)","(12, 4, 0, 12, 7.33333)",8,12,1,1
237888m,223888m,ツモ2m / 打7m,"(8, 2, 2, 12, 6.8)","(12, 4, 0, 12, 6.54545)",8,12,1,1
237888m,233888m,ツモ3m / 打7m,"(8, 2, 2, 12, 6.8)","(12, 4, 0, 12, 6.90909)",8,12,1,1
237889m,223789m,ツモ2m / 打8m,"(8, 2, 2, 12, 6.2)","(12, 4, 0, 12, 7)",8,12,1,1
237889m,233789m,ツモ3m / 打8m,"(8, 2, 2, 12, 6.2)","(12, 4, 0, 12, 7.33333)",8,12,1,1
237899m,223789m,ツモ2m / 打9m,"(8, 2, 2, 12, 6.21053)","(12, 4, 0, 12, 7)",8,12,1,1
237899m,233789m,ツモ3m / 打9m,"(8, 2, 2, 12, 6.21053)","(12, 4, 0, 12, 7.33333)",8,12,1,1
237999m,223999m,ツモ2m / 打7m,"(8, 2, 2, 12, 6.84211)","(12, 4, 0, 12, 6.54545)",8,12,1,1
237999m,233999m,ツモ3m / 打7m,"(8, 2, 2, 12, 6.84211)","(12, 4, 0, 12, 6.90909)",8,12,1,1
238888m,223888m,ツモ2m / 打8m,"(8, 2, 2, 12, 6.66667)","(12, 4, 0, 12, 6.54545)",8,12,1,1
238888m,233888m,ツモ3m / 打8m,"(8, 2, 2, 12, 6.66667)","(12, 4, 0, 12, 6.90909)",8,12,1,1
238889m,223888m,ツモ2m / 打9m,"(8, 2, 2, 12, 6.125)","(12, 4, 0, 12, 6.54545)",8,12,1,1
238889m,233888m,ツモ3m / 打9m,"(8, 2, 2, 12, 6.125)","(12, 4, 0, 12, 6.90909)",8,12,1,1
238999m,223999m,ツモ2m / 打8m,"(8, 2, 2, 12, 6.33333)","(12, 4, 0, 12, 6.54545)",8,12,1,1
238999m,233999m,ツモ3m / 打8m,"(8, 2, 2, 12, 6.33333)","(12, 4, 0, 12, 6.90909)",8,12,1,1
239999m,223999m,ツモ2m / 打9m,"(8, 2, 2, 12, 6.46154)","(12, 4, 0, 12, 6.54545)",8,12,1,1
239999m,233999m,ツモ3m / 打9m,"(8, 2, 2, 12, 6.46154)","(12, 4, 0, 12, 6.90909)",8,12,1,1
244445m,444455m,ツモ5m / 打2m,"(8, 2, 1, 12, 6)","(12, 4, 0, 8, 6.4)",8,12,1,1
244446m,244467m,ツモ7m / 打4m,"(8, 2, 0, 8, 5.33333)","(8, 2, 3, 12, 6.77778)",8,8,0,1
244447m,224444m,ツモ2m / 打7m,"(4, 1, 8, 8, 5.77778)","(8, 3, 0, 8, 5)",4,8,0,0
244447m,244467m,ツモ6m / 打4m,"(4, 1, 8, 8, 5.77778)","(8, 2, 3, 12, 6.77778)",4,8,0,1
244447m,444457m,ツモ5m / 打2m,"(4, 1, 8, 8, 5.77778)","(8, 2, 1, 12, 6.93333)",4,8,0,1
244447m,444478m,ツモ8m / 打2m,"(4, 1, 8, 8, 5.77778)","(8, 2, 2, 12, 7.42857)",4,8,0,1
244448m,224444m,ツモ2m / 打8m,"(4, 1, 7, 8, 5.64706)","(8, 3, 0, 8, 5)",4,8,0,0
244448m,444458m,ツモ5m / 打2m,"(4, 1, 7, 8, 5.64706)","(8, 2, 1, 12, 6.46154)",4,8,0,1
244448m,444468m,ツモ6m / 打2m,"(4, 1, 7, 8, 5.64706)","(8, 2, 0, 8, 5.6)",4,8,0,0
244448m,444478m,ツモ7m / 打2m,"(4, 1, 7, 8, 5.64706)","(8, 2, 2, 12, 7.42857)",4,8,0,1
244449m,224444m,ツモ2m / 打9m,"(4, 1, 4, 8, 5)","(8, 3, 0, 8, 5)",4,8,0,0
244449m,244446m,ツモ6m / 打9m,"(4, 1, 4, 8, 5)","(8, 2, 0, 8, 5.33333)",4,8,0,0
244449m,444459m,ツモ5m / 打2m,"(4, 1, 4, 8, 5)","(8, 2, 1, 12, 6.15385)",4,8,0,1
244455m,234445m,ツモ3m / 打5m,"(4, 2, 9, 16, 8.2)","(14, 5, 0, 12, 7.0625)",4,14,0,1
244455m,444455m,ツモ4m / 打2m,"(4, 2, 9, 16, 8.2)","(12, 4, 0, 8, 6.4)",4,12,0,1
244455m,444556m,ツモ6m / 打2m,"(4, 2, 9, 16, 8.2)","(16, 6, 0, 11, 6.33333)",4,16,0,1
244455m,444557m,ツモ7m / 打2m,"(4, 2, 9, 16, 8.2)","(8, 3, 2, 12, 6.71429)",4,8,0,0
244456m,444556m,ツモ5m / 打2m,"(11, 4, 2, 16, 6.16667)","(16, 6, 0, 11, 6.33333)",11,16,1,1
244456m,444566m,ツモ6m / 打2m,"(11, 4, 2, 16, 6.16667)","(12, 5, 1, 14, 6.73333)",11,12,1,1
244457m,234445m,ツモ3m / 打7m,"(4, 1, 11, 14, 6.35)","(14, 5, 0, 12, 7.0625)",4,14,0,1
244457m,444457m,ツモ4m / 打2m,"(4, 1, 11, 14, 6.35)","(8, 2, 1, 12, 6.93333)",4,8,0,1
244457m,444557m,ツモ5m / 打2m,"(4, 1, 11, 14, 6.35)","(8, 3, 2, 12, 6.71429)",4,8,0,0
244457m,444577m,ツモ7m / 打2m,"(4, 1, 11, 14, 6.35)","(8, 3, 1, 12, 6.21429)",4,8,0,0
244457m,444578m,ツモ8m / 打2m,"(4, 1, 11, 14, 6.35)","(8, 2, 2, 12, 7.17647)",4,8,0,1
244457m,444579m,ツモ9m / 打2m,"(4, 1, 11, 14, 6.35)","(8, 2, 0, 8, 5.52941)",4,8,0,0
244466m,234446m,ツモ3m / 打6m,"(4, 2, 10, 12, 7.3125)","(11, 4, 2, 16, 6.89474)",4,11,0,1
244466m,444466m,ツモ4m / 打2m,"(4, 2, 10, 12, 7.3125)","(8, 3, 1, 12, 6.33333)",4,8,0,0
244466m,444566m,ツモ5m / 打2m,"(4, 2, 10, 12, 7.3125)","(12, 5, 1, 14, 6.73333)",4,12,0,1
244466m,444667m,ツモ7m / 打2m,"(4, 2, 10, 12, 7.3125)","(12, 4, 0, 12, 6.90909)",4,12,0,1
244466m,444668m,ツモ8m / 打2m,"(4, 2, 10, 12, 7.3125)","(8, 3, 1, 12, 5.85714)",4,8,0,0
244467m,234446m,ツモ3m / 打7m,"(8, 2, 3, 12, 6.77778)","(11, 4, 2, 16, 6.89474)",8,11,1,1
244467m,444667m,ツモ6m / 打2m,"(8, 2, 3, 12, 6.77778)","(12, 4, 0, 12, 6.90909)",8,12,1,1
244467m,444677m,ツモ7m / 打2m,"(8, 2, 3, 12, 6.77778)","(12, 4, 0, 12, 6.90909)",8,12,1,1
244468m,234446m,ツモ3m / 打8m,"(4, 1, 9, 11, 5.90476)","(11, 4, 2, 16, 6.89474)",4,11,0,1
244468m,244456m,ツモ5m / 打8m,"(4, 1, 9, 11, 5.90476)","(11, 4, 2, 16, 6.16667)",4,11,0,1
244468m,444468m,ツモ4m / 打2m,"(4, 1, 9, 11, 5.90476)","(8, 2, 0, 8, 5.6)",4,8,0,0
244468m,444668m,ツモ6m / 打2m,"(4, 1, 9, 11, 5.90476)","(8, 3, 1, 12, 5.85714)",4,8,0,0
244468m,444688m,ツモ8m / 打2m,"(4, 1, 9, 11, 5.90476)","(8, 3, 0, 8, 5.07143)",4,8,0,0
244477m,234447m,ツモ3m / 打7m,"(4, 2, 7, 12, 6.1875)","(7, 3, 10, 16, 7)",4,7,0,1
244477m,444577m,ツモ5m / 打2m,"(4, 2, 7, 12, 6.1875)","(8, 3, 1, 12, 6.21429)",4,8,0,0
244477m,444677m,ツモ6m / 打2m,"(4, 2, 7, 12, 6.1875)","(12, 4, 0, 12, 6.90909)",4,12,0,1
244477m,444778m,ツモ8m / 打2m,"(4, 2, 7, 12, 6.1875)","(12, 4, 0, 12, 6.90909)",4,12,0,1
244477m,444779m,ツモ9m / 打2m,"(4, 2, 7, 12, 6.1875)","(8, 3, 1, 12, 5.84615)",4,8,0,0
244478m,444778m,ツモ7m / 打2m,"(8, 2, 2, 12, 6.33333)","(12, 4, 0, 12, 6.90909)",8,12,1,1
244478m,444788m,ツモ8m / 打2m,"(8, 2, 2, 12, 6.33333)","(12, 4, 0, 12, 6.54545)",8,12,1,1
244479m,234447m,ツモ3m / 打9m,"(4, 1, 7, 8, 5.3)","(7, 3, 10, 16, 7)",4,7,0,1
244479m,244467m,ツモ6m / 打9m,"(4, 1, 7, 8, 5.3)","(8, 2, 3, 12, 6.77778)",4,8,0,1
244479m,444579m,ツモ5m / 打2m,"(4, 1, 7, 8, 5.3)","(8, 2, 0, 8, 5.52941)",4,8,0,0
244479m,444779m,ツモ7m / 打2m,"(4, 1, 7, 8, 5.3)","(8, 3, 1, 12, 5.84615)",4,8,0,0
244479m,444799m,ツモ9m / 打2m,"(4, 1, 7, 8, 5.3)","(8, 3, 0, 8, 4.92308)",4,8,0,0
244488m,234448m,ツモ3m / 打8m,"(4, 2, 5, 12, 5.53333)","(7, 3, 8, 16, 6.625)",4,7,0,1
244488m,444688m,ツモ6m / 打2m,"(4, 2, 5, 12, 5.53333)","(8, 3, 0, 8, 5.07143)",4,8,0,0
244488m,444788m,ツモ7m / 打2m,"(4, 2, 5, 12, 5.53333)","(12, 4, 0, 12, 6.54545)",4,12,0,1
244488m,444889m,ツモ9m / 打2m,"(4, 2, 5, 12, 5.53333)","(8, 3, 0, 8, 4.61538)",4,8,0,0
244489m,234448m,ツモ3m / 打9m,"(4, 1, 4, 8, 4.73684)","(7, 3, 8, 16, 6.625)",4,7,0,1
244489m,444889m,ツモ8m / 打2m,"(4, 1, 4, 8, 4.73684)","(8, 3, 0, 8, 4.61538)",4,8,0,0
244489m,444899m,ツモ9m / 打2m,"(4, 1, 4, 8, 4.73684)","(8, 3, 0, 8, 4.30769)",4,8,0,0
244499m,234449m,ツモ3m / 打9m,"(4, 2, 3, 8, 4.78571)","(7, 3, 4, 16, 6.13636)",4,7,0,1
244499m,444799m,ツモ7m / 打2m,"(4, 2, 3, 8, 4.78571)","(8, 3, 0, 8, 4.92308)",4,8,0,0
244499m,444899m,ツモ8m / 打2m,"(4, 2, 3, 8, 4.78571)","(8, 3, 0, 8, 4.30769)",4,8,0,0
244555m,445555m,ツモ5m / 打2m,"(8, 3, 2, 12, 6.14286)","(12, 4, 0, 8, 6.4)",8,12,0,1
244555m,445556m,ツモ6m / 打2m,"(8, 3, 2, 12, 6.14286)","(12, 5, 1, 14, 6.46667)",8,12,0,1
244556m,224456m,ツモ2m / 打5m,"(7, 2, 7, 16, 7.38889)","(8, 3, 1, 11, 5.66667)",7,8,1,0
244556m,444556m,ツモ4m / 打2m,"(7, 2, 7, 16, 7.38889)","(16, 6, 0, 11, 6.33333)",7,16,1,1
244556m,445556m,ツモ5m / 打2m,"(7, 2, 7, 16, 7.38889)","(12, 5, 1, 14, 6.46667)",7,12,1,1
244556m,445567m,ツモ7m / 打2m,"(7, 2, 7, 16, 7.38889)","(11, 4, 4, 15, 8.82353)",7,11,1,1
244566m,224456m,ツモ2m / 打6m,"(7, 2, 8, 12, 6.78947)","(8, 3, 1, 11, 5.66667)",7,8,0,0
244566m,444566m,ツモ4m / 打2m,"(7, 2, 8, 12, 6.78947)","(12, 5, 1, 14, 6.73333)",7,12,0,1
244566m,445666m,ツモ6m / 打2m,"(7, 2, 8, 12, 6.78947)","(12, 5, 1, 14, 6.73333)",7,12,0,1
244566m,445667m,ツモ7m / 打2m,"(7, 2, 8, 12, 6.78947)","(11, 4, 4, 15, 8.58824)",7,11,0,1
244567m,445567m,ツモ5m / 打2m,"(8, 3, 5, 15, 7.7)","(11, 4, 4, 15, 8.82353)",8,11,0,1
244567m,445667m,ツモ6m / 打2m,"(8, 3, 5, 15, 7.7)","(11, 4, 4, 15, 8.58824)",8,11,0,1
244567m,445678m,ツモ8m / 打2m,"(8, 3, 5, 15, 7.7)","(15, 5, 0, 15, 8.1875)",8,15,0,1
244568m,224456m,ツモ2m / 打8m,"(4, 1, 11, 15, 6.47619)","(8, 3, 1, 11, 5.66667)",4,8,0,0
244568m,244456m,ツモ4m / 打8m,"(4, 1, 11, 15, 6.47619)","(11, 4, 2, 16, 6.16667)",4,11,0,1
244568m,244556m,ツモ5m / 打8m,"(4, 1, 11, 15, 6.47619)","(7, 2, 7, 16, 7.38889)",4,7,0,1
244568m,244566m,ツモ6m / 打8m,"(4, 1, 11, 15, 6.47619)","(7, 2, 8, 12, 6.78947)",4,7,0,0
244568m,445668m,ツモ6m / 打2m,"(4, 1, 11, 15, 6.47619)","(7, 2, 8, 12, 6.78947)",4,7,0,0
244568m,445678m,ツモ7m / 打2m,"(4, 1, 11, 15, 6.47619)","(15, 5, 0, 15, 8.1875)",4,15,0,1
244569m,224456m,ツモ2m / 打9m,"(4, 1, 9, 11, 5.88889)","(8, 3, 1, 11, 5.66667)",4,8,0,0
244569m,244456m,ツモ4m / 打9m,"(4, 1, 9, 11, 5.88889)","(11, 4, 2, 16, 6.16667)",4,11,0,1
244569m,244556m,ツモ5m / 打9m,"(4, 1, 9, 11, 5.88889)","(7, 2, 7, 16, 7.38889)",4,7,0,1
244569m,244566m,ツモ6m / 打9m,"(4, 1, 9, 11, 5.88889)","(7, 2, 8, 12, 6.78947)",4,7,0,0
244569m,244567m,ツモ7m / 打9m,"(4, 1, 9, 11, 5.88889)","(8, 3, 5, 15, 7.7)",4,8,0,0
244666m,445666m,ツモ5m / 打2m,"(8, 3, 1, 12, 5.85714)","(12, 5, 1, 14, 6.73333)",8,12,0,1
244678m,445678m,ツモ5m / 打2m,"(8, 3, 2, 15, 6.875)","(15, 5, 0, 15, 8.1875)",8,15,0,1
244777m,445777m,ツモ5m / 打2m,"(8, 3, 1, 12, 5.84615)","(12, 4, 0, 12, 6.90909)",8,12,0,1
244789m,445789m,ツモ5m / 打2m,"(8, 3, 1, 12, 6)","(12, 4, 0, 12, 6.90909)",8,12,0,1
244888m,445888m,ツモ5m / 打2m,"(8, 3, 1, 12, 5.84615)","(12, 4, 0, 12, 6.90909)",8,12,0,1
244999m,445999m,ツモ5m / 打2m,"(8, 3, 1, 12, 5.84615)","(12, 4, 0, 12, 6.90909)",8,12,0,1
245555m,445555m,ツモ4m / 打2m,"(8, 2, 1, 12, 6.28571)","(12, 4, 0, 8, 6.4)",8,12,1,1
245556m,224555m,ツモ2m / 打6m,"(7, 3, 5, 14, 6.13636)","(8, 3, 0, 8, 5.07143)",7,8,0,0
245556m,445556m,ツモ4m / 打2m,"(7, 3, 5, 14, 6.13636)","(12, 5, 1, 14, 6.46667)",7,12,0,1
245556m,455566m,ツモ6m / 打2m,"(7, 3, 5, 14, 6.13636)","(12, 5, 1, 14, 6.46667)",7,12,0,1
245556m,455567m,ツモ7m / 打2m,"(7, 3, 5, 14, 6.13636)","(14, 5, 0, 12, 7.11765)",7,14,0,1
245557m,224555m,ツモ2m / 打7m,"(4, 1, 10, 14, 6.04762)","(8, 3, 0, 8, 5.07143)",4,8,0,0
245557m,244555m,ツモ4m / 打7m,"(4, 1, 10, 14, 6.04762)","(8, 3, 2, 12, 6.14286)",4,8,0,0
245557m,455557m,ツモ5m / 打2m,"(4, 1, 10, 14, 6.04762)","(8, 2, 1, 12, 6.66667)",4,8,0,1
245557m,455567m,ツモ6m / 打2m,"(4, 1, 10, 14, 6.04762)","(14, 5, 0, 12, 7.11765)",4,14,0,1
245557m,455578m,ツモ8m / 打2m,"(4, 1, 10, 14, 6.04762)","(8, 2, 3, 12, 7.17647)",4,8,0,1
245558m,224555m,ツモ2m / 打8m,"(4, 1, 8, 8, 5.57895)","(8, 3, 0, 8, 5.07143)",4,8,0,0
245558m,244555m,ツモ4m / 打8m,"(4, 1, 8, 8, 5.57895)","(8, 3, 2, 12, 6.14286)",4,8,0,0
245558m,245556m,ツモ6m / 打8m,"(4, 1, 8, 8, 5.57895)","(7, 3, 5, 14, 6.13636)",4,7,0,0
245558m,455558m,ツモ5m / 打2m,"(4, 1, 8, 8, 5.57895)","(8, 2, 1, 12, 6.46154)",4,8,0,1
245558m,455568m,ツモ6m / 打2m,"(4, 1, 8, 8, 5.57895)","(7, 3, 5, 14, 6.13636)",4,7,0,0
245558m,455578m,ツモ7m / 打2m,"(4, 1, 8, 8, 5.57895)","(8, 2, 3, 12, 7.17647)",4,8,0,1
245559m,224555m,ツモ2m / 打9m,"(4, 1, 5, 8, 5)","(8, 3, 0, 8, 5.07143)",4,8,0,0
245559m,244555m,ツモ4m / 打9m,"(4, 1, 5, 8, 5)","(8, 3, 2, 12, 6.14286)",4,8,0,0
245559m,245555m,ツモ5m / 打9m,"(4, 1, 5, 8, 5)","(8, 2, 1, 12, 6.28571)",4,8,0,1
245559m,245556m,ツモ6m / 打9m,"(4, 1, 5, 8, 5)","(7, 3, 5, 14, 6.13636)",4,7,0,0
245566m,234556m,ツモ3m / 打6m,"(7, 2, 5, 16, 7.76471)","(15, 5, 0, 15, 9.26667)",7,15,1,1
245566m,455566m,ツモ5m / 打2m,"(7, 2, 5, 16, 7.76471)","(12, 5, 1, 14, 6.46667)",7,12,1,1
245566m,455666m,ツモ6m / 打2m,"(7, 2, 5, 16, 7.76471)","(16, 6, 0, 11, 6.33333)",7,16,1,1
245567m,224567m,ツモ2m / 打5m,"(7, 2, 10, 15, 7.45455)","(8, 3, 2, 11, 6.25)",7,8,1,0
245567m,445567m,ツモ4m / 打2m,"(7, 2, 10, 15, 7.45455)","(11, 4, 4, 15, 8.82353)",7,11,1,1
245567m,455567m,ツモ5m / 打2m,"(7, 2, 10, 15, 7.45455)","(14, 5, 0, 12, 7.11765)",7,14,1,1
245567m,455677m,ツモ7m / 打2m,"(7, 2, 10, 15, 7.45455)","(11, 4, 4, 15, 8.58824)",7,11,1,1
245567m,455678m,ツモ8m / 打2m,"(7, 2, 10, 15, 7.45455)","(15, 5, 0, 15, 9.26667)",7,15,1,1
245567m,455679m,ツモ9m / 打2m,"(7, 2, 10, 15, 7.45455)","(11, 3, 1, 14, 7.17647)",7,11,1,1
245666m,224666m,ツモ2m / 打5m,"(7, 3, 7, 16, 6.86364)","(8, 3, 0, 8, 5.07143)",7,8,1,0
245666m,445666m,ツモ4m / 打2m,"(7, 3, 7, 16, 6.86364)","(12, 5, 1, 14, 6.73333)",7,12,1,1
245666m,455666m,ツモ5m / 打2m,"(7, 3, 7, 16, 6.86364)","(16, 6, 0, 11, 6.33333)",7,16,1,1
245666m,456667m,ツモ7m / 打2m,"(7, 3, 7, 16, 6.86364)","(14, 5, 0, 12, 7.11765)",7,14,1,1
245666m,456668m,ツモ8m / 打2m,"(7, 3, 7, 16, 6.86364)","(11, 4, 2, 16, 6.16667)",7,11,1,1
245667m,456667m,ツモ6m / 打2m,"(11, 3, 1, 14, 6.84211)","(14, 5, 0, 12, 7.11765)",11,14,1,1
245668m,234566m,ツモ3m / 打8m,"(4, 1, 11, 15, 6.47619)","(15, 5, 0, 15, 8.1875)",4,15,0,1
245668m,244566m,ツモ4m / 打8m,"(4, 1, 11, 15, 6.47619)","(7, 2, 8, 12, 6.78947)",4,7,0,0
245668m,445668m,ツモ4m / 打2m,"(4, 1, 11, 15, 6.47619)","(7, 2, 8, 12, 6.78947)",4,7,0,0
245668m,455668m,ツモ5m / 打2m,"(4, 1, 11, 15, 6.47619)","(7, 2, 7, 16, 7.38889)",4,7,0,1
245668m,456668m,ツモ6m / 打2m,"(4, 1, 11, 15, 6.47619)","(11, 4, 2, 16, 6.16667)",4,11,0,1
245668m,456688m,ツモ8m / 打2m,"(4, 1, 11, 15, 6.47619)","(8, 3, 1, 11, 5.66667)",4,8,0,0
245677m,455677m,ツモ5m / 打2m,"(8, 3, 5, 15, 7.25)","(11, 4, 4, 15, 8.58824)",8,11,0,1
245677m,456677m,ツモ6m / 打2m,"(8, 3, 5, 15, 7.25)","(11, 4, 4, 15, 8.82353)",8,11,0,1
245677m,456778m,ツモ8m / 打2m,"(8, 3, 5, 15, 7.25)","(15, 5, 0, 15, 9.1875)",8,15,0,1
245678m,445678m,ツモ4m / 打2m,"(11, 3, 4, 15, 7.20833)","(15, 5, 0, 15, 8.1875)",11,15,1,1
245678m,455678m,ツモ5m / 打2m,"(11, 3, 4, 15, 7.20833)","(15, 5, 0, 15, 9.26667)",11,15,1,1
245678m,456778m,ツモ7m / 打2m,"(11, 3, 4, 15, 7.20833)","(15, 5, 0, 15, 9.1875)",11,15,1,1
245678m,456788m,ツモ8m / 打2m,"(11, 3, 4, 15, 7.20833)","(15, 5, 0, 15, 7.6875)",11,15,1,1
245679m,245667m,ツモ6m / 打9m,"(8, 2, 2, 11, 6.2)","(11, 3, 1, 14, 6.84211)",8,11,0,1
245679m,455679m,ツモ5m / 打2m,"(8, 2, 2, 11, 6.2)","(11, 3, 1, 14, 7.17647)",8,11,0,1
245688m,234568m,ツモ3m / 打8m,"(4, 2, 7, 15, 6.27778)","(11, 3, 4, 15, 7.20833)",4,11,0,1
245688m,456688m,ツモ6m / 打2m,"(4, 2, 7, 15, 6.27778)","(8, 3, 1, 11, 5.66667)",4,8,0,0
245688m,456788m,ツモ7m / 打2m,"(4, 2, 7, 15, 6.27778)","(15, 5, 0, 15, 7.6875)",4,15,0,1
245688m,456889m,ツモ9m / 打2m,"(4, 2, 7, 15, 6.27778)","(8, 3, 0, 8, 5.14286)",4,8,0,0
245689m,234568m,ツモ3m / 打9m,"(4, 1, 4, 11, 5.1)","(11, 3, 4, 15, 7.20833)",4,11,0,1
245689m,456889m,ツモ8m / 打2m,"(4, 1, 4, 11, 5.1)","(8, 3, 0, 8, 5.14286)",4,8,0,0
245689m,456899m,ツモ9m / 打2m,"(4, 1, 4, 11, 5.1)","(8, 3, 0, 8, 4.57143)",4,8,0,0
245699m,234569m,ツモ3m / 打9m,"(4, 2, 4, 11, 5.1875)","(11, 3, 4, 15, 6.71429)",4,11,0,1
245699m,456799m,ツモ7m / 打2m,"(4, 2, 4, 11, 5.1875)","(8, 3, 2, 11, 5.85)",4,8,0,0
245699m,456899m,ツモ8m / 打2m,"(4, 2, 4, 11, 5.1875)","(8, 3, 0, 8, 4.57143)",4,8,0,0
245777m,445777m,ツモ4m / 打2m,"(8, 2, 2, 12, 6.5)","(12, 4, 0, 12, 6.90909)",8,12,1,1
245777m,455777m,ツモ5m / 打2m,"(8, 2, 2, 12, 6.5)","(12, 4, 0, 12, 6.90909)",8,12,1,1
245789m,445789m,ツモ4m / 打2m,"(8, 2, 2, 12, 6.5)","(12, 4, 0, 12, 6.90909)",8,12,1,1
245789m,455789m,ツモ5m / 打2m,"(8, 2, 2, 12, 6.5)","(12, 4, 0, 12, 6.90909)",8,12,1,1
245888m,445888m,ツモ4m / 打2m,"(8, 2, 2, 12, 6.5)","(12, 4, 0, 12, 6.90909)",8,12,1,1
245888m,455888m,ツモ5m / 打2m,"(8, 2, 2, 12, 6.5)","(12, 4, 0, 12, 6.90909)",8,12,1,1
245999m,445999m,ツモ4m / 打2m,"(8, 2, 2, 12, 6.5)","(12, 4, 0, 12, 6.90909)",8,12,1,1
245999m,455999m,ツモ5m / 打2m,"(8, 2, 2, 12, 6.5)","(12, 4, 0, 12, 6.90909)",8,12,1,1
246666m,466667m,ツモ7m / 打2m,"(8, 2, 0, 8, 5.6)","(8, 2, 1, 12, 6.66667)",8,8,0,1
246667m,224666m,ツモ2m / 打7m,"(4, 1, 11, 14, 6.40909)","(8, 3, 0, 8, 5.07143)",4,8,0,0
246667m,244666m,ツモ4m / 打7m,"(4, 1, 11, 14, 6.40909)","(8, 3, 1, 12, 5.85714)",4,8,0,0
246667m,456667m,ツモ5m / 打2m,"(4, 1, 11, 14, 6.40909)","(14, 5, 0, 12, 7.11765)",4,14,0,1
246667m,466667m,ツモ6m / 打2m,"(4, 1, 11, 14, 6.40909)","(8, 2, 1, 12, 6.66667)",4,8,0,1
246667m,466678m,ツモ8m / 打2m,"(4, 1, 11, 14, 6.40909)","(11, 4, 2, 16, 6.89474)",4,11,0,1
246668m,224666m,ツモ2m / 打8m,"(4, 1, 9, 11, 5.90476)","(8, 3, 0, 8, 5.07143)",4,8,0,0
246668m,244666m,ツモ4m / 打8m,"(4, 1, 9, 11, 5.90476)","(8, 3, 1, 12, 5.85714)",4,8,0,0
246668m,246666m,ツモ6m / 打8m,"(4, 1, 9, 11, 5.90476)","(8, 2, 0, 8, 5.6)",4,8,0,0
246668m,456668m,ツモ5m / 打2m,"(4, 1, 9, 11, 5.90476)","(11, 4, 2, 16, 6.16667)",4,11,0,1
246668m,466678m,ツモ7m / 打2m,"(4, 1, 9, 11, 5.90476)","(11, 4, 2, 16, 6.89474)",4,11,0,1
246669m,224666m,ツモ2m / 打9m,"(4, 1, 5, 8, 5)","(8, 3, 0, 8, 5.07143)",4,8,0,0
246669m,244666m,ツモ4m / 打9m,"(4, 1, 5, 8, 5)","(8, 3, 1, 12, 5.85714)",4,8,0,0
246669m,245666m,ツモ5m / 打9m,"(4, 1, 5, 8, 5)","(7, 3, 7, 16, 6.86364)",4,7,0,1
246669m,246666m,ツモ6m / 打9m,"(4, 1, 5, 8, 5)","(8, 2, 0, 8, 5.6)",4,8,0,0
246678m,466678m,ツモ6m / 打2m,"(8, 2, 1, 11, 5.9)","(11, 4, 2, 16, 6.89474)",8,11,0,1
246777m,467777m,ツモ7m / 打2m,"(8, 2, 0, 8, 5.44444)","(8, 2, 1, 12, 6.93333)",8,8,0,1
246778m,224678m,ツモ2m / 打7m,"(4, 1, 16, 15, 6.70833)","(8, 3, 1, 11, 5.9375)",4,8,0,0
246778m,244678m,ツモ4m / 打7m,"(4, 1, 16, 15, 6.70833)","(8, 3, 2, 15, 6.875)",4,8,0,0
246778m,246678m,ツモ6m / 打7m,"(4, 1, 16, 15, 6.70833)","(8, 2, 1, 11, 5.9)",4,8,0,0
246778m,246777m,ツモ7m / 打8m,"(4, 1, 16, 15, 6.70833)","(8, 2, 0, 8, 5.44444)",4,8,0,0
246778m,246789m,ツモ9m / 打7m,"(4, 1, 16, 15, 6.70833)","(8, 2, 0, 8, 5.66667)",4,8,0,0
246778m,456778m,ツモ5m / 打2m,"(4, 1, 16, 15, 6.70833)","(15, 5, 0, 15, 9.1875)",4,15,0,1
246778m,467788m,ツモ8m / 打2m,"(4, 1, 16, 15, 6.70833)","(7, 2, 7, 16, 8)",4,7,0,1
246788m,224678m,ツモ2m / 打8m,"(4, 1, 13, 15, 6.25)","(8, 3, 1, 11, 5.9375)",4,8,0,0
246788m,244678m,ツモ4m / 打8m,"(4, 1, 13, 15, 6.25)","(8, 3, 2, 15, 6.875)",4,8,0,0
246788m,246678m,ツモ6m / 打8m,"(4, 1, 13, 15, 6.25)","(8, 2, 1, 11, 5.9)",4,8,0,0
246788m,246789m,ツモ9m / 打8m,"(4, 1, 13, 15, 6.25)","(8, 2, 0, 8, 5.66667)",4,8,0,0
246788m,246888m,ツモ8m / 打7m,"(4, 1, 13, 15, 6.25)","(8, 2, 0, 8, 5.44444)",4,8,0,0
246788m,456788m,ツモ5m / 打2m,"(4, 1, 13, 15, 6.25)","(15, 5, 0, 15, 7.6875)",4,15,0,1
246788m,467788m,ツモ7m / 打2m,"(4, 1, 13, 15, 6.25)","(7, 2, 7, 16, 8)",4,7,0,1
246999m,467999m,ツモ7m / 打2m,"(8, 2, 0, 8, 5.64706)","(8, 2, 2, 12, 7.05882)",8,8,0,1
247777m,224777m,ツモ2m / 打7m,"(4, 1, 9, 8, 6)","(8, 3, 0, 8, 5.23077)",4,8,0,0
247777m,244777m,ツモ4m / 打7m,"(4, 1, 9, 8, 6)","(8, 3, 1, 12, 5.84615)",4,8,0,0
247777m,457777m,ツモ5m / 打2m,"(4, 1, 9, 8, 6)","(8, 2, 2, 12, 7.2)",4,8,0,1
247777m,467777m,ツモ6m / 打2m,"(4, 1, 9, 8, 6)","(8, 2, 1, 12, 6.93333)",4,8,0,1
247777m,477778m,ツモ8m / 打2m,"(4, 1, 9, 8, 6)","(8, 2, 1, 12, 6.85714)",4,8,0,1
247778m,224777m,ツモ2m / 打8m,"(4, 1, 8, 8, 5.33333)","(8, 3, 0, 8, 5.23077)",4,8,0,0
247778m,244777m,ツモ4m / 打8m,"(4, 1, 8, 8, 5.33333)","(8, 3, 1, 12, 5.84615)",4,8,0,0
247778m,246777m,ツモ6m / 打8m,"(4, 1, 8, 8, 5.33333)","(8, 2, 0, 8, 5.44444)",4,8,0,0
247778m,457778m,ツモ5m / 打2m,"(4, 1, 8, 8, 5.33333)","(8, 2, 2, 12, 6.875)",4,8,0,1
247778m,477778m,ツモ7m / 打2m,"(4, 1, 8, 8, 5.33333)","(8, 2, 1, 12, 6.85714)",4,8,0,1
247779m,224777m,ツモ2m / 打9m,"(4, 1, 5, 8, 4.94737)","(8, 3, 0, 8, 5.23077)",4,8,0,0
247779m,244777m,ツモ4m / 打9m,"(4, 1, 5, 8, 4.94737)","(8, 3, 1, 12, 5.84615)",4,8,0,0
247779m,246777m,ツモ6m / 打9m,"(4, 1, 5, 8, 4.94737)","(8, 2, 0, 8, 5.44444)",4,8,0,0
247779m,457779m,ツモ5m / 打2m,"(4, 1, 5, 8, 4.94737)","(8, 2, 2, 12, 6.625)",4,8,0,1
247789m,224789m,ツモ2m / 打7m,"(4, 1, 9, 8, 5.21739)","(8, 3, 0, 8, 5.42857)",4,8,0,0
247789m,244789m,ツモ4m / 打7m,"(4, 1, 9, 8, 5.21739)","(8, 3, 1, 12, 6)",4,8,0,0
247789m,246789m,ツモ6m / 打7m,"(4, 1, 9, 8, 5.21739)","(8, 2, 0, 8, 5.66667)",4,8,0,0
247789m,457789m,ツモ5m / 打2m,"(4, 1, 9, 8, 5.21739)","(8, 2, 2, 12, 6.84211)",4,8,0,1
247789m,477889m,ツモ8m / 打2m,"(4, 1, 9, 8, 5.21739)","(7, 2, 6, 12, 6.33333)",4,7,0,1
247888m,224888m,ツモ2m / 打7m,"(4, 1, 9, 8, 5.45455)","(8, 3, 0, 8, 5.23077)",4,8,0,0
247888m,244888m,ツモ4m / 打7m,"(4, 1, 9, 8, 5.45455)","(8, 3, 1, 12, 5.84615)",4,8,0,0
247888m,246888m,ツモ6m / 打7m,"(4, 1, 9, 8, 5.45455)","(8, 2, 0, 8, 5.44444)",4,8,0,0
247888m,457888m,ツモ5m / 打2m,"(4, 1, 9, 8, 5.45455)","(8, 2, 2, 12, 7)",4,8,0,1
247888m,478888m,ツモ8m / 打2m,"(4, 1, 9, 8, 5.45455)","(8, 2, 1, 12, 6.85714)",4,8,0,1
247889m,224789m,ツモ2m / 打8m,"(4, 1, 8, 8, 5.09091)","(8, 3, 0, 8, 5.42857)",4,8,0,0
247889m,244789m,ツモ4m / 打8m,"(4, 1, 8, 8, 5.09091)","(8, 3, 1, 12, 6)",4,8,0,0
247889m,246789m,ツモ6m / 打8m,"(4, 1, 8, 8, 5.09091)","(8, 2, 0, 8, 5.66667)",4,8,0,0
247889m,457889m,ツモ5m / 打2m,"(4, 1, 8, 8, 5.09091)","(8, 2, 2, 12, 6.70588)",4,8,0,1
247889m,477889m,ツモ7m / 打2m,"(4, 1, 8, 8, 5.09091)","(7, 2, 6, 12, 6.33333)",4,7,0,1
247899m,224789m,ツモ2m / 打9m,"(4, 1, 8, 8, 5.2381)","(8, 3, 0, 8, 5.42857)",4,8,0,0
247899m,244789m,ツモ4m / 打9m,"(4, 1, 8, 8, 5.2381)","(8, 3, 1, 12, 6)",4,8,0,0
247899m,457899m,ツモ5m / 打2m,"(4, 1, 8, 8, 5.2381)","(8, 2, 2, 12, 6.70588)",4,8,0,1
247899m,467899m,ツモ6m / 打2m,"(4, 1, 8, 8, 5.2381)","(8, 3, 1, 11, 6)",4,8,0,0
247899m,478999m,ツモ9m / 打2m,"(4, 1, 8, 8, 5.2381)","(7, 3, 8, 12, 6.27273)",4,7,0,1
247999m,224999m,ツモ2m / 打7m,"(4, 1, 9, 8, 5.61905)","(8, 3, 0, 8, 5.23077)",4,8,0,0
247999m,244999m,ツモ4m / 打7m,"(4, 1, 9, 8, 5.61905)","(8, 3, 1, 12, 5.84615)",4,8,0,0
247999m,457999m,ツモ5m / 打2m,"(4, 1, 9, 8, 5.61905)","(8, 2, 2, 12, 7)",4,8,0,1
247999m,467999m,ツモ6m / 打2m,"(4, 1, 9, 8, 5.61905)","(8, 2, 2, 12, 7.05882)",4,8,0,1
247999m,478999m,ツモ8m / 打2m,"(4, 1, 9, 8, 5.61905)","(7, 3, 8, 12, 6.27273)",4,7,0,1
248888m,224888m,ツモ2m / 打8m,"(4, 1, 8, 8, 5.88235)","(8, 3, 0, 8, 5.23077)",4,8,0,0
248888m,244888m,ツモ4m / 打8m,"(4, 1, 8, 8, 5.88235)","(8, 3, 1, 12, 5.84615)",4,8,0,0
248888m,458888m,ツモ5m / 打2m,"(4, 1, 8, 8, 5.88235)","(8, 2, 2, 12, 7.07692)",4,8,0,1
248888m,468888m,ツモ6m / 打2m,"(4, 1, 8, 8, 5.88235)","(8, 2, 0, 8, 5.6)",4,8,0,0
248888m,478888m,ツモ7m / 打2m,"(4, 1, 8, 8, 5.88235)","(8, 2, 1, 12, 6.85714)",4,8,0,1
248889m,224888m,ツモ2m / 打9m,"(4, 1, 5, 8, 4.94737)","(8, 3, 0, 8, 5.23077)",4,8,0,0
248889m,244888m,ツモ4m / 打9m,"(4, 1, 5, 8, 4.94737)","(8, 3, 1, 12, 5.84615)",4,8,0,0
248889m,245888m,ツモ5m / 打9m,"(4, 1, 5, 8, 4.94737)","(8, 2, 2, 12, 6.5)",4,8,0,1
248889m,246888m,ツモ6m / 打9m,"(4, 1, 5, 8, 4.94737)","(8, 2, 0, 8, 5.44444)",4,8,0,0
248999m,224999m,ツモ2m / 打8m,"(4, 1, 8, 8, 5.5)","(8, 3, 0, 8, 5.23077)",4,8,0,0
248999m,244999m,ツモ4m / 打8m,"(4, 1, 8, 8, 5.5)","(8, 3, 1, 12, 5.84615)",4,8,0,0
248999m,246999m,ツモ6m / 打8m,"(4, 1, 8, 8, 5.5)","(8, 2, 0, 8, 5.64706)",4,8,0,0
248999m,458999m,ツモ5m / 打2m,"(4, 1, 8, 8, 5.5)","(8, 2, 2, 12, 6.625)",4,8,0,1
248999m,468999m,ツモ6m / 打2m,"(4, 1, 8, 8, 5.5)","(8, 2, 0, 8, 5.64706)",4,8,0,0
248999m,478999m,ツモ7m / 打2m,"(4, 1, 8, 8, 5.5)","(7, 3, 8, 12, 6.27273)",4,7,0,1
249999m,224999m,ツモ2m / 打9m,"(4, 1, 5, 8, 5.25)","(8, 3, 0, 8, 5.23077)",4,8,0,0
249999m,244999m,ツモ4m / 打9m,"(4, 1, 5, 8, 5.25)","(8, 3, 1, 12, 5.84615)",4,8,0,0
249999m,246999m,ツモ6m / 打9m,"(4, 1, 5, 8, 5.25)","(8, 2, 0, 8, 5.64706)",4,8,0,0
249999m,459999m,ツモ5m / 打2m,"(4, 1, 5, 8, 5.25)","(8, 2, 2, 12, 6.76923)",4,8,0,1
255556m,555566m,ツモ6m / 打2m,"(8, 2, 1, 12, 6.46154)","(12, 4, 0, 8, 6.4)",8,12,1,1
255557m,235557m,ツモ3m / 打5m,"(4, 1, 9, 8, 6.11765)","(8, 2, 3, 12, 7.05263)",4,8,0,1
255557m,455557m,ツモ4m / 打2m,"(4, 1, 9, 8, 6.11765)","(8, 2, 1, 12, 6.66667)",4,8,0,1
255557m,555577m,ツモ7m / 打2m,"(4, 1, 9, 8, 6.11765)","(8, 3, 1, 12, 6.33333)",4,8,0,0
255557m,555578m,ツモ8m / 打2m,"(4, 1, 9, 8, 6.11765)","(8, 2, 2, 12, 7.42857)",4,8,0,1
255557m,555579m,ツモ9m / 打2m,"(4, 1, 9, 8, 6.11765)","(8, 2, 0, 8, 5.71429)",4,8,0,0
255566m,235556m,ツモ3m / 打6m,"(4, 2, 10, 16, 7.25)","(8, 2, 3, 12, 7.17647)",4,8,0,1
255566m,455566m,ツモ4m / 打2m,"(4, 2, 10, 16, 7.25)","(12, 5, 1, 14, 6.46667)",4,12,0,1
255566m,555566m,ツモ5m / 打2m,"(4, 2, 10, 16, 7.25)","(12, 4, 0, 8, 6.4)",4,12,0,1
255566m,555667m,ツモ7m / 打2m,"(4, 2, 10, 16, 7.25)","(16, 6, 0, 11, 6.33333)",4,16,0,1
255566m,555668m,ツモ8m / 打2m,"(4, 2, 10, 16, 7.25)","(8, 3, 2, 12, 6.14286)",4,8,0,0
255567m,355567m,ツモ3m / 打2m,"(7, 3, 7, 16, 6.73913)","(11, 4, 2, 16, 6.75)",7,11,1,1
255567m,455567m,ツモ4m / 打2m,"(7, 3, 7, 16, 6.73913)","(14, 5, 0, 12, 7.11765)",7,14,1,1
255567m,555667m,ツモ6m / 打2m,"(7, 3, 7, 16, 6.73913)","(16, 6, 0, 11, 6.33333)",7,16,1,1
255567m,555677m,ツモ7m / 打2m,"(7, 3, 7, 16, 6.73913)","(12, 5, 1, 14, 6.73333)",7,12,1,1
255568m,235556m,ツモ3m / 打8m,"(4, 1, 8, 8, 5.57895)","(8, 2, 3, 12, 7.17647)",4,8,0,1
255568m,245556m,ツモ4m / 打8m,"(4, 1, 8, 8, 5.57895)","(7, 3, 5, 14, 6.13636)",4,7,0,0
255568m,255556m,ツモ5m / 打8m,"(4, 1, 8, 8, 5.57895)","(8, 2, 1, 12, 6.46154)",4,8,0,1
255568m,455568m,ツモ4m / 打2m,"(4, 1, 8, 8, 5.57895)","(7, 3, 5, 14, 6.13636)",4,7,0,0
255568m,555668m,ツモ6m / 打2m,"(4, 1, 8, 8, 5.57895)","(8, 3, 2, 12, 6.14286)",4,8,0,0
255568m,555688m,ツモ8m / 打2m,"(4, 1, 8, 8, 5.57895)","(8, 3, 0, 8, 5.07143)",4,8,0,0
255577m,235557m,ツモ3m / 打7m,"(4, 2, 7, 12, 6.125)","(8, 2, 3, 12, 7.05263)",4,8,0,1
255577m,555577m,ツモ5m / 打2m,"(4, 2, 7, 12, 6.125)","(8, 3, 1, 12, 6.33333)",4,8,0,0
255577m,555677m,ツモ6m / 打2m,"(4, 2, 7, 12, 6.125)","(12, 5, 1, 14, 6.73333)",4,12,0,1
255577m,555778m,ツモ8m / 打2m,"(4, 2, 7, 12, 6.125)","(12, 4, 0, 12, 6.90909)",4,12,0,1
255577m,555779m,ツモ9m / 打2m,"(4, 2, 7, 12, 6.125)","(8, 3, 1, 12, 5.85714)",4,8,0,0
255578m,555778m,ツモ7m / 打2m,"(8, 2, 2, 12, 6.35294)","(12, 4, 0, 12, 6.90909)",8,12,1,1
255578m,555788m,ツモ8m / 打2m,"(8, 2, 2, 12, 6.35294)","(12, 4, 0, 12, 6.54545)",8,12,1,1
255579m,235557m,ツモ3m / 打9m,"(4, 1, 7, 8, 5.36842)","(8, 2, 3, 12, 7.05263)",4,8,0,1
255579m,555579m,ツモ5m / 打2m,"(4, 1, 7, 8, 5.36842)","(8, 2, 0, 8, 5.71429)",4,8,0,0
255579m,555679m,ツモ6m / 打2m,"(4, 1, 7, 8, 5.36842)","(7, 3, 7, 16, 7.15)",4,7,0,1
255579m,555779m,ツモ7m / 打2m,"(4, 1, 7, 8, 5.36842)","(8, 3, 1, 12, 5.85714)",4,8,0,0
255579m,555799m,ツモ9m / 打2m,"(4, 1, 7, 8, 5.36842)","(8, 3, 0, 8, 4.78571)",4,8,0,0
255588m,235558m,ツモ3m / 打8m,"(4, 2, 5, 12, 5.71429)","(8, 2, 2, 12, 6.35294)",4,8,0,1
255588m,555688m,ツモ6m / 打2m,"(4, 2, 5, 12, 5.71429)","(8, 3, 0, 8, 5.07143)",4,8,0,0
255588m,555788m,ツモ7m / 打2m,"(4, 2, 5, 12, 5.71429)","(12, 4, 0, 12, 6.54545)",4,12,0,1
255588m,555889m,ツモ9m / 打2m,"(4, 2, 5, 12, 5.71429)","(8, 3, 0, 8, 4.61538)",4,8,0,0
255589m,235558m,ツモ3m / 打9m,"(4, 1, 4, 8, 4.88889)","(8, 2, 2, 12, 6.35294)",4,8,0,1
255589m,555889m,ツモ8m / 打2m,"(4, 1, 4, 8, 4.88889)","(8, 3, 0, 8, 4.61538)",4,8,0,0
255589m,555899m,ツモ9m / 打2m,"(4, 1, 4, 8, 4.88889)","(8, 3, 0, 8, 4.30769)",4,8,0,0
255599m,235559m,ツモ3m / 打9m,"(4, 2, 3, 8, 4.92308)","(8, 2, 2, 12, 6.13333)",4,8,0,1
255599m,555799m,ツモ7m / 打2m,"(4, 2, 3, 8, 4.92308)","(8, 3, 0, 8, 4.78571)",4,8,0,0
255599m,555899m,ツモ8m / 打2m,"(4, 2, 3, 8, 4.92308)","(8, 3, 0, 8, 4.30769)",4,8,0,0
255666m,235666m,ツモ3m / 打5m,"(4, 2, 9, 16, 7.2)","(8, 2, 2, 12, 7.17647)",4,8,0,1
255666m,455666m,ツモ4m / 打2m,"(4, 2, 9, 16, 7.2)","(16, 6, 0, 11, 6.33333)",4,16,0,1
255666m,556666m,ツモ6m / 打2m,"(4, 2, 9, 16, 7.2)","(12, 4, 0, 8, 6.4)",4,12,0,1
255666m,556667m,ツモ7m / 打2m,"(4, 2, 9, 16, 7.2)","(12, 5, 1, 14, 6.46667)",4,12,0,1
255667m,235567m,ツモ3m / 打6m,"(7, 2, 5, 16, 6.72222)","(8, 2, 3, 12, 7.47368)",7,8,1,1
255667m,555667m,ツモ5m / 打2m,"(7, 2, 5, 16, 6.72222)","(16, 6, 0, 11, 6.33333)",7,16,1,1
255667m,556667m,ツモ6m / 打2m,"(7, 2, 5, 16, 6.72222)","(12, 5, 1, 14, 6.46667)",7,12,1,1
255667m,556678m,ツモ8m / 打2m,"(7, 2, 5, 16, 6.72222)","(11, 4, 2, 14, 7.88235)",7,11,1,1
255677m,125677m,ツモ1m / 打5m,"(3, 1, 21, 12, 6.68182)","(4, 1, 9, 8, 5.16667)",3,4,0,0
255677m,225677m,ツモ2m / 打5m,"(3, 1, 21, 12, 6.68182)","(4, 2, 8, 12, 5.77778)",3,4,0,0
255677m,235567m,ツモ3m / 打7m,"(3, 1, 21, 12, 6.68182)","(8, 2, 3, 12, 7.47368)",3,8,0,1
255677m,455677m,ツモ4m / 打2m,"(3, 1, 21, 12, 6.68182)","(11, 4, 4, 15, 8.58824)",3,11,0,1
255677m,555677m,ツモ5m / 打2m,"(3, 1, 21, 12, 6.68182)","(12, 5, 1, 14, 6.73333)",3,12,0,1
255677m,556777m,ツモ7m / 打2m,"(3, 1, 21, 12, 6.68182)","(12, 5, 1, 14, 6.73333)",3,12,0,1
255677m,556778m,ツモ8m / 打2m,"(3, 1, 21, 12, 6.68182)","(11, 4, 4, 15, 8.35294)",3,11,0,1
255677m,556779m,ツモ9m / 打2m,"(3, 1, 21, 12, 6.68182)","(7, 2, 8, 12, 6.94444)",3,7,0,0
255678m,235678m,ツモ3m / 打5m,"(4, 2, 14, 15, 7.04545)","(8, 2, 5, 12, 8.08)",4,8,0,1
255678m,455678m,ツモ4m / 打2m,"(4, 2, 14, 15, 7.04545)","(15, 5, 0, 15, 9.26667)",4,15,0,1
255678m,556678m,ツモ6m / 打2m,"(4, 2, 14, 15, 7.04545)","(11, 4, 2, 14, 7.88235)",4,11,0,1
255678m,556778m,ツモ7m / 打2m,"(4, 2, 14, 15, 7.04545)","(11, 4, 4, 15, 8.35294)",4,11,0,1
255678m,556788m,ツモ8m / 打2m,"(4, 2, 14, 15, 7.04545)","(6, 3, 10, 15, 8.5)",4,6,0,0
255678m,556789m,ツモ9m / 打2m,"(4, 2, 14, 15, 7.04545)","(11, 4, 0, 11, 6.63158)",4,11,0,1
255777m,235777m,ツモ3m / 打5m,"(4, 2, 7, 12, 6.42857)","(8, 2, 2, 12, 7.17647)",4,8,0,1
255777m,455777m,ツモ4m / 打2m,"(4, 2, 7, 12, 6.42857)","(12, 4, 0, 12, 6.90909)",4,12,0,1
255777m,556777m,ツモ6m / 打2m,"(4, 2, 7, 12, 6.42857)","(12, 5, 1, 14, 6.73333)",4,12,0,1
255777m,557777m,ツモ7m / 打2m,"(4, 2, 7, 12, 6.42857)","(8, 3, 1, 12, 6.33333)",4,8,0,0
255789m,235789m,ツモ3m / 打5m,"(4, 2, 7, 12, 6.42857)","(8, 2, 2, 12, 7.22222)",4,8,0,1
255789m,455789m,ツモ4m / 打2m,"(4, 2, 7, 12, 6.42857)","(12, 4, 0, 12, 6.90909)",4,12,0,1
255789m,556789m,ツモ6m / 打2m,"(4, 2, 7, 12, 6.42857)","(11, 4, 0, 11, 6.63158)",4,11,0,1
255789m,557789m,ツモ7m / 打2m,"(4, 2, 7, 12, 6.42857)","(8, 3, 1, 12, 5.93333)",4,8,0,0
255888m,235888m,ツモ3m / 打5m,"(4, 2, 7, 12, 6.76923)","(8, 2, 2, 12, 7.25)",4,8,0,1
255888m,455888m,ツモ4m / 打2m,"(4, 2, 7, 12, 6.76923)","(12, 4, 0, 12, 6.90909)",4,12,0,1
255888m,556888m,ツモ6m / 打2m,"(4, 2, 7, 12, 6.76923)","(12, 4, 0, 12, 6.90909)",4,12,0,1
255888m,557888m,ツモ7m / 打2m,"(4, 2, 7, 12, 6.76923)","(8, 3, 1, 12, 6.21429)",4,8,0,0
255999m,235999m,ツモ3m / 打5m,"(4, 2, 7, 12, 6.76923)","(8, 2, 2, 12, 7.25)",4,8,0,1
255999m,455999m,ツモ4m / 打2m,"(4, 2, 7, 12, 6.76923)","(12, 4, 0, 12, 6.90909)",4,12,0,1
255999m,556999m,ツモ6m / 打2m,"(4, 2, 7, 12, 6.76923)","(12, 4, 0, 12, 6.90909)",4,12,0,1
255999m,557999m,ツモ7m / 打2m,"(4, 2, 7, 12, 6.76923)","(8, 3, 1, 12, 6.21429)",4,8,0,0
256666m,556666m,ツモ5m / 打2m,"(8, 2, 1, 12, 6.46154)","(12, 4, 0, 8, 6.4)",8,12,1,1
256667m,125667m,ツモ1m / 打6m,"(3, 2, 25, 14, 6.88462)","(4, 1, 10, 11, 5.47826)",3,4,0,0
256667m,225667m,ツモ2m / 打6m,"(3, 2, 25, 14, 6.88462)","(4, 2, 8, 12, 5.94444)",3,4,0,0
256667m,235667m,ツモ3m / 打6m,"(3, 2, 25, 14, 6.88462)","(8, 2, 2, 12, 7.36842)",3,8,0,1
256667m,456667m,ツモ4m / 打2m,"(3, 2, 25, 14, 6.88462)","(14, 5, 0, 12, 7.11765)",3,14,0,1
256667m,556667m,ツモ5m / 打2m,"(3, 2, 25, 14, 6.88462)","(12, 5, 1, 14, 6.46667)",3,12,0,1
256667m,566677m,ツモ7m / 打2m,"(3, 2, 25, 14, 6.88462)","(12, 5, 1, 14, 6.46667)",3,12,0,1
256667m,566678m,ツモ8m / 打2m,"(3, 2, 25, 14, 6.88462)","(14, 5, 0, 12, 7.0625)",3,14,0,1
256667m,566679m,ツモ9m / 打2m,"(3, 2, 25, 14, 6.88462)","(7, 3, 5, 14, 6.35)",3,7,0,0
256677m,235677m,ツモ3m / 打6m,"(7, 2, 7, 16, 7)","(8, 2, 3, 12, 7.2381)",7,8,1,1
256677m,456677m,ツモ4m / 打2m,"(7, 2, 7, 16, 7)","(11, 4, 4, 15, 8.82353)",7,11,1,1
256677m,566677m,ツモ6m / 打2m,"(7, 2, 7, 16, 7)","(12, 5, 1, 14, 6.46667)",7,12,1,1
256677m,566777m,ツモ7m / 打2m,"(7, 2, 7, 16, 7)","(16, 6, 0, 11, 6.33333)",7,16,1,1
256678m,235678m,ツモ3m / 打6m,"(7, 2, 7, 14, 6.43478)","(8, 2, 5, 12, 8.08)",7,8,1,1
256678m,556678m,ツモ5m / 打2m,"(7, 2, 7, 14, 6.43478)","(11, 4, 2, 14, 7.88235)",7,11,1,1
256678m,566678m,ツモ6m / 打2m,"(7, 2, 7, 14, 6.43478)","(14, 5, 0, 12, 7.0625)",7,14,1,1
256678m,566788m,ツモ8m / 打2m,"(7, 2, 7, 14, 6.43478)","(11, 4, 2, 14, 7.17647)",7,11,1,1
256678m,566789m,ツモ9m / 打2m,"(7, 2, 7, 14, 6.43478)","(11, 4, 0, 11, 7.38889)",7,11,1,1
256777m,235677m,ツモ3m / 打7m,"(7, 3, 7, 16, 6.68182)","(8, 2, 3, 12, 7.2381)",7,8,1,1
256777m,556777m,ツモ5m / 打2m,"(7, 3, 7, 16, 6.68182)","(12, 5, 1, 14, 6.73333)",7,12,1,1
256777m,566777m,ツモ6m / 打2m,"(7, 3, 7, 16, 6.68182)","(16, 6, 0, 11, 6.33333)",7,16,1,1
256777m,567778m,ツモ8m / 打2m,"(7, 3, 7, 16, 6.68182)","(14, 5, 0, 12, 7.0625)",7,14,1,1
256777m,567779m,ツモ9m / 打2m,"(7, 3, 7, 16, 6.68182)","(11, 4, 2, 16, 6.4375)",7,11,1,1
256778m,356778m,ツモ3m / 打2m,"(7, 2, 10, 15, 7)","(11, 3, 1, 14, 7.14286)",7,11,1,1
256778m,456778m,ツモ4m / 打2m,"(7, 2, 10, 15, 7)","(15, 5, 0, 15, 9.1875)",7,15,1,1
256778m,556778m,ツモ5m / 打2m,"(7, 2, 10, 15, 7)","(11, 4, 4, 15, 8.35294)",7,11,1,1
256778m,567778m,ツモ7m / 打2m,"(7, 2, 10, 15, 7)","(14, 5, 0, 12, 7.0625)",7,14,1,1
256778m,567788m,ツモ8m / 打2m,"(7, 2, 10, 15, 7)","(11, 4, 4, 15, 8.58824)",7,11,1,1
256779m,235677m,ツモ3m / 打9m,"(4, 1, 11, 11, 6.21053)","(8, 2, 3, 12, 7.2381)",4,8,0,1
256779m,456779m,ツモ4m / 打2m,"(4, 1, 11, 11, 6.21053)","(8, 3, 5, 15, 7.7)",4,8,0,0
256779m,556779m,ツモ5m / 打2m,"(4, 1, 11, 11, 6.21053)","(7, 2, 8, 12, 6.94444)",4,7,0,0
256779m,566779m,ツモ6m / 打2m,"(4, 1, 11, 11, 6.21053)","(7, 2, 7, 16, 7.58824)",4,7,0,1
256779m,567779m,ツモ7m / 打2m,"(4, 1, 11, 11, 6.21053)","(11, 4, 2, 16, 6.4375)",4,11,0,1
256779m,567799m,ツモ9m / 打2m,"(4, 1, 11, 11, 6.21053)","(8, 3, 1, 11, 5.4)",4,8,0,0
256788m,235678m,ツモ3m / 打8m,"(4, 2, 13, 15, 6.73913)","(8, 2, 5, 12, 8.08)",4,8,0,1
256788m,456788m,ツモ4m / 打2m,"(4, 2, 13, 15, 6.73913)","(15, 5, 0, 15, 7.6875)",4,15,0,1
256788m,556788m,ツモ5m / 打2m,"(4, 2, 13, 15, 6.73913)","(6, 3, 10, 15, 8.5)",4,6,0,0
256788m,566788m,ツモ6m / 打2m,"(4, 2, 13, 15, 6.73913)","(11, 4, 2, 14, 7.17647)",4,11,0,1
256788m,567788m,ツモ7m / 打2m,"(4, 2, 13, 15, 6.73913)","(11, 4, 4, 15, 8.58824)",4,11,0,1
256788m,567889m,ツモ9m / 打2m,"(4, 2, 13, 15, 6.73913)","(11, 4, 0, 11, 6.36842)",4,11,0,1
256789m,235678m,ツモ3m / 打9m,"(7, 2, 8, 11, 6)","(8, 2, 5, 12, 8.08)",7,8,1,1
256789m,556789m,ツモ5m / 打2m,"(7, 2, 8, 11, 6)","(11, 4, 0, 11, 6.63158)",7,11,1,1
256789m,566789m,ツモ6m / 打2m,"(7, 2, 8, 11, 6)","(11, 4, 0, 11, 7.38889)",7,11,1,1
256789m,567889m,ツモ8m / 打2m,"(7, 2, 8, 11, 6)","(11, 4, 0, 11, 6.36842)",7,11,1,1
256789m,567899m,ツモ9m / 打2m,"(7, 2, 8, 11, 6)","(11, 4, 0, 11, 5.78947)",7,11,1,1
256799m,235679m,ツモ3m / 打9m,"(4, 2, 6, 11, 5.73333)","(8, 2, 2, 12, 6.70588)",4,8,0,1
256799m,456799m,ツモ4m / 打2m,"(4, 2, 6, 11, 5.73333)","(8, 3, 2, 11, 5.85)",4,8,0,0
256799m,567799m,ツモ7m / 打2m,"(4, 2, 6, 11, 5.73333)","(8, 3, 1, 11, 5.4)",4,8,0,0
256799m,567899m,ツモ8m / 打2m,"(4, 2, 6, 11, 5.73333)","(11, 4, 0, 11, 5.78947)",4,11,0,1
256888m,556888m,ツモ5m / 打2m,"(8, 2, 2, 12, 6.66667)","(12, 4, 0, 12, 6.90909)",8,12,1,1
256888m,566888m,ツモ6m / 打2m,"(8, 2, 2, 12, 6.66667)","(12, 4, 0, 12, 6.90909)",8,12,1,1
256999m,556999m,ツモ5m / 打2m,"(8, 2, 2, 12, 6.66667)","(12, 4, 0, 12, 6.90909)",8,12,1,1
256999m,566999m,ツモ6m / 打2m,"(8, 2, 2, 12, 6.66667)","(12, 4, 0, 12, 6.90909)",8,12,1,1
257777m,237777m,ツモ3m / 打5m,"(4, 1, 9, 8, 6.11765)","(8, 2, 2, 12, 7.25)",4,8,0,1
257777m,457777m,ツモ4m / 打2m,"(4, 1, 9, 8, 6.11765)","(8, 2, 2, 12, 7.2)",4,8,0,1
257777m,557777m,ツモ5m / 打2m,"(4, 1, 9, 8, 6.11765)","(8, 3, 1, 12, 6.33333)",4,8,0,0
257777m,577778m,ツモ8m / 打2m,"(4, 1, 9, 8, 6.11765)","(8, 2, 1, 12, 6.85714)",4,8,0,1
257777m,577779m,ツモ9m / 打2m,"(4, 1, 9, 8, 6.11765)","(8, 2, 0, 8, 5.42857)",4,8,0,0
257789m,235789m,ツモ3m / 打7m,"(4, 1, 10, 8, 5.78947)","(8, 2, 2, 12, 7.22222)",4,8,0,1
257789m,457789m,ツモ4m / 打2m,"(4, 1, 10, 8, 5.78947)","(8, 2, 2, 12, 6.84211)",4,8,0,1
257789m,557789m,ツモ5m / 打2m,"(4, 1, 10, 8, 5.78947)","(8, 3, 1, 12, 5.93333)",4,8,0,0
257789m,577789m,ツモ7m / 打2m,"(4, 1, 10, 8, 5.78947)","(7, 3, 7, 12, 5.61905)",4,7,0,0
257789m,577889m,ツモ8m / 打2m,"(4, 1, 10, 8, 5.78947)","(7, 2, 7, 12, 7)",4,7,0,1
257789m,577899m,ツモ9m / 打2m,"(4, 1, 10, 8, 5.78947)","(7, 2, 7, 12, 5.88889)",4,7,0,0
257888m,235888m,ツモ3m / 打7m,"(4, 1, 10, 8, 6)","(8, 2, 2, 12, 7.25)",4,8,0,1
257888m,457888m,ツモ4m / 打2m,"(4, 1, 10, 8, 6)","(8, 2, 2, 12, 7)",4,8,0,1
257888m,557888m,ツモ5m / 打2m,"(4, 1, 10, 8, 6)","(8, 3, 1, 12, 6.21429)",4,8,0,0
257888m,577888m,ツモ7m / 打2m,"(4, 1, 10, 8, 6)","(8, 3, 2, 12, 6.71429)",4,8,0,0
257888m,578888m,ツモ8m / 打2m,"(4, 1, 10, 8, 6)","(8, 2, 1, 12, 7.14286)",4,8,0,1
257888m,578889m,ツモ9m / 打2m,"(4, 1, 10, 8, 6)","(7, 3, 8, 12, 5.61905)",4,7,0,0
257999m,235999m,ツモ3m / 打7m,"(4, 1, 10, 8, 6)","(8, 2, 2, 12, 7.25)",4,8,0,1
257999m,457999m,ツモ4m / 打2m,"(4, 1, 10, 8, 6)","(8, 2, 2, 12, 7)",4,8,0,1
257999m,557999m,ツモ5m / 打2m,"(4, 1, 10, 8, 6)","(8, 3, 1, 12, 6.21429)",4,8,0,0
257999m,577999m,ツモ7m / 打2m,"(4, 1, 10, 8, 6)","(8, 3, 1, 12, 6.42857)",4,8,0,0
257999m,578999m,ツモ8m / 打2m,"(4, 1, 10, 8, 6)","(7, 3, 8, 12, 6.57143)",4,7,0,1
257999m,579999m,ツモ9m / 打2m,"(4, 1, 10, 8, 6)","(8, 2, 0, 8, 5.71429)",4,8,0,0
266667m,666677m,ツモ7m / 打2m,"(8, 2, 1, 12, 6.4)","(12, 4, 0, 8, 6.4)",8,12,1,1
266668m,236666m,ツモ3m / 打8m,"(4, 1, 7, 8, 5.64706)","(8, 2, 2, 12, 7.42857)",4,8,0,1
266668m,246666m,ツモ4m / 打8m,"(4, 1, 7, 8, 5.64706)","(8, 2, 0, 8, 5.6)",4,8,0,0
266668m,256666m,ツモ5m / 打8m,"(4, 1, 7, 8, 5.64706)","(8, 2, 1, 12, 6.46154)",4,8,0,1
266668m,666688m,ツモ8m / 打2m,"(4, 1, 7, 8, 5.64706)","(8, 3, 0, 8, 5)",4,8,0,0
266677m,236667m,ツモ3m / 打7m,"(4, 2, 9, 16, 6.82353)","(8, 2, 2, 12, 6.8)",4,8,0,1
266677m,566677m,ツモ5m / 打2m,"(4, 2, 9, 16, 6.82353)","(12, 5, 1, 14, 6.46667)",4,12,0,1
266677m,666677m,ツモ6m / 打2m,"(4, 2, 9, 16, 6.82353)","(12, 4, 0, 8, 6.4)",4,12,0,1
266677m,666778m,ツモ8m / 打2m,"(4, 2, 9, 16, 6.82353)","(16, 6, 0, 11, 6.33333)",4,16,0,1
266677m,666779m,ツモ9m / 打2m,"(4, 2, 9, 16, 6.82353)","(8, 3, 2, 12, 6.14286)",4,8,0,0
266678m,236678m,ツモ3m / 打6m,"(7, 3, 8, 16, 6.625)","(8, 2, 2, 12, 6.85714)",7,8,1,1
266678m,466678m,ツモ4m / 打2m,"(7, 3, 8, 16, 6.625)","(11, 4, 2, 16, 6.89474)",7,11,1,1
266678m,566678m,ツモ5m / 打2m,"(7, 3, 8, 16, 6.625)","(14, 5, 0, 12, 7.0625)",7,14,1,1
266678m,666778m,ツモ7m / 打2m,"(7, 3, 8, 16, 6.625)","(16, 6, 0, 11, 6.33333)",7,16,1,1
266678m,666788m,ツモ8m / 打2m,"(7, 3, 8, 16, 6.625)","(12, 5, 1, 14, 6.2)",7,12,1,1
266679m,236667m,ツモ3m / 打9m,"(4, 1, 7, 8, 5.36842)","(8, 2, 2, 12, 6.8)",4,8,0,1
266679m,566679m,ツモ5m / 打2m,"(4, 1, 7, 8, 5.36842)","(7, 3, 5, 14, 6.35)",4,7,0,0
266679m,666679m,ツモ6m / 打2m,"(4, 1, 7, 8, 5.36842)","(8, 2, 1, 12, 6.46154)",4,8,0,1
266679m,666779m,ツモ7m / 打2m,"(4, 1, 7, 8, 5.36842)","(8, 3, 2, 12, 6.14286)",4,8,0,0
266679m,666799m,ツモ9m / 打2m,"(4, 1, 7, 8, 5.36842)","(8, 3, 0, 8, 4.78571)",4,8,0,0
266688m,236668m,ツモ3m / 打8m,"(4, 2, 5, 12, 5.46667)","(8, 2, 2, 12, 6.33333)",4,8,0,1
266688m,666688m,ツモ6m / 打2m,"(4, 2, 5, 12, 5.46667)","(8, 3, 0, 8, 5)",4,8,0,0
266688m,666788m,ツモ7m / 打2m,"(4, 2, 5, 12, 5.46667)","(12, 5, 1, 14, 6.2)",4,12,0,1
266688m,666889m,ツモ9m / 打2m,"(4, 2, 5, 12, 5.46667)","(8, 3, 0, 8, 4.61538)",4,8,0,0
266689m,236668m,ツモ3m / 打9m,"(4, 1, 4, 8, 4.88889)","(8, 2, 2, 12, 6.33333)",4,8,0,1
266689m,666889m,ツモ8m / 打2m,"(4, 1, 4, 8, 4.88889)","(8, 3, 0, 8, 4.61538)",4,8,0,0
266689m,666899m,ツモ9m / 打2m,"(4, 1, 4, 8, 4.88889)","(8, 3, 0, 8, 4.30769)",4,8,0,0
266699m,236669m,ツモ3m / 打9m,"(4, 2, 3, 8, 4.92308)","(8, 2, 2, 12, 6.13333)",4,8,0,1
266699m,666799m,ツモ7m / 打2m,"(4, 2, 3, 8, 4.92308)","(8, 3, 0, 8, 4.78571)",4,8,0,0
266699m,666899m,ツモ8m / 打2m,"(4, 2, 3, 8, 4.92308)","(8, 3, 0, 8, 4.30769)",4,8,0,0
266777m,236777m,ツモ3m / 打6m,"(4, 2, 10, 16, 7.25)","(8, 2, 2, 12, 6.88889)",4,8,0,1
266777m,466777m,ツモ4m / 打2m,"(4, 2, 10, 16, 7.25)","(8, 3, 2, 12, 6.71429)",4,8,0,0
266777m,566777m,ツモ5m / 打2m,"(4, 2, 10, 16, 7.25)","(16, 6, 0, 11, 6.33333)",4,16,0,1
266777m,667777m,ツモ7m / 打2m,"(4, 2, 10, 16, 7.25)","(12, 4, 0, 8, 6.4)",4,12,0,1
266777m,667778m,ツモ8m / 打2m,"(4, 2, 10, 16, 7.25)","(12, 5, 0, 11, 5.93333)",4,12,0,1
266778m,236778m,ツモ3m / 打6m,"(7, 2, 6, 16, 6.65)","(8, 2, 3, 12, 7.36364)",7,8,1,1
266778m,246678m,ツモ4m / 打7m,"(7, 2, 6, 16, 6.65)","(8, 2, 1, 11, 5.9)",7,8,1,0
266778m,666778m,ツモ6m / 打2m,"(7, 2, 6, 16, 6.65)","(16, 6, 0, 11, 6.33333)",7,16,1,1
266778m,667778m,ツモ7m / 打2m,"(7, 2, 6, 16, 6.65)","(12, 5, 0, 11, 5.93333)",7,12,1,1
266778m,667789m,ツモ9m / 打2m,"(7, 2, 6, 16, 6.65)","(11, 4, 1, 12, 7)",7,11,1,1
266788m,126678m,ツモ1m / 打8m,"(3, 1, 20, 12, 6.04348)","(4, 1, 9, 8, 5.16667)",3,4,0,0
266788m,226678m,ツモ2m / 打8m,"(3, 1, 20, 12, 6.04348)","(4, 2, 8, 12, 5.77778)",3,4,0,0
266788m,236678m,ツモ3m / 打8m,"(3, 1, 20, 12, 6.04348)","(8, 2, 2, 12, 6.85714)",3,8,0,1
266788m,246678m,ツモ4m / 打8m,"(3, 1, 20, 12, 6.04348)","(8, 2, 1, 11, 5.9)",3,8,0,0
266788m,566788m,ツモ5m / 打2m,"(3, 1, 20, 12, 6.04348)","(11, 4, 2, 14, 7.17647)",3,11,0,1
266788m,666788m,ツモ6m / 打2m,"(3, 1, 20, 12, 6.04348)","(12, 5, 1, 14, 6.2)",3,12,0,1
266788m,667888m,ツモ8m / 打2m,"(3, 1, 20, 12, 6.04348)","(12, 5, 0, 10, 5.66667)",3,12,0,1
266788m,667889m,ツモ9m / 打2m,"(3, 1, 20, 12, 6.04348)","(7, 3, 6, 12, 6.2)",3,7,0,0
266789m,236789m,ツモ3m / 打6m,"(4, 2, 13, 11, 6.22727)","(8, 2, 4, 12, 7.12)",4,8,0,1
266789m,466789m,ツモ4m / 打2m,"(4, 2, 13, 11, 6.22727)","(8, 3, 1, 11, 6.73684)",4,8,0,0
266789m,566789m,ツモ5m / 打2m,"(4, 2, 13, 11, 6.22727)","(11, 4, 0, 11, 7.38889)",4,11,0,1
266789m,667789m,ツモ7m / 打2m,"(4, 2, 13, 11, 6.22727)","(11, 4, 1, 12, 7)",4,11,0,1
266789m,667889m,ツモ8m / 打2m,"(4, 2, 13, 11, 6.22727)","(7, 3, 6, 12, 6.2)",4,7,0,0
266789m,667899m,ツモ9m / 打2m,"(4, 2, 13, 11, 6.22727)","(6, 3, 8, 11, 6.8)",4,6,0,0
266888m,236888m,ツモ3m / 打6m,"(4, 2, 8, 12, 6.53333)","(8, 2, 2, 12, 6.94118)",4,8,0,1
266888m,466888m,ツモ4m / 打2m,"(4, 2, 8, 12, 6.53333)","(8, 3, 1, 12, 6.42857)",4,8,0,0
266888m,566888m,ツモ5m / 打2m,"(4, 2, 8, 12, 6.53333)","(12, 4, 0, 12, 6.90909)",4,12,0,1
266888m,667888m,ツモ7m / 打2m,"(4, 2, 8, 12, 6.53333)","(12, 5, 0, 10, 5.66667)",4,12,0,1
266888m,668888m,ツモ8m / 打2m,"(4, 2, 8, 12, 6.53333)","(8, 3, 1, 12, 5.66667)",4,8,0,0
266999m,236999m,ツモ3m / 打6m,"(4, 2, 8, 12, 6.85714)","(8, 2, 2, 12, 7)",4,8,0,1
266999m,466999m,ツモ4m / 打2m,"(4, 2, 8, 12, 6.85714)","(8, 3, 1, 12, 6.46154)",4,8,0,0
266999m,566999m,ツモ5m / 打2m,"(4, 2, 8, 12, 6.85714)","(12, 4, 0, 12, 6.90909)",4,12,0,1
266999m,667999m,ツモ7m / 打2m,"(4, 2, 8, 12, 6.85714)","(12, 4, 0, 12, 6.90909)",4,12,0,1
266999m,668999m,ツモ8m / 打2m,"(4, 2, 8, 12, 6.85714)","(8, 3, 1, 12, 5.84615)",4,8,0,0
267777m,667777m,ツモ6m / 打2m,"(8, 2, 1, 12, 6.4)","(12, 4, 0, 8, 6.4)",8,12,1,1
267778m,126778m,ツモ1m / 打7m,"(3, 2, 24, 14, 6.33333)","(4, 1, 10, 8, 5.25)",3,4,0,0
267778m,226778m,ツモ2m / 打7m,"(3, 2, 24, 14, 6.33333)","(4, 2, 8, 12, 5.63158)",3,4,0,0
267778m,236778m,ツモ3m / 打7m,"(3, 2, 24, 14, 6.33333)","(8, 2, 3, 12, 7.36364)",3,8,0,1
267778m,246777m,ツモ4m / 打8m,"(3, 2, 24, 14, 6.33333)","(8, 2, 0, 8, 5.44444)",3,8,0,0
267778m,567778m,ツモ5m / 打2m,"(3, 2, 24, 14, 6.33333)","(14, 5, 0, 12, 7.0625)",3,14,0,1
267778m,667778m,ツモ6m / 打2m,"(3, 2, 24, 14, 6.33333)","(12, 5, 0, 11, 5.93333)",3,12,0,1
267778m,677788m,ツモ8m / 打2m,"(3, 2, 24, 14, 6.33333)","(12, 5, 1, 14, 5.93333)",3,12,0,1
267778m,677789m,ツモ9m / 打2m,"(3, 2, 24, 14, 6.33333)","(10, 4, 3, 12, 5.78947)",3,10,0,1
267788m,236778m,ツモ3m / 打8m,"(7, 2, 5, 16, 6.45)","(8, 2, 3, 12, 7.36364)",7,8,1,1
267788m,567788m,ツモ5m / 打2m,"(7, 2, 5, 16, 6.45)","(11, 4, 4, 15, 8.58824)",7,11,1,1
267788m,677788m,ツモ7m / 打2m,"(7, 2, 5, 16, 6.45)","(12, 5, 1, 14, 5.93333)",7,12,1,1
267788m,677888m,ツモ8m / 打2m,"(7, 2, 5, 16, 6.45)","(16, 6, 0, 7, 6)",7,16,1,1
267789m,236789m,ツモ3m / 打7m,"(7, 2, 7, 11, 5.875)","(8, 2, 4, 12, 7.12)",7,8,1,1
267789m,246789m,ツモ4m / 打7m,"(7, 2, 7, 11, 5.875)","(8, 2, 0, 8, 5.66667)",7,8,1,0
267789m,667789m,ツモ6m / 打2m,"(7, 2, 7, 11, 5.875)","(11, 4, 1, 12, 7)",7,11,1,1
267789m,677789m,ツモ7m / 打2m,"(7, 2, 7, 11, 5.875)","(10, 4, 3, 12, 5.78947)",7,10,1,1
267789m,677899m,ツモ9m / 打2m,"(7, 2, 7, 11, 5.875)","(11, 4, 0, 11, 5.82353)",7,11,1,1
267888m,236888m,ツモ3m / 打7m,"(7, 3, 7, 16, 6.125)","(8, 2, 2, 12, 6.94118)",7,8,1,1
267888m,246888m,ツモ4m / 打7m,"(7, 3, 7, 16, 6.125)","(8, 2, 0, 8, 5.44444)",7,8,1,0
267888m,667888m,ツモ6m / 打2m,"(7, 3, 7, 16, 6.125)","(12, 5, 0, 10, 5.66667)",7,12,1,1
267888m,677888m,ツモ7m / 打2m,"(7, 3, 7, 16, 6.125)","(16, 6, 0, 7, 6)",7,16,1,1
267888m,678889m,ツモ9m / 打2m,"(7, 3, 7, 16, 6.125)","(10, 4, 1, 12, 5.36842)",7,10,1,1
267889m,126789m,ツモ1m / 打8m,"(3, 1, 22, 11, 5.44444)","(4, 1, 9, 8, 5.03448)",3,4,0,0
267889m,226789m,ツモ2m / 打8m,"(3, 1, 22, 11, 5.44444)","(4, 2, 10, 12, 5.95652)",3,4,0,0
267889m,236789m,ツモ3m / 打8m,"(3, 1, 22, 11, 5.44444)","(8, 2, 4, 12, 7.12)",3,8,0,1
267889m,246789m,ツモ4m / 打8m,"(3, 1, 22, 11, 5.44444)","(8, 2, 0, 8, 5.66667)",3,8,0,0
267889m,567889m,ツモ5m / 打2m,"(3, 1, 22, 11, 5.44444)","(11, 4, 0, 11, 6.36842)",3,11,0,1
267889m,667889m,ツモ6m / 打2m,"(3, 1, 22, 11, 5.44444)","(7, 3, 6, 12, 6.2)",3,7,0,0
267889m,678889m,ツモ8m / 打2m,"(3, 1, 22, 11, 5.44444)","(10, 4, 1, 12, 5.36842)",3,10,0,1
267889m,678899m,ツモ9m / 打2m,"(3, 1, 22, 11, 5.44444)","(7, 3, 5, 11, 5.4)",3,7,0,0
267899m,236789m,ツモ3m / 打9m,"(4, 2, 10, 11, 5.72727)","(8, 2, 4, 12, 7.12)",4,8,0,1
267899m,467899m,ツモ4m / 打2m,"(4, 2, 10, 11, 5.72727)","(8, 3, 1, 11, 6)",4,8,0,0
267899m,567899m,ツモ5m / 打2m,"(4, 2, 10, 11, 5.72727)","(11, 4, 0, 11, 5.78947)",4,11,0,1
267899m,667899m,ツモ6m / 打2m,"(4, 2, 10, 11, 5.72727)","(6, 3, 8, 11, 6.8)",4,6,0,0
267899m,677899m,ツモ7m / 打2m,"(4, 2, 10, 11, 5.72727)","(11, 4, 0, 11, 5.82353)",4,11,0,1
267899m,678899m,ツモ8m / 打2m,"(4, 2, 10, 11, 5.72727)","(7, 3, 5, 11, 5.4)",4,7,0,0
267999m,667999m,ツモ6m / 打2m,"(8, 2, 2, 12, 6.58824)","(12, 4, 0, 12, 6.90909)",8,12,1,1
267999m,677999m,ツモ7m / 打2m,"(8, 2, 2, 12, 6.58824)","(12, 4, 0, 12, 6.90909)",8,12,1,1
268888m,236888m,ツモ3m / 打8m,"(4, 1, 7, 8, 5.64706)","(8, 2, 2, 12, 6.94118)",4,8,0,1
268888m,256888m,ツモ5m / 打8m,"(4, 1, 7, 8, 5.64706)","(8, 2, 2, 12, 6.66667)",4,8,0,1
268888m,468888m,ツモ4m / 打2m,"(4, 1, 7, 8, 5.64706)","(8, 2, 0, 8, 5.6)",4,8,0,0
268888m,668888m,ツモ6m / 打2m,"(4, 1, 7, 8, 5.64706)","(8, 3, 1, 12, 5.66667)",4,8,0,0
268999m,236999m,ツモ3m / 打8m,"(4, 1, 8, 8, 5.68421)","(8, 2, 2, 12, 7)",4,8,0,1
268999m,246999m,ツモ4m / 打8m,"(4, 1, 8, 8, 5.68421)","(8, 2, 0, 8, 5.64706)",4,8,0,0
268999m,256999m,ツモ5m / 打8m,"(4, 1, 8, 8, 5.68421)","(8, 2, 2, 12, 6.66667)",4,8,0,1
268999m,468999m,ツモ4m / 打2m,"(4, 1, 8, 8, 5.68421)","(8, 2, 0, 8, 5.64706)",4,8,0,0
268999m,668999m,ツモ6m / 打2m,"(4, 1, 8, 8, 5.68421)","(8, 3, 1, 12, 5.84615)",4,8,0,0
268999m,688999m,ツモ8m / 打2m,"(4, 1, 8, 8, 5.68421)","(8, 3, 0, 8, 5.23077)",4,8,0,0
277778m,777788m,ツモ8m / 打2m,"(8, 2, 1, 12, 6.13333)","(12, 4, 0, 8, 6)",8,12,1,1
277779m,237777m,ツモ3m / 打9m,"(4, 1, 6, 8, 5.41176)","(8, 2, 2, 12, 7.25)",4,8,0,1
277779m,267777m,ツモ6m / 打9m,"(4, 1, 6, 8, 5.41176)","(8, 2, 1, 12, 6.4)",4,8,0,1
277779m,577779m,ツモ5m / 打2m,"(4, 1, 6, 8, 5.41176)","(8, 2, 0, 8, 5.42857)",4,8,0,0
277779m,777799m,ツモ9m / 打2m,"(4, 1, 6, 8, 5.41176)","(8, 3, 0, 8, 4.66667)",4,8,0,0
277788m,237778m,ツモ3m / 打8m,"(4, 2, 7, 12, 6.25)","(8, 2, 2, 12, 6.31579)",4,8,0,1
277788m,677788m,ツモ6m / 打2m,"(4, 2, 7, 12, 6.25)","(12, 5, 1, 14, 5.93333)",4,12,0,1
277788m,777788m,ツモ7m / 打2m,"(4, 2, 7, 12, 6.25)","(12, 4, 0, 8, 6)",4,12,0,1
277788m,777889m,ツモ9m / 打2m,"(4, 2, 7, 12, 6.25)","(12, 5, 0, 7, 4.93333)",4,12,0,1
277789m,127789m,ツモ1m / 打7m,"(3, 2, 21, 12, 5.30769)","(4, 1, 6, 8, 4.69565)",3,4,0,0
277789m,227789m,ツモ2m / 打7m,"(3, 2, 21, 12, 5.30769)","(4, 2, 6, 12, 5.33333)",3,4,0,0
277789m,237789m,ツモ3m / 打7m,"(3, 2, 21, 12, 5.30769)","(8, 2, 2, 12, 6.66667)",3,8,0,1
277789m,247789m,ツモ4m / 打7m,"(3, 2, 21, 12, 5.30769)","(4, 1, 9, 8, 5.21739)",3,4,0,0
277789m,577789m,ツモ5m / 打2m,"(3, 2, 21, 12, 5.30769)","(7, 3, 7, 12, 5.61905)",3,7,0,0
277789m,677789m,ツモ6m / 打2m,"(3, 2, 21, 12, 5.30769)","(10, 4, 3, 12, 5.78947)",3,10,0,1
277789m,777889m,ツモ8m / 打2m,"(3, 2, 21, 12, 5.30769)","(12, 5, 0, 7, 4.93333)",3,12,0,1
277789m,777899m,ツモ9m / 打2m,"(3, 2, 21, 12, 5.30769)","(8, 4, 2, 11, 4.61111)",3,8,0,0
277799m,237779m,ツモ3m / 打9m,"(4, 2, 3, 8, 4.71429)","(8, 2, 2, 12, 6.125)",4,8,0,1
277799m,777799m,ツモ7m / 打2m,"(4, 2, 3, 8, 4.71429)","(8, 3, 0, 8, 4.66667)",4,8,0,0
277799m,777899m,ツモ8m / 打2m,"(4, 2, 3, 8, 4.71429)","(8, 4, 2, 11, 4.61111)",4,8,0,0
277888m,237888m,ツモ3m / 打7m,"(4, 2, 9, 16, 6.82353)","(8, 2, 2, 12, 6.8)",4,8,0,1
277888m,577888m,ツモ5m / 打2m,"(4, 2, 9, 16, 6.82353)","(8, 3, 2, 12, 6.71429)",4,8,0,0
277888m,677888m,ツモ6m / 打2m,"(4, 2, 9, 16, 6.82353)","(16, 6, 0, 7, 6)",4,16,0,1
277888m,778888m,ツモ8m / 打2m,"(4, 2, 9, 16, 6.82353)","(12, 4, 0, 8, 6.4)",4,12,0,1
277888m,778889m,ツモ9m / 打2m,"(4, 2, 9, 16, 6.82353)","(12, 5, 0, 8, 5.2)",4,12,0,1
277889m,237789m,ツモ3m / 打8m,"(7, 2, 4, 12, 5.78947)","(8, 2, 2, 12, 6.66667)",7,8,1,1
277889m,777889m,ツモ7m / 打2m,"(7, 2, 4, 12, 5.78947)","(12, 5, 0, 7, 4.93333)",7,12,1,1
277889m,778889m,ツモ8m / 打2m,"(7, 2, 4, 12, 5.78947)","(12, 5, 0, 8, 5.2)",7,12,1,1
277899m,127789m,ツモ1m / 打9m,"(3, 1, 18, 12, 5.45455)","(4, 1, 6, 8, 4.69565)",3,4,0,0
277899m,227789m,ツモ2m / 打9m,"(3, 1, 18, 12, 5.45455)","(4, 2, 6, 12, 5.33333)",3,4,0,0
277899m,237789m,ツモ3m / 打9m,"(3, 1, 18, 12, 5.45455)","(8, 2, 2, 12, 6.66667)",3,8,0,1
277899m,247789m,ツモ4m / 打9m,"(3, 1, 18, 12, 5.45455)","(4, 1, 9, 8, 5.21739)",3,4,0,0
277899m,577899m,ツモ5m / 打2m,"(3, 1, 18, 12, 5.45455)","(7, 2, 7, 12, 5.88889)",3,7,0,0
277899m,677899m,ツモ6m / 打2m,"(3, 1, 18, 12, 5.45455)","(11, 4, 0, 11, 5.82353)",3,11,0,1
277899m,777899m,ツモ7m / 打2m,"(3, 1, 18, 12, 5.45455)","(8, 4, 2, 11, 4.61111)",3,8,0,0
277899m,778999m,ツモ9m / 打2m,"(3, 1, 18, 12, 5.45455)","(12, 5, 0, 8, 5.2)",3,12,0,1
277999m,237999m,ツモ3m / 打7m,"(4, 2, 7, 12, 6.125)","(8, 2, 2, 12, 6.84211)",4,8,0,1
277999m,577999m,ツモ5m / 打2m,"(4, 2, 7, 12, 6.125)","(8, 3, 1, 12, 6.42857)",4,8,0,0
277999m,677999m,ツモ6m / 打2m,"(4, 2, 7, 12, 6.125)","(12, 4, 0, 12, 6.90909)",4,12,0,1
277999m,778999m,ツモ8m / 打2m,"(4, 2, 7, 12, 6.125)","(12, 5, 0, 8, 5.2)",4,12,0,1
277999m,779999m,ツモ9m / 打2m,"(4, 2, 7, 12, 6.125)","(8, 3, 1, 12, 5.66667)",4,8,0,0
278888m,778888m,ツモ7m / 打2m,"(8, 2, 1, 12, 6.13333)","(12, 4, 0, 8, 6.4)",8,12,1,1
278889m,127888m,ツモ1m / 打9m,"(3, 2, 21, 12, 5.30769)","(4, 1, 6, 8, 4.90909)",3,4,0,0
278889m,227888m,ツモ2m / 打9m,"(3, 2, 21, 12, 5.30769)","(4, 2, 6, 12, 5.52941)",3,4,0,0
278889m,237888m,ツモ3m / 打9m,"(3, 2, 21, 12, 5.30769)","(8, 2, 2, 12, 6.8)",3,8,0,1
278889m,247888m,ツモ4m / 打9m,"(3, 2, 21, 12, 5.30769)","(4, 1, 9, 8, 5.45455)",3,4,0,0
278889m,578889m,ツモ5m / 打2m,"(3, 2, 21, 12, 5.30769)","(7, 3, 8, 12, 5.61905)",3,7,0,0
278889m,678889m,ツモ6m / 打2m,"(3, 2, 21, 12, 5.30769)","(10, 4, 1, 12, 5.36842)",3,10,0,1
278889m,778889m,ツモ7m / 打2m,"(3, 2, 21, 12, 5.30769)","(12, 5, 0, 8, 5.2)",3,12,0,1
278889m,788899m,ツモ9m / 打2m,"(3, 2, 21, 12, 5.30769)","(8, 4, 1, 10, 4.16667)",3,8,0,0
278899m,127899m,ツモ1m / 打8m,"(3, 1, 15, 12, 4.95238)","(4, 1, 4, 8, 4.5)",3,4,0,0
278899m,227899m,ツモ2m / 打8m,"(3, 1, 15, 12, 4.95238)","(4, 2, 5, 12, 5.3125)",3,4,0,0
278899m,237899m,ツモ3m / 打8m,"(3, 1, 15, 12, 4.95238)","(8, 2, 2, 12, 6.21053)",3,8,0,1
278899m,247899m,ツモ4m / 打8m,"(3, 1, 15, 12, 4.95238)","(4, 1, 8, 8, 5.2381)",3,4,0,0
278899m,678899m,ツモ6m / 打2m,"(3, 1, 15, 12, 4.95238)","(7, 3, 5, 11, 5.4)",3,7,0,0
278899m,788899m,ツモ8m / 打2m,"(3, 1, 15, 12, 4.95238)","(8, 4, 1, 10, 4.16667)",3,8,0,0
278899m,788999m,ツモ9m / 打2m,"(3, 1, 15, 12, 4.95238)","(12, 5, 0, 7, 4.66667)",3,12,0,1
278999m,237999m,ツモ3m / 打8m,"(7, 3, 5, 12, 5.65217)","(8, 2, 2, 12, 6.84211)",7,8,1,1
278999m,778999m,ツモ7m / 打2m,"(7, 3, 5, 12, 5.65217)","(12, 5, 0, 8, 5.2)",7,12,1,1
278999m,788999m,ツモ8m / 打2m,"(7, 3, 5, 12, 5.65217)","(12, 5, 0, 7, 4.66667)",7,12,1,1
279999m,237999m,ツモ3m / 打9m,"(4, 1, 6, 8, 5.41176)","(8, 2, 2, 12, 6.84211)",4,8,0,1
279999m,579999m,ツモ5m / 打2m,"(4, 1, 6, 8, 5.41176)","(8, 2, 0, 8, 5.71429)",4,8,0,0
279999m,679999m,ツモ6m / 打2m,"(4, 1, 6, 8, 5.41176)","(8, 2, 2, 12, 6.76923)",4,8,0,1
279999m,779999m,ツモ7m / 打2m,"(4, 1, 6, 8, 5.41176)","(8, 3, 1, 12, 5.66667)",4,8,0,0
288889m,238888m,ツモ3m / 打9m,"(4, 1, 3, 8, 4.75)","(8, 2, 2, 12, 6.66667)",4,8,0,1
288889m,888899m,ツモ9m / 打2m,"(4, 1, 3, 8, 4.75)","(8, 3, 0, 4, 4)",4,8,0,0
288899m,238889m,ツモ3m / 打9m,"(4, 2, 3, 8, 4.71429)","(8, 2, 2, 12, 6.125)",4,8,0,1
288899m,788899m,ツモ7m / 打2m,"(4, 2, 3, 8, 4.71429)","(8, 4, 1, 10, 4.16667)",4,8,0,0
288899m,888899m,ツモ8m / 打2m,"(4, 2, 3, 8, 4.71429)","(8, 3, 0, 4, 4)",4,8,0,0
288999m,238999m,ツモ3m / 打8m,"(4, 2, 5, 12, 5.46667)","(8, 2, 2, 12, 6.33333)",4,8,0,1
288999m,688999m,ツモ6m / 打2m,"(4, 2, 5, 12, 5.46667)","(8, 3, 0, 8, 5.23077)",4,8,0,0
288999m,788999m,ツモ7m / 打2m,"(4, 2, 5, 12, 5.46667)","(12, 5, 0, 7, 4.66667)",4,12,0,1
288999m,889999m,ツモ9m / 打2m,"(4, 2, 5, 12, 5.46667)","(8, 3, 0, 8, 4.33333)",4,8,0,0
289999m,239999m,ツモ3m / 打8m,"(4, 1, 3, 8, 4.75)","(8, 2, 2, 12, 6.46154)",4,8,0,1
289999m,889999m,ツモ8m / 打2m,"(4, 1, 3, 8, 4.75)","(8, 3, 0, 8, 4.33333)",4,8,0,0
333346m,333344m,ツモ4m / 打6m,"(8, 2, 1, 12, 6.93333)","(12, 4, 0, 8, 6.4)",8,12,1,1
333347m,333344m,ツモ4m / 打7m,"(8, 2, 1, 12, 6.66667)","(12, 4, 0, 8, 6.4)",8,12,1,1
333348m,333344m,ツモ4m / 打8m,"(8, 2, 1, 12, 6.4)","(12, 4, 0, 8, 6.4)",8,12,1,1
333349m,333344m,ツモ4m / 打9m,"(8, 2, 1, 12, 5.71429)","(12, 4, 0, 8, 6.4)",8,12,1,1
333355m,233335m,ツモ2m / 打5m,"(8, 3, 1, 12, 6.33333)","(8, 2, 1, 12, 6.85714)",8,8,0,1
333355m,333556m,ツモ6m / 打3m,"(8, 3, 1, 12, 6.33333)","(12, 4, 0, 12, 6.90909)",8,12,0,1
333356m,333556m,ツモ5m / 打3m,"(8, 2, 2, 12, 7.2)","(12, 4, 0, 12, 6.90909)",8,12,1,1
333356m,333566m,ツモ6m / 打3m,"(8, 2, 2, 12, 7.2)","(12, 4, 0, 12, 6.90909)",8,12,1,1
333357m,233335m,ツモ2m / 打7m,"(8, 2, 0, 8, 6.25)","(8, 2, 1, 12, 6.85714)",8,8,0,1
333357m,333378m,ツモ8m / 打5m,"(8, 2, 0, 8, 6.25)","(8, 2, 2, 12, 7.25)",8,8,0,1
333358m,133335m,ツモ1m / 打8m,"(4, 1, 9, 8, 6.11765)","(8, 2, 0, 8, 5.42857)",4,8,0,0
333358m,233335m,ツモ2m / 打8m,"(4, 1, 9, 8, 6.11765)","(8, 2, 1, 12, 6.85714)",4,8,0,1
333358m,333355m,ツモ5m / 打8m,"(4, 1, 9, 8, 6.11765)","(8, 3, 1, 12, 6.33333)",4,8,0,0
333358m,333356m,ツモ6m / 打8m,"(4, 1, 9, 8, 6.11765)","(8, 2, 2, 12, 7.2)",4,8,0,1
333358m,333378m,ツモ7m / 打5m,"(4, 1, 9, 8, 6.11765)","(8, 2, 2, 12, 7.25)",4,8,0,1
333359m,133335m,ツモ1m / 打9m,"(4, 1, 8, 8, 6)","(8, 2, 0, 8, 5.42857)",4,8,0,0
333359m,233335m,ツモ2m / 打9m,"(4, 1, 8, 8, 6)","(8, 2, 1, 12, 6.85714)",4,8,0,1
333359m,333355m,ツモ5m / 打9m,"(4, 1, 8, 8, 6)","(8, 3, 1, 12, 6.33333)",4,8,0,0
333359m,333356m,ツモ6m / 打9m,"(4, 1, 8, 8, 6)","(8, 2, 2, 12, 7.2)",4,8,0,1
333359m,333357m,ツモ7m / 打9m,"(4, 1, 8, 8, 6)","(8, 2, 0, 8, 6.25)",4,8,0,0
333366m,233336m,ツモ2m / 打6m,"(4, 2, 8, 12, 7.07692)","(8, 2, 1, 12, 6.85714)",4,8,0,1
333366m,333346m,ツモ4m / 打6m,"(4, 2, 8, 12, 7.07692)","(8, 2, 1, 12, 6.93333)",4,8,0,1
333366m,333566m,ツモ5m / 打3m,"(4, 2, 8, 12, 7.07692)","(12, 4, 0, 12, 6.90909)",4,12,0,1
333366m,333667m,ツモ7m / 打3m,"(4, 2, 8, 12, 7.07692)","(12, 4, 0, 12, 6.90909)",4,12,0,1
333366m,333668m,ツモ8m / 打3m,"(4, 2, 8, 12, 7.07692)","(8, 3, 1, 12, 5.84615)",4,8,0,0
333367m,333667m,ツモ6m / 打3m,"(8, 2, 2, 12, 7.2)","(12, 4, 0, 12, 6.90909)",8,12,1,1
333367m,333677m,ツモ7m / 打3m,"(8, 2, 2, 12, 7.2)","(12, 4, 0, 12, 6.90909)",8,12,1,1
333368m,233336m,ツモ2m / 打8m,"(4, 1, 9, 8, 6)","(8, 2, 1, 12, 6.85714)",4,8,0,1
333368m,333346m,ツモ4m / 打8m,"(4, 1, 9, 8, 6)","(8, 2, 1, 12, 6.93333)",4,8,0,1
333368m,333356m,ツモ5m / 打8m,"(4, 1, 9, 8, 6)","(8, 2, 2, 12, 7.2)",4,8,0,1
333368m,333668m,ツモ6m / 打3m,"(4, 1, 9, 8, 6)","(8, 3, 1, 12, 5.84615)",4,8,0,0
333368m,333688m,ツモ8m / 打3m,"(4, 1, 9, 8, 6)","(8, 3, 0, 8, 5.23077)",4,8,0,0
333377m,233337m,ツモ2m / 打7m,"(4, 2, 9, 12, 7.14286)","(8, 2, 1, 12, 6.75)",4,8,0,1
333377m,333347m,ツモ4m / 打7m,"(4, 2, 9, 12, 7.14286)","(8, 2, 1, 12, 6.66667)",4,8,0,1
333377m,333577m,ツモ5m / 打3m,"(4, 2, 9, 12, 7.14286)","(8, 3, 1, 12, 6.21429)",4,8,0,0
333377m,333677m,ツモ6m / 打3m,"(4, 2, 9, 12, 7.14286)","(12, 4, 0, 12, 6.90909)",4,12,0,1
333377m,333778m,ツモ8m / 打3m,"(4, 2, 9, 12, 7.14286)","(12, 4, 0, 12, 6.90909)",4,12,0,1
333377m,333779m,ツモ9m / 打3m,"(4, 2, 9, 12, 7.14286)","(8, 3, 1, 12, 5.84615)",4,8,0,0
333378m,333778m,ツモ7m / 打3m,"(8, 2, 2, 12, 7.25)","(12, 4, 0, 12, 6.90909)",8,12,1,1
333378m,333788m,ツモ8m / 打3m,"(8, 2, 2, 12, 7.25)","(12, 4, 0, 12, 6.54545)",8,12,1,1
333379m,233337m,ツモ2m / 打9m,"(4, 1, 10, 8, 6.22222)","(8, 2, 1, 12, 6.75)",4,8,0,1
333379m,333347m,ツモ4m / 打9m,"(4, 1, 10, 8, 6.22222)","(8, 2, 1, 12, 6.66667)",4,8,0,1
333379m,333357m,ツモ5m / 打9m,"(4, 1, 10, 8, 6.22222)","(8, 2, 0, 8, 6.25)",4,8,0,0
333379m,333367m,ツモ6m / 打9m,"(4, 1, 10, 8, 6.22222)","(8, 2, 2, 12, 7.2)",4,8,0,1
333379m,333779m,ツモ7m / 打3m,"(4, 1, 10, 8, 6.22222)","(8, 3, 1, 12, 5.84615)",4,8,0,0
333379m,333799m,ツモ9m / 打3m,"(4, 1, 10, 8, 6.22222)","(8, 3, 0, 8, 4.92308)",4,8,0,0
333388m,233338m,ツモ2m / 打8m,"(4, 2, 6, 12, 6)","(8, 2, 1, 12, 6.13333)",4,8,0,1
333388m,333348m,ツモ4m / 打8m,"(4, 2, 6, 12, 6)","(8, 2, 1, 12, 6.4)",4,8,0,1
333388m,333688m,ツモ6m / 打3m,"(4, 2, 6, 12, 6)","(8, 3, 0, 8, 5.23077)",4,8,0,0
333388m,333788m,ツモ7m / 打3m,"(4, 2, 6, 12, 6)","(12, 4, 0, 12, 6.54545)",4,12,0,1
333388m,333889m,ツモ9m / 打3m,"(4, 2, 6, 12, 6)","(8, 3, 0, 8, 4.61538)",4,8,0,0
333389m,233338m,ツモ2m / 打9m,"(4, 1, 6, 8, 5.33333)","(8, 2, 1, 12, 6.13333)",4,8,0,1
333389m,333348m,ツモ4m / 打9m,"(4, 1, 6, 8, 5.33333)","(8, 2, 1, 12, 6.4)",4,8,0,1
333389m,333889m,ツモ8m / 打3m,"(4, 1, 6, 8, 5.33333)","(8, 3, 0, 8, 4.61538)",4,8,0,0
333389m,333899m,ツモ9m / 打3m,"(4, 1, 6, 8, 5.33333)","(8, 3, 0, 8, 4.30769)",4,8,0,0
333399m,233339m,ツモ2m / 打9m,"(4, 2, 4, 8, 5.23077)","(8, 2, 1, 12, 5.84615)",4,8,0,1
333399m,333349m,ツモ4m / 打9m,"(4, 2, 4, 8, 5.23077)","(8, 2, 1, 12, 5.71429)",4,8,0,1
333399m,333799m,ツモ7m / 打3m,"(4, 2, 4, 8, 5.23077)","(8, 3, 0, 8, 4.92308)",4,8,0,0
333399m,333899m,ツモ8m / 打3m,"(4, 2, 4, 8, 5.23077)","(8, 3, 0, 8, 4.30769)",4,8,0,0
333446m,233344m,ツモ2m / 打6m,"(8, 3, 2, 12, 6.71429)","(12, 5, 0, 11, 5.93333)",8,12,0,1
333446m,333344m,ツモ3m / 打6m,"(8, 3, 2, 12, 6.71429)","(12, 4, 0, 8, 6.4)",8,12,0,1
333446m,333467m,ツモ7m / 打4m,"(8, 3, 2, 12, 6.71429)","(8, 2, 2, 12, 7)",8,8,0,1
333447m,233344m,ツモ2m / 打7m,"(4, 2, 10, 16, 7.25)","(12, 5, 0, 11, 5.93333)",4,12,0,1
333447m,333344m,ツモ3m / 打7m,"(4, 2, 10, 16, 7.25)","(12, 4, 0, 8, 6.4)",4,12,0,1
333447m,333445m,ツモ5m / 打7m,"(4, 2, 10, 16, 7.25)","(16, 6, 0, 11, 6.33333)",4,16,0,1
333447m,333467m,ツモ6m / 打4m,"(4, 2, 10, 16, 7.25)","(8, 2, 2, 12, 7)",4,8,0,1
333447m,333478m,ツモ8m / 打4m,"(4, 2, 10, 16, 7.25)","(8, 2, 2, 12, 6.88889)",4,8,0,1
333448m,233344m,ツモ2m / 打8m,"(4, 2, 10, 16, 7.25)","(12, 5, 0, 11, 5.93333)",4,12,0,1
333448m,333344m,ツモ3m / 打8m,"(4, 2, 10, 16, 7.25)","(12, 4, 0, 8, 6.4)",4,12,0,1
333448m,333445m,ツモ5m / 打8m,"(4, 2, 10, 16, 7.25)","(16, 6, 0, 11, 6.33333)",4,16,0,1
333448m,333446m,ツモ6m / 打8m,"(4, 2, 10, 16, 7.25)","(8, 3, 2, 12, 6.71429)",4,8,0,0
333448m,333478m,ツモ7m / 打4m,"(4, 2, 10, 16, 7.25)","(8, 2, 2, 12, 6.88889)",4,8,0,1
333449m,233344m,ツモ2m / 打9m,"(4, 2, 8, 16, 6.75)","(12, 5, 0, 11, 5.93333)",4,12,0,1
333449m,333344m,ツモ3m / 打9m,"(4, 2, 8, 16, 6.75)","(12, 4, 0, 8, 6.4)",4,12,0,1
333449m,333445m,ツモ5m / 打9m,"(4, 2, 8, 16, 6.75)","(16, 6, 0, 11, 6.33333)",4,16,0,1
333449m,333446m,ツモ6m / 打9m,"(4, 2, 8, 16, 6.75)","(8, 3, 2, 12, 6.71429)",4,8,0,0
333455m,233345m,ツモ2m / 打5m,"(12, 5, 1, 14, 6.73333)","(14, 5, 0, 12, 7.0625)",12,14,1,1
333457m,133345m,ツモ1m / 打7m,"(7, 3, 11, 16, 7.29167)","(11, 4, 2, 16, 6.4375)",7,11,1,1
333457m,233345m,ツモ2m / 打7m,"(7, 3, 11, 16, 7.29167)","(14, 5, 0, 12, 7.0625)",7,14,1,1
333457m,333445m,ツモ4m / 打7m,"(7, 3, 11, 16, 7.29167)","(16, 6, 0, 11, 6.33333)",7,16,1,1
333457m,333455m,ツモ5m / 打7m,"(7, 3, 11, 16, 7.29167)","(12, 5, 1, 14, 6.73333)",7,12,1,1
333457m,333577m,ツモ7m / 打4m,"(7, 3, 11, 16, 7.29167)","(8, 3, 1, 12, 6.21429)",7,8,1,0
333457m,333579m,ツモ9m / 打4m,"(7, 3, 11, 16, 7.29167)","(8, 2, 0, 8, 5.52941)",7,8,1,0
333457m,334578m,ツモ8m / 打3m,"(7, 3, 11, 16, 7.29167)","(8, 2, 3, 12, 7.2381)",7,8,1,1
333458m,133345m,ツモ1m / 打8m,"(7, 3, 7, 16, 6.68182)","(11, 4, 2, 16, 6.4375)",7,11,1,1
333458m,233345m,ツモ2m / 打8m,"(7, 3, 7, 16, 6.68182)","(14, 5, 0, 12, 7.0625)",7,14,1,1
333458m,333445m,ツモ4m / 打8m,"(7, 3, 7, 16, 6.68182)","(16, 6, 0, 11, 6.33333)",7,16,1,1
333458m,333455m,ツモ5m / 打8m,"(7, 3, 7, 16, 6.68182)","(12, 5, 1, 14, 6.73333)",7,12,1,1
333458m,334578m,ツモ7m / 打3m,"(7, 3, 7, 16, 6.68182)","(8, 2, 3, 12, 7.2381)",7,8,1,1
333459m,133345m,ツモ1m / 打9m,"(7, 3, 5, 16, 6.31818)","(11, 4, 2, 16, 6.4375)",7,11,1,1
333459m,233345m,ツモ2m / 打9m,"(7, 3, 5, 16, 6.31818)","(14, 5, 0, 12, 7.0625)",7,14,1,1
333459m,333445m,ツモ4m / 打9m,"(7, 3, 5, 16, 6.31818)","(16, 6, 0, 11, 6.33333)",7,16,1,1
333459m,333455m,ツモ5m / 打9m,"(7, 3, 5, 16, 6.31818)","(12, 5, 1, 14, 6.73333)",7,12,1,1
333459m,333579m,ツモ7m / 打4m,"(7, 3, 5, 16, 6.31818)","(8, 2, 0, 8, 5.52941)",7,8,1,0
333466m,333346m,ツモ3m / 打6m,"(8, 3, 1, 12, 6.21429)","(8, 2, 1, 12, 6.93333)",8,8,0,1
333466m,333667m,ツモ7m / 打4m,"(8, 3, 1, 12, 6.21429)","(12, 4, 0, 12, 6.90909)",8,12,0,1
333467m,333667m,ツモ6m / 打4m,"(8, 2, 2, 12, 7)","(12, 4, 0, 12, 6.90909)",8,12,1,1
333467m,333677m,ツモ7m / 打4m,"(8, 2, 2, 12, 7)","(12, 4, 0, 12, 6.90909)",8,12,1,1
333468m,333346m,ツモ3m / 打8m,"(8, 2, 0, 8, 5.44444)","(8, 2, 1, 12, 6.93333)",8,8,0,1
333469m,233346m,ツモ2m / 打9m,"(4, 1, 8, 8, 5.76471)","(7, 3, 9, 12, 6.21739)",4,7,0,0
333469m,333346m,ツモ3m / 打9m,"(4, 1, 8, 8, 5.76471)","(8, 2, 1, 12, 6.93333)",4,8,0,1
333469m,333446m,ツモ4m / 打9m,"(4, 1, 8, 8, 5.76471)","(8, 3, 2, 12, 6.71429)",4,8,0,0
333469m,333466m,ツモ6m / 打9m,"(4, 1, 8, 8, 5.76471)","(8, 3, 1, 12, 6.21429)",4,8,0,0
333469m,333467m,ツモ7m / 打9m,"(4, 1, 8, 8, 5.76471)","(8, 2, 2, 12, 7)",4,8,0,1
333469m,333468m,ツモ8m / 打9m,"(4, 1, 8, 8, 5.76471)","(8, 2, 0, 8, 5.44444)",4,8,0,0
333477m,333347m,ツモ3m / 打7m,"(4, 2, 8, 12, 6.375)","(8, 2, 1, 12, 6.66667)",4,8,0,1
333477m,333577m,ツモ5m / 打4m,"(4, 2, 8, 12, 6.375)","(8, 3, 1, 12, 6.21429)",4,8,0,0
333477m,333677m,ツモ6m / 打4m,"(4, 2, 8, 12, 6.375)","(12, 4, 0, 12, 6.90909)",4,12,0,1
333477m,333778m,ツモ8m / 打4m,"(4, 2, 8, 12, 6.375)","(12, 4, 0, 12, 6.90909)",4,12,0,1
333477m,333779m,ツモ9m / 打4m,"(4, 2, 8, 12, 6.375)","(8, 3, 1, 12, 5.84615)",4,8,0,0
333478m,333778m,ツモ7m / 打4m,"(8, 2, 2, 12, 6.88889)","(12, 4, 0, 12, 6.90909)",8,12,1,1
333478m,333788m,ツモ8m / 打4m,"(8, 2, 2, 12, 6.88889)","(12, 4, 0, 12, 6.54545)",8,12,1,1
333479m,333347m,ツモ3m / 打9m,"(4, 1, 9, 8, 5.52381)","(8, 2, 1, 12, 6.66667)",4,8,0,1
333479m,333467m,ツモ6m / 打9m,"(4, 1, 9, 8, 5.52381)","(8, 2, 2, 12, 7)",4,8,0,1
333479m,333579m,ツモ5m / 打4m,"(4, 1, 9, 8, 5.52381)","(8, 2, 0, 8, 5.52941)",4,8,0,0
333479m,333779m,ツモ7m / 打4m,"(4, 1, 9, 8, 5.52381)","(8, 3, 1, 12, 5.84615)",4,8,0,0
333479m,333799m,ツモ9m / 打4m,"(4, 1, 9, 8, 5.52381)","(8, 3, 0, 8, 4.92308)",4,8,0,0
333488m,333348m,ツモ3m / 打8m,"(4, 2, 7, 12, 5.875)","(8, 2, 1, 12, 6.4)",4,8,0,1
333488m,333458m,ツモ5m / 打8m,"(4, 2, 7, 12, 5.875)","(7, 3, 7, 16, 6.68182)",4,7,0,1
333488m,333688m,ツモ6m / 打4m,"(4, 2, 7, 12, 5.875)","(8, 3, 0, 8, 5.23077)",4,8,0,0
333488m,333788m,ツモ7m / 打4m,"(4, 2, 7, 12, 5.875)","(12, 4, 0, 12, 6.54545)",4,12,0,1
333488m,333889m,ツモ9m / 打4m,"(4, 2, 7, 12, 5.875)","(8, 3, 0, 8, 4.61538)",4,8,0,0
333489m,333348m,ツモ3m / 打9m,"(4, 1, 7, 8, 5.14286)","(8, 2, 1, 12, 6.4)",4,8,0,1
333489m,333458m,ツモ5m / 打9m,"(4, 1, 7, 8, 5.14286)","(7, 3, 7, 16, 6.68182)",4,7,0,1
333489m,333468m,ツモ6m / 打9m,"(4, 1, 7, 8, 5.14286)","(8, 2, 0, 8, 5.44444)",4,8,0,0
333489m,333889m,ツモ8m / 打4m,"(4, 1, 7, 8, 5.14286)","(8, 3, 0, 8, 4.61538)",4,8,0,0
333489m,333899m,ツモ9m / 打4m,"(4, 1, 7, 8, 5.14286)","(8, 3, 0, 8, 4.30769)",4,8,0,0
333499m,333349m,ツモ3m / 打9m,"(4, 2, 4, 8, 4.875)","(8, 2, 1, 12, 5.71429)",4,8,0,1
333499m,333459m,ツモ5m / 打9m,"(4, 2, 4, 8, 4.875)","(7, 3, 5, 16, 6.31818)",4,7,0,1
333499m,333799m,ツモ7m / 打4m,"(4, 2, 4, 8, 4.875)","(8, 3, 0, 8, 4.92308)",4,8,0,0
333499m,333899m,ツモ8m / 打4m,"(4, 2, 4, 8, 4.875)","(8, 3, 0, 8, 4.30769)",4,8,0,0
333557m,333455m,ツモ4m / 打7m,"(8, 3, 1, 12, 6.42857)","(12, 5, 1, 14, 6.73333)",8,12,0,1
333557m,333578m,ツモ8m / 打5m,"(8, 3, 1, 12, 6.42857)","(8, 2, 2, 12, 7.17647)",8,8,0,1
333558m,333355m,ツモ3m / 打8m,"(4, 2, 7, 12, 6.42857)","(8, 3, 1, 12, 6.33333)",4,8,0,0
333558m,333455m,ツモ4m / 打8m,"(4, 2, 7, 12, 6.42857)","(12, 5, 1, 14, 6.73333)",4,12,0,1
333558m,333556m,ツモ6m / 打8m,"(4, 2, 7, 12, 6.42857)","(12, 4, 0, 12, 6.90909)",4,12,0,1
333558m,333578m,ツモ7m / 打5m,"(4, 2, 7, 12, 6.42857)","(8, 2, 2, 12, 7.17647)",4,8,0,1
333559m,333355m,ツモ3m / 打9m,"(4, 2, 7, 12, 6.42857)","(8, 3, 1, 12, 6.33333)",4,8,0,0
333559m,333455m,ツモ4m / 打9m,"(4, 2, 7, 12, 6.42857)","(12, 5, 1, 14, 6.73333)",4,12,0,1
333559m,333556m,ツモ6m / 打9m,"(4, 2, 7, 12, 6.42857)","(12, 4, 0, 12, 6.90909)",4,12,0,1
333559m,333557m,ツモ7m / 打9m,"(4, 2, 7, 12, 6.42857)","(8, 3, 1, 12, 6.42857)",4,8,0,0
333568m,333556m,ツモ5m / 打8m,"(8, 2, 2, 12, 6.5)","(12, 4, 0, 12, 6.90909)",8,12,1,1
333568m,333566m,ツモ6m / 打8m,"(8, 2, 2, 12, 6.5)","(12, 4, 0, 12, 6.90909)",8,12,1,1
333569m,333556m,ツモ5m / 打9m,"(8, 2, 2, 12, 6.46154)","(12, 4, 0, 12, 6.90909)",8,12,1,1
333569m,333566m,ツモ6m / 打9m,"(8, 2, 2, 12, 6.46154)","(12, 4, 0, 12, 6.90909)",8,12,1,1
333577m,333778m,ツモ8m / 打5m,"(8, 3, 1, 12, 6.21429)","(12, 4, 0, 12, 6.90909)",8,12,0,1
333578m,333778m,ツモ7m / 打5m,"(8, 2, 2, 12, 7.17647)","(12, 4, 0, 12, 6.90909)",8,12,1,1
333578m,333788m,ツモ8m / 打5m,"(8, 2, 2, 12, 7.17647)","(12, 4, 0, 12, 6.54545)",8,12,1,1
333588m,333458m,ツモ4m / 打8m,"(4, 2, 6, 12, 5.92857)","(7, 3, 7, 16, 6.68182)",4,7,0,1
333588m,333568m,ツモ6m / 打8m,"(4, 2, 6, 12, 5.92857)","(8, 2, 2, 12, 6.5)",4,8,0,1
333588m,333788m,ツモ7m / 打5m,"(4, 2, 6, 12, 5.92857)","(12, 4, 0, 12, 6.54545)",4,12,0,1
333588m,333889m,ツモ9m / 打5m,"(4, 2, 6, 12, 5.92857)","(8, 3, 0, 8, 4.61538)",4,8,0,0
333589m,333458m,ツモ4m / 打9m,"(4, 1, 6, 8, 5.22222)","(7, 3, 7, 16, 6.68182)",4,7,0,1
333589m,333568m,ツモ6m / 打9m,"(4, 1, 6, 8, 5.22222)","(8, 2, 2, 12, 6.5)",4,8,0,1
333589m,333889m,ツモ8m / 打5m,"(4, 1, 6, 8, 5.22222)","(8, 3, 0, 8, 4.61538)",4,8,0,0
333589m,333899m,ツモ9m / 打5m,"(4, 1, 6, 8, 5.22222)","(8, 3, 0, 8, 4.30769)",4,8,0,0
333599m,333459m,ツモ4m / 打9m,"(4, 2, 5, 8, 5.35714)","(7, 3, 5, 16, 6.31818)",4,7,0,1
333599m,333569m,ツモ6m / 打9m,"(4, 2, 5, 8, 5.35714)","(8, 2, 2, 12, 6.46154)",4,8,0,1
333599m,333799m,ツモ7m / 打5m,"(4, 2, 5, 8, 5.35714)","(8, 3, 0, 8, 4.92308)",4,8,0,0
333599m,333899m,ツモ8m / 打5m,"(4, 2, 5, 8, 5.35714)","(8, 3, 0, 8, 4.30769)",4,8,0,0
333668m,333566m,ツモ5m / 打8m,"(8, 3, 1, 12, 5.84615)","(12, 4, 0, 12, 6.90909)",8,12,0,1
333669m,333466m,ツモ4m / 打9m,"(4, 2, 6, 12, 6.66667)","(8, 3, 1, 12, 6.21429)",4,8,0,0
333669m,333566m,ツモ5m / 打9m,"(4, 2, 6, 12, 6.66667)","(12, 4, 0, 12, 6.90909)",4,12,0,1
333669m,333667m,ツモ7m / 打9m,"(4, 2, 6, 12, 6.66667)","(12, 4, 0, 12, 6.90909)",4,12,0,1
333669m,333668m,ツモ8m / 打9m,"(4, 2, 6, 12, 6.66667)","(8, 3, 1, 12, 5.84615)",4,8,0,0
333679m,333667m,ツモ6m / 打9m,"(8, 2, 2, 12, 6.66667)","(12, 4, 0, 12, 6.90909)",8,12,1,1
333679m,333677m,ツモ7m / 打9m,"(8, 2, 2, 12, 6.66667)","(12, 4, 0, 12, 6.90909)",8,12,1,1
333688m,333568m,ツモ5m / 打8m,"(8, 3, 0, 8, 5.23077)","(8, 2, 2, 12, 6.5)",8,8,0,1
333689m,333468m,ツモ4m / 打9m,"(4, 1, 7, 8, 5.55556)","(8, 2, 0, 8, 5.44444)",4,8,0,0
333689m,333568m,ツモ5m / 打9m,"(4, 1, 7, 8, 5.55556)","(8, 2, 2, 12, 6.5)",4,8,0,1
333689m,333668m,ツモ6m / 打9m,"(4, 1, 7, 8, 5.55556)","(8, 3, 1, 12, 5.84615)",4,8,0,0
333689m,333688m,ツモ8m / 打9m,"(4, 1, 7, 8, 5.55556)","(8, 3, 0, 8, 5.23077)",4,8,0,0
333689m,333899m,ツモ9m / 打6m,"(4, 1, 7, 8, 5.55556)","(8, 3, 0, 8, 4.30769)",4,8,0,0
333699m,333569m,ツモ5m / 打9m,"(4, 2, 4, 8, 5.33333)","(8, 2, 2, 12, 6.46154)",4,8,0,1
333699m,333679m,ツモ7m / 打9m,"(4, 2, 4, 8, 5.33333)","(8, 2, 2, 12, 6.66667)",4,8,0,1
333699m,333899m,ツモ8m / 打6m,"(4, 2, 4, 8, 5.33333)","(8, 3, 0, 8, 4.30769)",4,8,0,0
333779m,333677m,ツモ6m / 打9m,"(8, 3, 1, 12, 5.84615)","(12, 4, 0, 12, 6.90909)",8,12,0,1
333799m,333679m,ツモ6m / 打9m,"(8, 3, 0, 8, 4.92308)","(8, 2, 2, 12, 6.66667)",8,8,0,1
334445m,344456m,ツモ6m / 打3m,"(12, 5, 1, 14, 6.46667)","(14, 5, 0, 12, 7.11765)",12,14,1,1
334446m,133444m,ツモ1m / 打6m,"(4, 2, 10, 16, 8.1875)","(8, 3, 2, 12, 6.14286)",4,8,0,0
334446m,233444m,ツモ2m / 打6m,"(4, 2, 10, 16, 8.1875)","(16, 6, 0, 11, 6.33333)",4,16,0,1
334446m,334444m,ツモ4m / 打6m,"(4, 2, 10, 16, 8.1875)","(12, 4, 0, 8, 6.4)",4,12,0,1
334446m,344456m,ツモ5m / 打3m,"(4, 2, 10, 16, 8.1875)","(14, 5, 0, 12, 7.11765)",4,14,0,1
334446m,344467m,ツモ7m / 打3m,"(4, 2, 10, 16, 8.1875)","(8, 2, 3, 12, 7)",4,8,0,1
334447m,133444m,ツモ1m / 打7m,"(4, 2, 11, 16, 7.29412)","(8, 3, 2, 12, 6.14286)",4,8,0,0
334447m,233444m,ツモ2m / 打7m,"(4, 2, 11, 16, 7.29412)","(16, 6, 0, 11, 6.33333)",4,16,0,1
334447m,334444m,ツモ4m / 打7m,"(4, 2, 11, 16, 7.29412)","(12, 4, 0, 8, 6.4)",4,12,0,1
334447m,334445m,ツモ5m / 打7m,"(4, 2, 11, 16, 7.29412)","(12, 5, 1, 14, 6.46667)",4,12,0,1
334447m,344467m,ツモ6m / 打3m,"(4, 2, 11, 16, 7.29412)","(8, 2, 3, 12, 7)",4,8,0,1
334447m,344478m,ツモ8m / 打3m,"(4, 2, 11, 16, 7.29412)","(8, 2, 2, 12, 6.8)",4,8,0,1
334448m,133444m,ツモ1m / 打8m,"(4, 2, 9, 16, 6.82353)","(8, 3, 2, 12, 6.14286)",4,8,0,0
334448m,233444m,ツモ2m / 打8m,"(4, 2, 9, 16, 6.82353)","(16, 6, 0, 11, 6.33333)",4,16,0,1
334448m,334444m,ツモ4m / 打8m,"(4, 2, 9, 16, 6.82353)","(12, 4, 0, 8, 6.4)",4,12,0,1
334448m,334445m,ツモ5m / 打8m,"(4, 2, 9, 16, 6.82353)","(12, 5, 1, 14, 6.46667)",4,12,0,1
334448m,344478m,ツモ7m / 打3m,"(4, 2, 9, 16, 6.82353)","(8, 2, 2, 12, 6.8)",4,8,0,1
334449m,133444m,ツモ1m / 打9m,"(4, 2, 8, 16, 6.75)","(8, 3, 2, 12, 6.14286)",4,8,0,0
334449m,233444m,ツモ2m / 打9m,"(4, 2, 8, 16, 6.75)","(16, 6, 0, 11, 6.33333)",4,16,0,1
334449m,334444m,ツモ4m / 打9m,"(4, 2, 8, 16, 6.75)","(12, 4, 0, 8, 6.4)",4,12,0,1
334449m,334445m,ツモ5m / 打9m,"(4, 2, 8, 16, 6.75)","(12, 5, 1, 14, 6.46667)",4,12,0,1
334456m,344456m,ツモ4m / 打3m,"(11, 4, 4, 15, 8.82353)","(14, 5, 0, 12, 7.11765)",11,14,1,1
334456m,344567m,ツモ7m / 打3m,"(11, 4, 4, 15, 8.82353)","(15, 5, 0, 15, 9.1875)",11,15,1,1
334457m,333445m,ツモ3m / 打7m,"(7, 2, 7, 16, 7.78947)","(16, 6, 0, 11, 6.33333)",7,16,1,1
334457m,334445m,ツモ4m / 打7m,"(7, 2, 7, 16, 7.78947)","(12, 5, 1, 14, 6.46667)",7,12,1,1
334457m,334578m,ツモ8m / 打4m,"(7, 2, 7, 16, 7.78947)","(8, 2, 3, 12, 7.2381)",7,8,1,1
334457m,344567m,ツモ6m / 打3m,"(7, 2, 7, 16, 7.78947)","(15, 5, 0, 15, 9.1875)",7,15,1,1
334458m,333445m,ツモ3m / 打8m,"(7, 2, 7, 16, 7)","(16, 6, 0, 11, 6.33333)",7,16,1,1
334458m,334445m,ツモ4m / 打8m,"(7, 2, 7, 16, 7)","(12, 5, 1, 14, 6.46667)",7,12,1,1
334458m,334456m,ツモ6m / 打8m,"(7, 2, 7, 16, 7)","(11, 4, 4, 15, 8.82353)",7,11,1,1
334458m,334578m,ツモ7m / 打4m,"(7, 2, 7, 16, 7)","(8, 2, 3, 12, 7.2381)",7,8,1,1
334459m,333445m,ツモ3m / 打9m,"(7, 2, 3, 16, 6.15789)","(16, 6, 0, 11, 6.33333)",7,16,1,1
334459m,334445m,ツモ4m / 打9m,"(7, 2, 3, 16, 6.15789)","(12, 5, 1, 14, 6.46667)",7,12,1,1
334459m,334456m,ツモ6m / 打9m,"(7, 2, 3, 16, 6.15789)","(11, 4, 4, 15, 8.82353)",7,11,1,1
334555m,345556m,ツモ6m / 打3m,"(12, 5, 1, 14, 6.73333)","(14, 5, 0, 12, 7.11765)",12,14,1,1
334556m,234556m,ツモ2m / 打3m,"(11, 4, 4, 15, 8.58824)","(15, 5, 0, 15, 9.26667)",11,15,1,1
334556m,345556m,ツモ5m / 打3m,"(11, 4, 4, 15, 8.58824)","(14, 5, 0, 12, 7.11765)",11,14,1,1
334557m,233455m,ツモ2m / 打7m,"(7, 2, 11, 12, 7.25)","(11, 4, 4, 15, 8.35294)",7,11,0,1
334557m,333455m,ツモ3m / 打7m,"(7, 2, 11, 12, 7.25)","(12, 5, 1, 14, 6.73333)",7,12,0,1
334557m,334555m,ツモ5m / 打7m,"(7, 2, 11, 12, 7.25)","(12, 5, 1, 14, 6.73333)",7,12,0,1
334557m,345577m,ツモ7m / 打3m,"(7, 2, 11, 12, 7.25)","(8, 3, 2, 12, 6.73333)",7,8,0,0
334557m,345578m,ツモ8m / 打3m,"(7, 2, 11, 12, 7.25)","(8, 2, 3, 12, 7.47368)",7,8,0,1
334557m,345579m,ツモ9m / 打3m,"(7, 2, 11, 12, 7.25)","(8, 2, 1, 11, 6)",7,8,0,0
334558m,133455m,ツモ1m / 打8m,"(3, 1, 21, 12, 6.68182)","(7, 2, 8, 12, 6.94444)",3,7,0,0
334558m,233455m,ツモ2m / 打8m,"(3, 1, 21, 12, 6.68182)","(11, 4, 4, 15, 8.35294)",3,11,0,1
334558m,333455m,ツモ3m / 打8m,"(3, 1, 21, 12, 6.68182)","(12, 5, 1, 14, 6.73333)",3,12,0,1
334558m,334555m,ツモ5m / 打8m,"(3, 1, 21, 12, 6.68182)","(12, 5, 1, 14, 6.73333)",3,12,0,1
334558m,334556m,ツモ6m / 打8m,"(3, 1, 21, 12, 6.68182)","(11, 4, 4, 15, 8.58824)",3,11,0,1
334558m,334588m,ツモ8m / 打5m,"(3, 1, 21, 12, 6.68182)","(4, 2, 8, 12, 5.77778)",3,4,0,0
334558m,334589m,ツモ9m / 打5m,"(3, 1, 21, 12, 6.68182)","(4, 1, 9, 8, 5.16667)",3,4,0,0
334558m,345578m,ツモ7m / 打3m,"(3, 1, 21, 12, 6.68182)","(8, 2, 3, 12, 7.47368)",3,8,0,1
334559m,133455m,ツモ1m / 打9m,"(3, 1, 21, 12, 6.31818)","(7, 2, 8, 12, 6.94444)",3,7,0,0
334559m,233455m,ツモ2m / 打9m,"(3, 1, 21, 12, 6.31818)","(11, 4, 4, 15, 8.35294)",3,11,0,1
334559m,333455m,ツモ3m / 打9m,"(3, 1, 21, 12, 6.31818)","(12, 5, 1, 14, 6.73333)",3,12,0,1
334559m,334555m,ツモ5m / 打9m,"(3, 1, 21, 12, 6.31818)","(12, 5, 1, 14, 6.73333)",3,12,0,1
334559m,334556m,ツモ6m / 打9m,"(3, 1, 21, 12, 6.31818)","(11, 4, 4, 15, 8.58824)",3,11,0,1
334559m,334589m,ツモ8m / 打5m,"(3, 1, 21, 12, 6.31818)","(4, 1, 9, 8, 5.16667)",3,4,0,0
334559m,345579m,ツモ7m / 打3m,"(3, 1, 21, 12, 6.31818)","(8, 2, 1, 11, 6)",3,8,0,0
334559m,345599m,ツモ9m / 打3m,"(3, 1, 21, 12, 6.31818)","(4, 2, 6, 8, 5.17647)",3,4,0,0
334566m,133456m,ツモ1m / 打6m,"(6, 3, 12, 15, 9.5)","(8, 3, 5, 15, 7.7)",6,8,0,0
334566m,233456m,ツモ2m / 打6m,"(6, 3, 12, 15, 9.5)","(15, 5, 0, 15, 9.1875)",6,15,0,1
334566m,334456m,ツモ4m / 打6m,"(6, 3, 12, 15, 9.5)","(11, 4, 4, 15, 8.82353)",6,11,0,1
334566m,345566m,ツモ5m / 打3m,"(6, 3, 12, 15, 9.5)","(11, 4, 4, 15, 8.82353)",6,11,0,1
334566m,345667m,ツモ7m / 打3m,"(6, 3, 12, 15, 9.5)","(15, 5, 0, 15, 9.1875)",6,15,0,1
334566m,345668m,ツモ8m / 打3m,"(6, 3, 12, 15, 9.5)","(8, 3, 5, 15, 7.7)",6,8,0,0
334568m,233456m,ツモ2m / 打8m,"(8, 3, 5, 15, 7.25)","(15, 5, 0, 15, 9.1875)",8,15,0,1
334568m,334456m,ツモ4m / 打8m,"(8, 3, 5, 15, 7.25)","(11, 4, 4, 15, 8.82353)",8,11,0,1
334568m,334556m,ツモ5m / 打8m,"(8, 3, 5, 15, 7.25)","(11, 4, 4, 15, 8.58824)",8,11,0,1
334569m,133456m,ツモ1m / 打9m,"(4, 2, 13, 15, 7.08696)","(8, 3, 5, 15, 7.7)",4,8,0,0
334569m,233456m,ツモ2m / 打9m,"(4, 2, 13, 15, 7.08696)","(15, 5, 0, 15, 9.1875)",4,15,0,1
334569m,334456m,ツモ4m / 打9m,"(4, 2, 13, 15, 7.08696)","(11, 4, 4, 15, 8.82353)",4,11,0,1
334569m,334556m,ツモ5m / 打9m,"(4, 2, 13, 15, 7.08696)","(11, 4, 4, 15, 8.58824)",4,11,0,1
334569m,334566m,ツモ6m / 打9m,"(4, 2, 13, 15, 7.08696)","(6, 3, 12, 15, 9.5)",4,6,0,0
334569m,334567m,ツモ7m / 打9m,"(4, 2, 13, 15, 7.08696)","(15, 5, 0, 15, 7.94118)",4,15,0,1
334569m,334568m,ツモ8m / 打9m,"(4, 2, 13, 15, 7.08696)","(8, 3, 5, 15, 7.25)",4,8,0,0
334577m,233457m,ツモ2m / 打7m,"(4, 2, 12, 15, 7.47368)","(11, 3, 1, 14, 7.14286)",4,11,0,1
334577m,333577m,ツモ3m / 打4m,"(4, 2, 12, 15, 7.47368)","(8, 3, 1, 12, 6.21429)",4,8,0,0
334577m,334457m,ツモ4m / 打7m,"(4, 2, 12, 15, 7.47368)","(7, 2, 7, 16, 7.78947)",4,7,0,1
334577m,334567m,ツモ6m / 打7m,"(4, 2, 12, 15, 7.47368)","(15, 5, 0, 15, 7.94118)",4,15,0,1
334577m,345577m,ツモ5m / 打3m,"(4, 2, 12, 15, 7.47368)","(8, 3, 2, 12, 6.73333)",4,8,0,0
334577m,345677m,ツモ6m / 打3m,"(4, 2, 12, 15, 7.47368)","(15, 5, 0, 15, 7.94118)",4,15,0,1
334577m,345778m,ツモ8m / 打3m,"(4, 2, 12, 15, 7.47368)","(12, 4, 0, 12, 7.66667)",4,12,0,1
334577m,345779m,ツモ9m / 打3m,"(4, 2, 12, 15, 7.47368)","(8, 3, 2, 15, 6.875)",4,8,0,0
334578m,233457m,ツモ2m / 打8m,"(8, 2, 3, 12, 7.2381)","(11, 3, 1, 14, 7.14286)",8,11,1,1
334578m,345778m,ツモ7m / 打3m,"(8, 2, 3, 12, 7.2381)","(12, 4, 0, 12, 7.66667)",8,12,1,1
334578m,345788m,ツモ8m / 打3m,"(8, 2, 3, 12, 7.2381)","(12, 4, 0, 12, 7)",8,12,1,1
334579m,233457m,ツモ2m / 打9m,"(4, 1, 14, 15, 6.48)","(11, 3, 1, 14, 7.14286)",4,11,0,1
334579m,333579m,ツモ3m / 打4m,"(4, 1, 14, 15, 6.48)","(8, 2, 0, 8, 5.52941)",4,8,0,0
334579m,334457m,ツモ4m / 打9m,"(4, 1, 14, 15, 6.48)","(7, 2, 7, 16, 7.78947)",4,7,0,1
334579m,334567m,ツモ6m / 打9m,"(4, 1, 14, 15, 6.48)","(15, 5, 0, 15, 7.94118)",4,15,0,1
334579m,345579m,ツモ5m / 打3m,"(4, 1, 14, 15, 6.48)","(8, 2, 1, 11, 6)",4,8,0,0
334579m,345779m,ツモ7m / 打3m,"(4, 1, 14, 15, 6.48)","(8, 3, 2, 15, 6.875)",4,8,0,0
334579m,345799m,ツモ9m / 打3m,"(4, 1, 14, 15, 6.48)","(8, 3, 1, 11, 5.6875)",4,8,0,0
334588m,233458m,ツモ2m / 打8m,"(4, 2, 8, 12, 5.77778)","(7, 2, 10, 15, 7)",4,7,0,1
334588m,333458m,ツモ3m / 打8m,"(4, 2, 8, 12, 5.77778)","(7, 3, 7, 16, 6.68182)",4,7,0,1
334588m,334458m,ツモ4m / 打8m,"(4, 2, 8, 12, 5.77778)","(7, 2, 7, 16, 7)",4,7,0,1
334588m,334568m,ツモ6m / 打8m,"(4, 2, 8, 12, 5.77778)","(8, 3, 5, 15, 7.25)",4,8,0,0
334588m,345788m,ツモ7m / 打3m,"(4, 2, 8, 12, 5.77778)","(12, 4, 0, 12, 7)",4,12,0,1
334588m,345889m,ツモ9m / 打3m,"(4, 2, 8, 12, 5.77778)","(8, 3, 0, 8, 5.06667)",4,8,0,0
334589m,233458m,ツモ2m / 打9m,"(4, 1, 9, 8, 5.16667)","(7, 2, 10, 15, 7)",4,7,0,1
334589m,333458m,ツモ3m / 打9m,"(4, 1, 9, 8, 5.16667)","(7, 3, 7, 16, 6.68182)",4,7,0,1
334589m,334458m,ツモ4m / 打9m,"(4, 1, 9, 8, 5.16667)","(7, 2, 7, 16, 7)",4,7,0,1
334589m,334568m,ツモ6m / 打9m,"(4, 1, 9, 8, 5.16667)","(8, 3, 5, 15, 7.25)",4,8,0,0
334589m,345889m,ツモ8m / 打3m,"(4, 1, 9, 8, 5.16667)","(8, 3, 0, 8, 5.06667)",4,8,0,0
334589m,345899m,ツモ9m / 打3m,"(4, 1, 9, 8, 5.16667)","(8, 3, 0, 8, 4.8)",4,8,0,0
334599m,233459m,ツモ2m / 打9m,"(4, 2, 5, 8, 4.88889)","(7, 2, 7, 15, 6.6087)",4,7,0,1
334599m,333459m,ツモ3m / 打9m,"(4, 2, 5, 8, 4.88889)","(7, 3, 5, 16, 6.31818)",4,7,0,1
334599m,334459m,ツモ4m / 打9m,"(4, 2, 5, 8, 4.88889)","(7, 2, 3, 16, 6.15789)",4,7,0,1
334599m,345799m,ツモ7m / 打3m,"(4, 2, 5, 8, 4.88889)","(8, 3, 1, 11, 5.6875)",4,8,0,0
334599m,345899m,ツモ8m / 打3m,"(4, 2, 5, 8, 4.88889)","(8, 3, 0, 8, 4.8)",4,8,0,0
335555m,233555m,ツモ2m / 打5m,"(8, 3, 1, 12, 6.33333)","(12, 4, 0, 12, 6.90909)",8,12,0,1
335555m,355556m,ツモ6m / 打3m,"(8, 3, 1, 12, 6.33333)","(8, 2, 1, 12, 6.66667)",8,8,0,1
335556m,133555m,ツモ1m / 打6m,"(4, 2, 10, 14, 7.75)","(8, 3, 1, 12, 5.85714)",4,8,0,0
335556m,233555m,ツモ2m / 打6m,"(4, 2, 10, 14, 7.75)","(12, 4, 0, 12, 6.90909)",4,12,0,1
335556m,345556m,ツモ4m / 打3m,"(4, 2, 10, 14, 7.75)","(14, 5, 0, 12, 7.11765)",4,14,0,1
335556m,355556m,ツモ5m / 打3m,"(4, 2, 10, 14, 7.75)","(8, 2, 1, 12, 6.66667)",4,8,0,1
335556m,355567m,ツモ7m / 打3m,"(4, 2, 10, 14, 7.75)","(11, 4, 2, 16, 6.75)",4,11,0,1
335557m,133555m,ツモ1m / 打7m,"(4, 2, 11, 12, 7.35294)","(8, 3, 1, 12, 5.85714)",4,8,0,0
335557m,233555m,ツモ2m / 打7m,"(4, 2, 11, 12, 7.35294)","(12, 4, 0, 12, 6.90909)",4,12,0,1
335557m,334555m,ツモ4m / 打7m,"(4, 2, 11, 12, 7.35294)","(12, 5, 1, 14, 6.73333)",4,12,0,1
335557m,335555m,ツモ5m / 打7m,"(4, 2, 11, 12, 7.35294)","(8, 3, 1, 12, 6.33333)",4,8,0,0
335557m,355567m,ツモ6m / 打3m,"(4, 2, 11, 12, 7.35294)","(11, 4, 2, 16, 6.75)",4,11,0,1
335557m,355578m,ツモ8m / 打3m,"(4, 2, 11, 12, 7.35294)","(8, 2, 3, 12, 7.05263)",4,8,0,1
335558m,133555m,ツモ1m / 打8m,"(4, 2, 7, 12, 6.125)","(8, 3, 1, 12, 5.85714)",4,8,0,0
335558m,233555m,ツモ2m / 打8m,"(4, 2, 7, 12, 6.125)","(12, 4, 0, 12, 6.90909)",4,12,0,1
335558m,334555m,ツモ4m / 打8m,"(4, 2, 7, 12, 6.125)","(12, 5, 1, 14, 6.73333)",4,12,0,1
335558m,335555m,ツモ5m / 打8m,"(4, 2, 7, 12, 6.125)","(8, 3, 1, 12, 6.33333)",4,8,0,0
335558m,355578m,ツモ7m / 打3m,"(4, 2, 7, 12, 6.125)","(8, 2, 3, 12, 7.05263)",4,8,0,1
335559m,133555m,ツモ1m / 打9m,"(4, 2, 6, 12, 6)","(8, 3, 1, 12, 5.85714)",4,8,0,0
335559m,233555m,ツモ2m / 打9m,"(4, 2, 6, 12, 6)","(12, 4, 0, 12, 6.90909)",4,12,0,1
335559m,334555m,ツモ4m / 打9m,"(4, 2, 6, 12, 6)","(12, 5, 1, 14, 6.73333)",4,12,0,1
335559m,335555m,ツモ5m / 打9m,"(4, 2, 6, 12, 6)","(8, 3, 1, 12, 6.33333)",4,8,0,0
335567m,233567m,ツモ2m / 打5m,"(8, 3, 2, 12, 6.73333)","(12, 4, 0, 12, 7.66667)",8,12,0,1
335567m,355567m,ツモ5m / 打3m,"(8, 3, 2, 12, 6.73333)","(11, 4, 2, 16, 6.75)",8,11,0,1
335666m,233666m,ツモ2m / 打5m,"(8, 3, 1, 12, 6.21429)","(12, 4, 0, 12, 6.90909)",8,12,0,1
335666m,356666m,ツモ6m / 打3m,"(8, 3, 1, 12, 6.21429)","(8, 2, 1, 12, 6.93333)",8,8,0,1
335667m,133567m,ツモ1m / 打6m,"(4, 2, 13, 15, 7.55556)","(8, 3, 2, 15, 6.875)",4,8,0,0
335667m,233567m,ツモ2m / 打6m,"(4, 2, 13, 15, 7.55556)","(12, 4, 0, 12, 7.66667)",4,12,0,1
335667m,335567m,ツモ5m / 打6m,"(4, 2, 13, 15, 7.55556)","(8, 3, 2, 12, 6.73333)",4,8,0,0
335667m,335666m,ツモ6m / 打7m,"(4, 2, 13, 15, 7.55556)","(8, 3, 1, 12, 6.21429)",4,8,0,0
335667m,335678m,ツモ8m / 打6m,"(4, 2, 13, 15, 7.55556)","(8, 3, 3, 12, 7.05)",4,8,0,0
335667m,345667m,ツモ4m / 打3m,"(4, 2, 13, 15, 7.55556)","(15, 5, 0, 15, 9.1875)",4,15,0,1
335667m,356677m,ツモ7m / 打3m,"(4, 2, 13, 15, 7.55556)","(7, 2, 7, 16, 7.78947)",4,7,0,1
335677m,133567m,ツモ1m / 打7m,"(4, 2, 12, 15, 7.47368)","(8, 3, 2, 15, 6.875)",4,8,0,0
335677m,233567m,ツモ2m / 打7m,"(4, 2, 12, 15, 7.47368)","(12, 4, 0, 12, 7.66667)",4,12,0,1
335677m,334567m,ツモ4m / 打7m,"(4, 2, 12, 15, 7.47368)","(15, 5, 0, 15, 7.94118)",4,15,0,1
335677m,335567m,ツモ5m / 打7m,"(4, 2, 12, 15, 7.47368)","(8, 3, 2, 12, 6.73333)",4,8,0,0
335677m,335777m,ツモ7m / 打6m,"(4, 2, 12, 15, 7.47368)","(8, 3, 1, 12, 6.21429)",4,8,0,0
335677m,345677m,ツモ4m / 打3m,"(4, 2, 12, 15, 7.47368)","(15, 5, 0, 15, 7.94118)",4,15,0,1
335677m,356677m,ツモ6m / 打3m,"(4, 2, 12, 15, 7.47368)","(7, 2, 7, 16, 7.78947)",4,7,0,1
335677m,356778m,ツモ8m / 打3m,"(4, 2, 12, 15, 7.47368)","(11, 3, 1, 14, 7.14286)",4,11,0,1
335678m,233678m,ツモ2m / 打5m,"(8, 3, 3, 12, 7.05)","(12, 4, 0, 12, 7.69231)",8,12,0,1
335678m,356778m,ツモ7m / 打3m,"(8, 3, 3, 12, 7.05)","(11, 3, 1, 14, 7.14286)",8,11,0,1
335679m,133567m,ツモ1m / 打9m,"(4, 2, 9, 15, 6.72222)","(8, 3, 2, 15, 6.875)",4,8,0,0
335679m,233567m,ツモ2m / 打9m,"(4, 2, 9, 15, 6.72222)","(12, 4, 0, 12, 7.66667)",4,12,0,1
335679m,334567m,ツモ4m / 打9m,"(4, 2, 9, 15, 6.72222)","(15, 5, 0, 15, 7.94118)",4,15,0,1
335679m,335567m,ツモ5m / 打9m,"(4, 2, 9, 15, 6.72222)","(8, 3, 2, 12, 6.73333)",4,8,0,0
335679m,335678m,ツモ8m / 打9m,"(4, 2, 9, 15, 6.72222)","(8, 3, 3, 12, 7.05)",4,8,0,0
335777m,233777m,ツモ2m / 打5m,"(8, 3, 1, 12, 6.21429)","(12, 4, 0, 12, 6.90909)",8,12,0,1
335789m,233789m,ツモ2m / 打5m,"(8, 3, 1, 12, 6.33333)","(12, 4, 0, 12, 7.33333)",8,12,0,1
335888m,233888m,ツモ2m / 打5m,"(8, 3, 1, 12, 6.46154)","(12, 4, 0, 12, 6.90909)",8,12,0,1
335888m,356888m,ツモ6m / 打3m,"(8, 3, 1, 12, 6.46154)","(8, 2, 2, 12, 7.05882)",8,8,0,1
335999m,233999m,ツモ2m / 打5m,"(8, 3, 1, 12, 6.46154)","(12, 4, 0, 12, 6.90909)",8,12,0,1
335999m,356999m,ツモ6m / 打3m,"(8, 3, 1, 12, 6.46154)","(8, 2, 2, 12, 7.05882)",8,8,0,1
336666m,133666m,ツモ1m / 打6m,"(4, 2, 8, 12, 7.07692)","(8, 3, 1, 12, 5.84615)",4,8,0,0
336666m,233666m,ツモ2m / 打6m,"(4, 2, 8, 12, 7.07692)","(12, 4, 0, 12, 6.90909)",4,12,0,1
336666m,334666m,ツモ4m / 打6m,"(4, 2, 8, 12, 7.07692)","(12, 4, 0, 12, 6.90909)",4,12,0,1
336666m,356666m,ツモ5m / 打3m,"(4, 2, 8, 12, 7.07692)","(8, 2, 1, 12, 6.93333)",4,8,0,1
336666m,366667m,ツモ7m / 打3m,"(4, 2, 8, 12, 7.07692)","(8, 2, 1, 12, 6.66667)",4,8,0,1
336667m,133666m,ツモ1m / 打7m,"(4, 2, 9, 12, 6.47059)","(8, 3, 1, 12, 5.84615)",4,8,0,0
336667m,233666m,ツモ2m / 打7m,"(4, 2, 9, 12, 6.47059)","(12, 4, 0, 12, 6.90909)",4,12,0,1
336667m,334666m,ツモ4m / 打7m,"(4, 2, 9, 12, 6.47059)","(12, 4, 0, 12, 6.90909)",4,12,0,1
336667m,335666m,ツモ5m / 打7m,"(4, 2, 9, 12, 6.47059)","(8, 3, 1, 12, 6.21429)",4,8,0,0
336667m,366667m,ツモ6m / 打3m,"(4, 2, 9, 12, 6.47059)","(8, 2, 1, 12, 6.66667)",4,8,0,1
336667m,366678m,ツモ8m / 打3m,"(4, 2, 9, 12, 6.47059)","(7, 3, 10, 16, 7)",4,7,0,1
336668m,133666m,ツモ1m / 打8m,"(4, 2, 7, 12, 6.1875)","(8, 3, 1, 12, 5.84615)",4,8,0,0
336668m,233666m,ツモ2m / 打8m,"(4, 2, 7, 12, 6.1875)","(12, 4, 0, 12, 6.90909)",4,12,0,1
336668m,334666m,ツモ4m / 打8m,"(4, 2, 7, 12, 6.1875)","(12, 4, 0, 12, 6.90909)",4,12,0,1
336668m,335666m,ツモ5m / 打8m,"(4, 2, 7, 12, 6.1875)","(8, 3, 1, 12, 6.21429)",4,8,0,0
336668m,366678m,ツモ7m / 打3m,"(4, 2, 7, 12, 6.1875)","(7, 3, 10, 16, 7)",4,7,0,1
336669m,133666m,ツモ1m / 打9m,"(4, 2, 6, 12, 6.28571)","(8, 3, 1, 12, 5.84615)",4,8,0,0
336669m,233666m,ツモ2m / 打9m,"(4, 2, 6, 12, 6.28571)","(12, 4, 0, 12, 6.90909)",4,12,0,1
336669m,334666m,ツモ4m / 打9m,"(4, 2, 6, 12, 6.28571)","(12, 4, 0, 12, 6.90909)",4,12,0,1
336669m,335666m,ツモ5m / 打9m,"(4, 2, 6, 12, 6.28571)","(8, 3, 1, 12, 6.21429)",4,8,0,0
336678m,133678m,ツモ1m / 打6m,"(4, 2, 9, 12, 6.22222)","(8, 3, 1, 12, 6.13333)",4,8,0,0
336678m,233678m,ツモ2m / 打6m,"(4, 2, 9, 12, 6.22222)","(12, 4, 0, 12, 7.69231)",4,12,0,1
336678m,334678m,ツモ4m / 打6m,"(4, 2, 9, 12, 6.22222)","(12, 4, 0, 12, 7.33333)",4,12,0,1
336678m,335678m,ツモ5m / 打6m,"(4, 2, 9, 12, 6.22222)","(8, 3, 3, 12, 7.05)",4,8,0,0
336678m,366678m,ツモ6m / 打3m,"(4, 2, 9, 12, 6.22222)","(7, 3, 10, 16, 7)",4,7,0,1
336678m,366778m,ツモ7m / 打3m,"(4, 2, 9, 12, 6.22222)","(7, 2, 7, 16, 6.85)",4,7,0,1
336777m,133777m,ツモ1m / 打6m,"(4, 2, 8, 12, 6.375)","(8, 3, 1, 12, 5.84615)",4,8,0,0
336777m,233777m,ツモ2m / 打6m,"(4, 2, 8, 12, 6.375)","(12, 4, 0, 12, 6.90909)",4,12,0,1
336777m,334777m,ツモ4m / 打6m,"(4, 2, 8, 12, 6.375)","(12, 4, 0, 12, 6.90909)",4,12,0,1
336777m,335777m,ツモ5m / 打6m,"(4, 2, 8, 12, 6.375)","(8, 3, 1, 12, 6.21429)",4,8,0,0
336777m,367777m,ツモ7m / 打3m,"(4, 2, 8, 12, 6.375)","(8, 2, 1, 12, 6.66667)",4,8,0,1
336778m,133678m,ツモ1m / 打7m,"(4, 2, 10, 12, 6.47368)","(8, 3, 1, 12, 6.13333)",4,8,0,0
336778m,233678m,ツモ2m / 打7m,"(4, 2, 10, 12, 6.47368)","(12, 4, 0, 12, 7.69231)",4,12,0,1
336778m,334678m,ツモ4m / 打7m,"(4, 2, 10, 12, 6.47368)","(12, 4, 0, 12, 7.33333)",4,12,0,1
336778m,356778m,ツモ5m / 打3m,"(4, 2, 10, 12, 6.47368)","(11, 3, 1, 14, 7.14286)",4,11,0,1
336778m,366778m,ツモ6m / 打3m,"(4, 2, 10, 12, 6.47368)","(7, 2, 7, 16, 6.85)",4,7,0,1
336778m,367788m,ツモ8m / 打3m,"(4, 2, 10, 12, 6.47368)","(7, 2, 9, 16, 7.25)",4,7,0,1
336778m,367789m,ツモ9m / 打3m,"(4, 2, 10, 12, 6.47368)","(7, 2, 9, 11, 6.20833)",4,7,0,1
336788m,133678m,ツモ1m / 打8m,"(4, 2, 9, 12, 6.22222)","(8, 3, 1, 12, 6.13333)",4,8,0,0
336788m,233678m,ツモ2m / 打8m,"(4, 2, 9, 12, 6.22222)","(12, 4, 0, 12, 7.69231)",4,12,0,1
336788m,334678m,ツモ4m / 打8m,"(4, 2, 9, 12, 6.22222)","(12, 4, 0, 12, 7.33333)",4,12,0,1
336788m,356788m,ツモ5m / 打3m,"(4, 2, 9, 12, 6.22222)","(8, 3, 4, 11, 6.85)",4,8,0,0
336788m,367788m,ツモ7m / 打3m,"(4, 2, 9, 12, 6.22222)","(7, 2, 9, 16, 7.25)",4,7,0,1
336788m,367888m,ツモ8m / 打3m,"(4, 2, 9, 12, 6.22222)","(7, 3, 9, 16, 6.45833)",4,7,0,1
336789m,133678m,ツモ1m / 打9m,"(4, 2, 12, 12, 6.65217)","(8, 3, 1, 12, 6.13333)",4,8,0,0
336789m,233678m,ツモ2m / 打9m,"(4, 2, 12, 12, 6.65217)","(12, 4, 0, 12, 7.69231)",4,12,0,1
336789m,334678m,ツモ4m / 打9m,"(4, 2, 12, 12, 6.65217)","(12, 4, 0, 12, 7.33333)",4,12,0,1
336789m,334789m,ツモ4m / 打6m,"(4, 2, 12, 12, 6.65217)","(12, 4, 0, 12, 7.33333)",4,12,0,1
336789m,335678m,ツモ5m / 打9m,"(4, 2, 12, 12, 6.65217)","(8, 3, 3, 12, 7.05)",4,8,0,0
336789m,367789m,ツモ7m / 打3m,"(4, 2, 12, 12, 6.65217)","(7, 2, 9, 11, 6.20833)",4,7,0,1
336888m,133888m,ツモ1m / 打6m,"(4, 2, 8, 12, 6.6)","(8, 3, 1, 12, 5.84615)",4,8,0,0
336888m,233888m,ツモ2m / 打6m,"(4, 2, 8, 12, 6.6)","(12, 4, 0, 12, 6.90909)",4,12,0,1
336888m,334888m,ツモ4m / 打6m,"(4, 2, 8, 12, 6.6)","(12, 4, 0, 12, 6.90909)",4,12,0,1
336888m,356888m,ツモ5m / 打3m,"(4, 2, 8, 12, 6.6)","(8, 2, 2, 12, 7.05882)",4,8,0,1
336888m,367888m,ツモ7m / 打3m,"(4, 2, 8, 12, 6.6)","(7, 3, 9, 16, 6.45833)",4,7,0,1
336999m,133999m,ツモ1m / 打6m,"(4, 2, 8, 12, 6.85714)","(8, 3, 1, 12, 5.84615)",4,8,0,0
336999m,233999m,ツモ2m / 打6m,"(4, 2, 8, 12, 6.85714)","(12, 4, 0, 12, 6.90909)",4,12,0,1
336999m,334999m,ツモ4m / 打6m,"(4, 2, 8, 12, 6.85714)","(12, 4, 0, 12, 6.90909)",4,12,0,1
336999m,356999m,ツモ5m / 打3m,"(4, 2, 8, 12, 6.85714)","(8, 2, 2, 12, 7.05882)",4,8,0,1
336999m,367999m,ツモ7m / 打3m,"(4, 2, 8, 12, 6.85714)","(8, 2, 2, 12, 6.82353)",4,8,0,1
337777m,133777m,ツモ1m / 打7m,"(4, 2, 9, 12, 7.14286)","(8, 3, 1, 12, 5.84615)",4,8,0,0
337777m,233777m,ツモ2m / 打7m,"(4, 2, 9, 12, 7.14286)","(12, 4, 0, 12, 6.90909)",4,12,0,1
337777m,334777m,ツモ4m / 打7m,"(4, 2, 9, 12, 7.14286)","(12, 4, 0, 12, 6.90909)",4,12,0,1
337777m,335777m,ツモ5m / 打7m,"(4, 2, 9, 12, 7.14286)","(8, 3, 1, 12, 6.21429)",4,8,0,0
337777m,367777m,ツモ6m / 打3m,"(4, 2, 9, 12, 7.14286)","(8, 2, 1, 12, 6.66667)",4,8,0,1
337777m,377778m,ツモ8m / 打3m,"(4, 2, 9, 12, 7.14286)","(8, 2, 1, 12, 6.75)",4,8,0,1
337778m,133777m,ツモ1m / 打8m,"(4, 2, 7, 12, 6)","(8, 3, 1, 12, 5.84615)",4,8,0,0
337778m,233777m,ツモ2m / 打8m,"(4, 2, 7, 12, 6)","(12, 4, 0, 12, 6.90909)",4,12,0,1
337778m,334777m,ツモ4m / 打8m,"(4, 2, 7, 12, 6)","(12, 4, 0, 12, 6.90909)",4,12,0,1
337778m,335777m,ツモ5m / 打8m,"(4, 2, 7, 12, 6)","(8, 3, 1, 12, 6.21429)",4,8,0,0
337778m,377778m,ツモ7m / 打3m,"(4, 2, 7, 12, 6)","(8, 2, 1, 12, 6.75)",4,8,0,1
337779m,133777m,ツモ1m / 打9m,"(4, 2, 6, 12, 6.06667)","(8, 3, 1, 12, 5.84615)",4,8,0,0
337779m,233777m,ツモ2m / 打9m,"(4, 2, 6, 12, 6.06667)","(12, 4, 0, 12, 6.90909)",4,12,0,1
337779m,334777m,ツモ4m / 打9m,"(4, 2, 6, 12, 6.06667)","(12, 4, 0, 12, 6.90909)",4,12,0,1
337779m,335777m,ツモ5m / 打9m,"(4, 2, 6, 12, 6.06667)","(8, 3, 1, 12, 6.21429)",4,8,0,0
337789m,133789m,ツモ1m / 打7m,"(4, 2, 9, 12, 6.22222)","(8, 3, 1, 12, 6)",4,8,0,0
337789m,233789m,ツモ2m / 打7m,"(4, 2, 9, 12, 6.22222)","(12, 4, 0, 12, 7.33333)",4,12,0,1
337789m,334789m,ツモ4m / 打7m,"(4, 2, 9, 12, 6.22222)","(12, 4, 0, 12, 7.33333)",4,12,0,1
337789m,335789m,ツモ5m / 打7m,"(4, 2, 9, 12, 6.22222)","(8, 3, 1, 12, 6.33333)",4,8,0,0
337789m,367789m,ツモ6m / 打3m,"(4, 2, 9, 12, 6.22222)","(7, 2, 9, 11, 6.20833)",4,7,0,1
337789m,377889m,ツモ8m / 打3m,"(4, 2, 9, 12, 6.22222)","(7, 2, 7, 12, 6.3)",4,7,0,1
337888m,133888m,ツモ1m / 打7m,"(4, 2, 9, 12, 6.47059)","(8, 3, 1, 12, 5.84615)",4,8,0,0
337888m,233888m,ツモ2m / 打7m,"(4, 2, 9, 12, 6.47059)","(12, 4, 0, 12, 6.90909)",4,12,0,1
337888m,334888m,ツモ4m / 打7m,"(4, 2, 9, 12, 6.47059)","(12, 4, 0, 12, 6.90909)",4,12,0,1
337888m,335888m,ツモ5m / 打7m,"(4, 2, 9, 12, 6.47059)","(8, 3, 1, 12, 6.46154)",4,8,0,0
337888m,367888m,ツモ6m / 打3m,"(4, 2, 9, 12, 6.47059)","(7, 3, 9, 16, 6.45833)",4,7,0,1
337888m,378888m,ツモ8m / 打3m,"(4, 2, 9, 12, 6.47059)","(8, 2, 1, 12, 6.75)",4,8,0,1
337889m,133789m,ツモ1m / 打8m,"(4, 2, 7, 12, 5.77778)","(8, 3, 1, 12, 6)",4,8,0,0
337889m,233789m,ツモ2m / 打8m,"(4, 2, 7, 12, 5.77778)","(12, 4, 0, 12, 7.33333)",4,12,0,1
337889m,334789m,ツモ4m / 打8m,"(4, 2, 7, 12, 5.77778)","(12, 4, 0, 12, 7.33333)",4,12,0,1
337889m,335789m,ツモ5m / 打8m,"(4, 2, 7, 12, 5.77778)","(8, 3, 1, 12, 6.33333)",4,8,0,0
337889m,377889m,ツモ7m / 打3m,"(4, 2, 7, 12, 5.77778)","(7, 2, 7, 12, 6.3)",4,7,0,1
337899m,133789m,ツモ1m / 打9m,"(4, 2, 7, 12, 5.94118)","(8, 3, 1, 12, 6)",4,8,0,0
337899m,233789m,ツモ2m / 打9m,"(4, 2, 7, 12, 5.94118)","(12, 4, 0, 12, 7.33333)",4,12,0,1
337899m,334789m,ツモ4m / 打9m,"(4, 2, 7, 12, 5.94118)","(12, 4, 0, 12, 7.33333)",4,12,0,1
337899m,335789m,ツモ5m / 打9m,"(4, 2, 7, 12, 5.94118)","(8, 3, 1, 12, 6.33333)",4,8,0,0
337899m,378999m,ツモ9m / 打3m,"(4, 2, 7, 12, 5.94118)","(7, 3, 9, 12, 6.16)",4,7,0,1
337999m,133999m,ツモ1m / 打7m,"(4, 2, 9, 12, 6.6875)","(8, 3, 1, 12, 5.84615)",4,8,0,0
337999m,233999m,ツモ2m / 打7m,"(4, 2, 9, 12, 6.6875)","(12, 4, 0, 12, 6.90909)",4,12,0,1
337999m,334999m,ツモ4m / 打7m,"(4, 2, 9, 12, 6.6875)","(12, 4, 0, 12, 6.90909)",4,12,0,1
337999m,335999m,ツモ5m / 打7m,"(4, 2, 9, 12, 6.6875)","(8, 3, 1, 12, 6.46154)",4,8,0,0
337999m,367999m,ツモ6m / 打3m,"(4, 2, 9, 12, 6.6875)","(8, 2, 2, 12, 6.82353)",4,8,0,1
337999m,378999m,ツモ8m / 打3m,"(4, 2, 9, 12, 6.6875)","(7, 3, 9, 12, 6.16)",4,7,0,1
338888m,133888m,ツモ1m / 打8m,"(4, 2, 7, 12, 6.57143)","(8, 3, 1, 12, 5.84615)",4,8,0,0
338888m,233888m,ツモ2m / 打8m,"(4, 2, 7, 12, 6.57143)","(12, 4, 0, 12, 6.90909)",4,12,0,1
338888m,334888m,ツモ4m / 打8m,"(4, 2, 7, 12, 6.57143)","(12, 4, 0, 12, 6.90909)",4,12,0,1
338888m,335888m,ツモ5m / 打8m,"(4, 2, 7, 12, 6.57143)","(8, 3, 1, 12, 6.46154)",4,8,0,0
338888m,378888m,ツモ7m / 打3m,"(4, 2, 7, 12, 6.57143)","(8, 2, 1, 12, 6.75)",4,8,0,1
338889m,133888m,ツモ1m / 打9m,"(4, 2, 6, 12, 6.06667)","(8, 3, 1, 12, 5.84615)",4,8,0,0
338889m,233888m,ツモ2m / 打9m,"(4, 2, 6, 12, 6.06667)","(12, 4, 0, 12, 6.90909)",4,12,0,1
338889m,334888m,ツモ4m / 打9m,"(4, 2, 6, 12, 6.06667)","(12, 4, 0, 12, 6.90909)",4,12,0,1
338889m,335888m,ツモ5m / 打9m,"(4, 2, 6, 12, 6.06667)","(8, 3, 1, 12, 6.46154)",4,8,0,0
338999m,133999m,ツモ1m / 打8m,"(4, 2, 7, 12, 6.1875)","(8, 3, 1, 12, 5.84615)",4,8,0,0
338999m,233999m,ツモ2m / 打8m,"(4, 2, 7, 12, 6.1875)","(12, 4, 0, 12, 6.90909)",4,12,0,1
338999m,334999m,ツモ4m / 打8m,"(4, 2, 7, 12, 6.1875)","(12, 4, 0, 12, 6.90909)",4,12,0,1
338999m,335999m,ツモ5m / 打8m,"(4, 2, 7, 12, 6.1875)","(8, 3, 1, 12, 6.46154)",4,8,0,0
338999m,378999m,ツモ7m / 打3m,"(4, 2, 7, 12, 6.1875)","(7, 3, 9, 12, 6.16)",4,7,0,1
339999m,133999m,ツモ1m / 打9m,"(4, 2, 6, 12, 6.46154)","(8, 3, 1, 12, 5.84615)",4,8,0,0
339999m,233999m,ツモ2m / 打9m,"(4, 2, 6, 12, 6.46154)","(12, 4, 0, 12, 6.90909)",4,12,0,1
339999m,334999m,ツモ4m / 打9m,"(4, 2, 6, 12, 6.46154)","(12, 4, 0, 12, 6.90909)",4,12,0,1
339999m,335999m,ツモ5m / 打9m,"(4, 2, 6, 12, 6.46154)","(8, 3, 1, 12, 6.46154)",4,8,0,0
344446m,334444m,ツモ3m / 打6m,"(8, 2, 1, 12, 6.66667)","(12, 4, 0, 8, 6.4)",8,12,1,1
344447m,334444m,ツモ3m / 打7m,"(8, 2, 1, 12, 6.66667)","(12, 4, 0, 8, 6.4)",8,12,1,1
344448m,334444m,ツモ3m / 打8m,"(8, 2, 1, 12, 6.4)","(12, 4, 0, 8, 6.4)",8,12,1,1
344449m,334444m,ツモ3m / 打9m,"(8, 2, 1, 12, 5.71429)","(12, 4, 0, 8, 6.4)",8,12,1,1
344455m,234445m,ツモ2m / 打5m,"(12, 5, 1, 14, 6.46667)","(14, 5, 0, 12, 7.0625)",12,14,1,1
344457m,234445m,ツモ2m / 打7m,"(7, 3, 9, 14, 6.625)","(14, 5, 0, 12, 7.0625)",7,14,0,1
344457m,334445m,ツモ3m / 打7m,"(7, 3, 9, 14, 6.625)","(12, 5, 1, 14, 6.46667)",7,12,0,1
344457m,344455m,ツモ5m / 打7m,"(7, 3, 9, 14, 6.625)","(12, 5, 1, 14, 6.46667)",7,12,0,1
344457m,344578m,ツモ8m / 打4m,"(7, 3, 9, 14, 6.625)","(8, 2, 2, 12, 7.36842)",7,8,0,1
344457m,444577m,ツモ7m / 打3m,"(7, 3, 9, 14, 6.625)","(8, 3, 1, 12, 6.21429)",7,8,0,0
344457m,444579m,ツモ9m / 打3m,"(7, 3, 9, 14, 6.625)","(8, 2, 0, 8, 5.52941)",7,8,0,0
344458m,134445m,ツモ1m / 打8m,"(3, 2, 25, 14, 6.88462)","(7, 3, 5, 14, 6.35)",3,7,0,0
344458m,234445m,ツモ2m / 打8m,"(3, 2, 25, 14, 6.88462)","(14, 5, 0, 12, 7.0625)",3,14,0,1
344458m,334445m,ツモ3m / 打8m,"(3, 2, 25, 14, 6.88462)","(12, 5, 1, 14, 6.46667)",3,12,0,1
344458m,344455m,ツモ5m / 打8m,"(3, 2, 25, 14, 6.88462)","(12, 5, 1, 14, 6.46667)",3,12,0,1
344458m,344456m,ツモ6m / 打8m,"(3, 2, 25, 14, 6.88462)","(14, 5, 0, 12, 7.11765)",3,14,0,1
344458m,344578m,ツモ7m / 打4m,"(3, 2, 25, 14, 6.88462)","(8, 2, 2, 12, 7.36842)",3,8,0,1
344458m,344588m,ツモ8m / 打4m,"(3, 2, 25, 14, 6.88462)","(4, 2, 8, 12, 5.94444)",3,4,0,0
344458m,344589m,ツモ9m / 打4m,"(3, 2, 25, 14, 6.88462)","(4, 1, 10, 11, 5.47826)",3,4,0,0
344459m,134445m,ツモ1m / 打9m,"(3, 2, 24, 14, 6.52)","(7, 3, 5, 14, 6.35)",3,7,0,0
344459m,234445m,ツモ2m / 打9m,"(3, 2, 24, 14, 6.52)","(14, 5, 0, 12, 7.0625)",3,14,0,1
344459m,334445m,ツモ3m / 打9m,"(3, 2, 24, 14, 6.52)","(12, 5, 1, 14, 6.46667)",3,12,0,1
344459m,344455m,ツモ5m / 打9m,"(3, 2, 24, 14, 6.52)","(12, 5, 1, 14, 6.46667)",3,12,0,1
344459m,344456m,ツモ6m / 打9m,"(3, 2, 24, 14, 6.52)","(14, 5, 0, 12, 7.11765)",3,14,0,1
344459m,344589m,ツモ8m / 打4m,"(3, 2, 24, 14, 6.52)","(4, 1, 10, 11, 5.47826)",3,4,0,0
344459m,344599m,ツモ9m / 打4m,"(3, 2, 24, 14, 6.52)","(4, 2, 6, 8, 5.05556)",3,4,0,0
344459m,444579m,ツモ7m / 打3m,"(3, 2, 24, 14, 6.52)","(8, 2, 0, 8, 5.52941)",3,8,0,0
344466m,234446m,ツモ2m / 打6m,"(4, 2, 10, 14, 7.75)","(11, 4, 2, 16, 6.89474)",4,11,0,1
344466m,344446m,ツモ4m / 打6m,"(4, 2, 10, 14, 7.75)","(8, 2, 1, 12, 6.66667)",4,8,0,1
344466m,344456m,ツモ5m / 打6m,"(4, 2, 10, 14, 7.75)","(14, 5, 0, 12, 7.11765)",4,14,0,1
344466m,444667m,ツモ7m / 打3m,"(4, 2, 10, 14, 7.75)","(12, 4, 0, 12, 6.90909)",4,12,0,1
344466m,444668m,ツモ8m / 打3m,"(4, 2, 10, 14, 7.75)","(8, 3, 1, 12, 5.85714)",4,8,0,0
344467m,234446m,ツモ2m / 打7m,"(8, 2, 3, 12, 7)","(11, 4, 2, 16, 6.89474)",8,11,1,1
344467m,444667m,ツモ6m / 打3m,"(8, 2, 3, 12, 7)","(12, 4, 0, 12, 6.90909)",8,12,1,1
344467m,444677m,ツモ7m / 打3m,"(8, 2, 3, 12, 7)","(12, 4, 0, 12, 6.90909)",8,12,1,1
344468m,234446m,ツモ2m / 打8m,"(4, 1, 11, 14, 6.40909)","(11, 4, 2, 16, 6.89474)",4,11,0,1
344468m,344446m,ツモ4m / 打8m,"(4, 1, 11, 14, 6.40909)","(8, 2, 1, 12, 6.66667)",4,8,0,1
344468m,344456m,ツモ5m / 打8m,"(4, 1, 11, 14, 6.40909)","(14, 5, 0, 12, 7.11765)",4,14,0,1
344468m,444668m,ツモ6m / 打3m,"(4, 1, 11, 14, 6.40909)","(8, 3, 1, 12, 5.85714)",4,8,0,0
344468m,444688m,ツモ8m / 打3m,"(4, 1, 11, 14, 6.40909)","(8, 3, 0, 8, 5.07143)",4,8,0,0
344477m,234447m,ツモ2m / 打7m,"(4, 2, 9, 12, 6.47059)","(7, 3, 10, 16, 7)",4,7,0,1
344477m,344447m,ツモ4m / 打7m,"(4, 2, 9, 12, 6.47059)","(8, 2, 1, 12, 6.66667)",4,8,0,1
344477m,444577m,ツモ5m / 打3m,"(4, 2, 9, 12, 6.47059)","(8, 3, 1, 12, 6.21429)",4,8,0,0
344477m,444677m,ツモ6m / 打3m,"(4, 2, 9, 12, 6.47059)","(12, 4, 0, 12, 6.90909)",4,12,0,1
344477m,444778m,ツモ8m / 打3m,"(4, 2, 9, 12, 6.47059)","(12, 4, 0, 12, 6.90909)",4,12,0,1
344477m,444779m,ツモ9m / 打3m,"(4, 2, 9, 12, 6.47059)","(8, 3, 1, 12, 5.84615)",4,8,0,0
344478m,444778m,ツモ7m / 打3m,"(8, 2, 2, 12, 6.8)","(12, 4, 0, 12, 6.90909)",8,12,1,1
344478m,444788m,ツモ8m / 打3m,"(8, 2, 2, 12, 6.8)","(12, 4, 0, 12, 6.54545)",8,12,1,1
344479m,234447m,ツモ2m / 打9m,"(4, 1, 10, 8, 5.63636)","(7, 3, 10, 16, 7)",4,7,0,1
344479m,344447m,ツモ4m / 打9m,"(4, 1, 10, 8, 5.63636)","(8, 2, 1, 12, 6.66667)",4,8,0,1
344479m,344467m,ツモ6m / 打9m,"(4, 1, 10, 8, 5.63636)","(8, 2, 3, 12, 7)",4,8,0,1
344479m,444579m,ツモ5m / 打3m,"(4, 1, 10, 8, 5.63636)","(8, 2, 0, 8, 5.52941)",4,8,0,0
344479m,444779m,ツモ7m / 打3m,"(4, 1, 10, 8, 5.63636)","(8, 3, 1, 12, 5.84615)",4,8,0,0
344479m,444799m,ツモ9m / 打3m,"(4, 1, 10, 8, 5.63636)","(8, 3, 0, 8, 4.92308)",4,8,0,0
344488m,234448m,ツモ2m / 打8m,"(4, 2, 6, 12, 5.52941)","(7, 3, 8, 16, 6.625)",4,7,0,1
344488m,344448m,ツモ4m / 打8m,"(4, 2, 6, 12, 5.52941)","(8, 2, 1, 12, 6.4)",4,8,0,1
344488m,444688m,ツモ6m / 打3m,"(4, 2, 6, 12, 5.52941)","(8, 3, 0, 8, 5.07143)",4,8,0,0
344488m,444788m,ツモ7m / 打3m,"(4, 2, 6, 12, 5.52941)","(12, 4, 0, 12, 6.54545)",4,12,0,1
344488m,444889m,ツモ9m / 打3m,"(4, 2, 6, 12, 5.52941)","(8, 3, 0, 8, 4.61538)",4,8,0,0
344489m,234448m,ツモ2m / 打9m,"(4, 1, 6, 8, 4.90909)","(7, 3, 8, 16, 6.625)",4,7,0,1
344489m,344448m,ツモ4m / 打9m,"(4, 1, 6, 8, 4.90909)","(8, 2, 1, 12, 6.4)",4,8,0,1
344489m,444889m,ツモ8m / 打3m,"(4, 1, 6, 8, 4.90909)","(8, 3, 0, 8, 4.61538)",4,8,0,0
344489m,444899m,ツモ9m / 打3m,"(4, 1, 6, 8, 4.90909)","(8, 3, 0, 8, 4.30769)",4,8,0,0
344499m,234449m,ツモ2m / 打9m,"(4, 2, 4, 8, 4.875)","(7, 3, 4, 16, 6.13636)",4,7,0,1
344499m,344449m,ツモ4m / 打9m,"(4, 2, 4, 8, 4.875)","(8, 2, 1, 12, 5.71429)",4,8,0,1
344499m,444799m,ツモ7m / 打3m,"(4, 2, 4, 8, 4.875)","(8, 3, 0, 8, 4.92308)",4,8,0,0
344499m,444899m,ツモ8m / 打3m,"(4, 2, 4, 8, 4.875)","(8, 3, 0, 8, 4.30769)",4,8,0,0
344557m,234455m,ツモ2m / 打7m,"(7, 2, 10, 16, 7.84211)","(11, 4, 2, 14, 7.88235)",7,11,1,1
344557m,344455m,ツモ4m / 打7m,"(7, 2, 10, 16, 7.84211)","(12, 5, 1, 14, 6.46667)",7,12,1,1
344557m,344555m,ツモ5m / 打7m,"(7, 2, 10, 16, 7.84211)","(16, 6, 0, 11, 6.33333)",7,16,1,1
344557m,345577m,ツモ7m / 打4m,"(7, 2, 10, 16, 7.84211)","(8, 3, 2, 12, 6.73333)",7,8,1,0
344557m,345578m,ツモ8m / 打4m,"(7, 2, 10, 16, 7.84211)","(8, 2, 3, 12, 7.47368)",7,8,1,1
344557m,345579m,ツモ9m / 打4m,"(7, 2, 10, 16, 7.84211)","(8, 2, 1, 11, 6)",7,8,1,0
344558m,234455m,ツモ2m / 打8m,"(7, 2, 5, 16, 6.72222)","(11, 4, 2, 14, 7.88235)",7,11,1,1
344558m,344455m,ツモ4m / 打8m,"(7, 2, 5, 16, 6.72222)","(12, 5, 1, 14, 6.46667)",7,12,1,1
344558m,344555m,ツモ5m / 打8m,"(7, 2, 5, 16, 6.72222)","(16, 6, 0, 11, 6.33333)",7,16,1,1
344558m,345578m,ツモ7m / 打4m,"(7, 2, 5, 16, 6.72222)","(8, 2, 3, 12, 7.47368)",7,8,1,1
344559m,234455m,ツモ2m / 打9m,"(7, 2, 4, 16, 6.5)","(11, 4, 2, 14, 7.88235)",7,11,1,1
344559m,344455m,ツモ4m / 打9m,"(7, 2, 4, 16, 6.5)","(12, 5, 1, 14, 6.46667)",7,12,1,1
344559m,344555m,ツモ5m / 打9m,"(7, 2, 4, 16, 6.5)","(16, 6, 0, 11, 6.33333)",7,16,1,1
344559m,345579m,ツモ7m / 打4m,"(7, 2, 4, 16, 6.5)","(8, 2, 1, 11, 6)",7,8,1,0
344566m,344456m,ツモ4m / 打6m,"(11, 4, 4, 15, 8.58824)","(14, 5, 0, 12, 7.11765)",11,14,1,1
344566m,344567m,ツモ7m / 打6m,"(11, 4, 4, 15, 8.58824)","(15, 5, 0, 15, 9.1875)",11,15,1,1
344566m,345667m,ツモ7m / 打4m,"(11, 4, 4, 15, 8.58824)","(15, 5, 0, 15, 9.1875)",11,15,1,1
344568m,344456m,ツモ4m / 打8m,"(11, 3, 1, 14, 6.84211)","(14, 5, 0, 12, 7.11765)",11,14,1,1
344569m,334456m,ツモ3m / 打9m,"(7, 2, 7, 15, 6.72727)","(11, 4, 4, 15, 8.82353)",7,11,1,1
344569m,344456m,ツモ4m / 打9m,"(7, 2, 7, 15, 6.72727)","(14, 5, 0, 12, 7.11765)",7,14,1,1
344569m,344566m,ツモ6m / 打9m,"(7, 2, 7, 15, 6.72727)","(11, 4, 4, 15, 8.58824)",7,11,1,1
344569m,344567m,ツモ7m / 打9m,"(7, 2, 7, 15, 6.72727)","(15, 5, 0, 15, 9.1875)",7,15,1,1
344569m,344568m,ツモ8m / 打9m,"(7, 2, 7, 15, 6.72727)","(11, 3, 1, 14, 6.84211)",7,11,1,1
344577m,234577m,ツモ2m / 打4m,"(4, 2, 13, 15, 7.55556)","(8, 3, 3, 12, 7.05)",4,8,0,0
344577m,334457m,ツモ3m / 打7m,"(4, 2, 13, 15, 7.55556)","(7, 2, 7, 16, 7.78947)",4,7,0,1
344577m,344567m,ツモ6m / 打7m,"(4, 2, 13, 15, 7.55556)","(15, 5, 0, 15, 9.1875)",4,15,0,1
344577m,345577m,ツモ5m / 打4m,"(4, 2, 13, 15, 7.55556)","(8, 3, 2, 12, 6.73333)",4,8,0,0
344577m,345778m,ツモ8m / 打4m,"(4, 2, 13, 15, 7.55556)","(12, 4, 0, 12, 7.66667)",4,12,0,1
344577m,345779m,ツモ9m / 打4m,"(4, 2, 13, 15, 7.55556)","(8, 3, 2, 15, 6.875)",4,8,0,0
344577m,444577m,ツモ4m / 打3m,"(4, 2, 13, 15, 7.55556)","(8, 3, 1, 12, 6.21429)",4,8,0,0
344578m,345778m,ツモ7m / 打4m,"(8, 2, 2, 12, 7.36842)","(12, 4, 0, 12, 7.66667)",8,12,1,1
344578m,345788m,ツモ8m / 打4m,"(8, 2, 2, 12, 7.36842)","(12, 4, 0, 12, 7)",8,12,1,1
344579m,234579m,ツモ2m / 打4m,"(4, 1, 16, 15, 6.82609)","(8, 2, 1, 11, 6.32)",4,8,0,0
344579m,334457m,ツモ3m / 打9m,"(4, 1, 16, 15, 6.82609)","(7, 2, 7, 16, 7.78947)",4,7,0,1
344579m,344567m,ツモ6m / 打9m,"(4, 1, 16, 15, 6.82609)","(15, 5, 0, 15, 9.1875)",4,15,0,1
344579m,345579m,ツモ5m / 打4m,"(4, 1, 16, 15, 6.82609)","(8, 2, 1, 11, 6)",4,8,0,0
344579m,345779m,ツモ7m / 打4m,"(4, 1, 16, 15, 6.82609)","(8, 3, 2, 15, 6.875)",4,8,0,0
344579m,345799m,ツモ9m / 打4m,"(4, 1, 16, 15, 6.82609)","(8, 3, 1, 11, 5.6875)",4,8,0,0
344579m,444579m,ツモ4m / 打3m,"(4, 1, 16, 15, 6.82609)","(8, 2, 0, 8, 5.52941)",4,8,0,0
344588m,234458m,ツモ2m / 打8m,"(4, 2, 8, 12, 5.94444)","(7, 2, 7, 14, 6.43478)",4,7,0,1
344588m,334458m,ツモ3m / 打8m,"(4, 2, 8, 12, 5.94444)","(7, 2, 7, 16, 7)",4,7,0,1
344588m,344558m,ツモ5m / 打8m,"(4, 2, 8, 12, 5.94444)","(7, 2, 5, 16, 6.72222)",4,7,0,1
344588m,344568m,ツモ6m / 打8m,"(4, 2, 8, 12, 5.94444)","(11, 3, 1, 14, 6.84211)",4,11,0,1
344588m,345788m,ツモ7m / 打4m,"(4, 2, 8, 12, 5.94444)","(12, 4, 0, 12, 7)",4,12,0,1
344588m,345889m,ツモ9m / 打4m,"(4, 2, 8, 12, 5.94444)","(8, 3, 0, 8, 5.06667)",4,8,0,0
344589m,234458m,ツモ2m / 打9m,"(4, 1, 10, 11, 5.47826)","(7, 2, 7, 14, 6.43478)",4,7,0,1
344589m,334458m,ツモ3m / 打9m,"(4, 1, 10, 11, 5.47826)","(7, 2, 7, 16, 7)",4,7,0,1
344589m,344558m,ツモ5m / 打9m,"(4, 1, 10, 11, 5.47826)","(7, 2, 5, 16, 6.72222)",4,7,0,1
344589m,344568m,ツモ6m / 打9m,"(4, 1, 10, 11, 5.47826)","(11, 3, 1, 14, 6.84211)",4,11,0,1
344589m,345889m,ツモ8m / 打4m,"(4, 1, 10, 11, 5.47826)","(8, 3, 0, 8, 5.06667)",4,8,0,0
344589m,345899m,ツモ9m / 打4m,"(4, 1, 10, 11, 5.47826)","(8, 3, 0, 8, 4.8)",4,8,0,0
344599m,234459m,ツモ2m / 打9m,"(4, 2, 6, 8, 5.05556)","(7, 2, 5, 14, 6.08696)",4,7,0,1
344599m,334459m,ツモ3m / 打9m,"(4, 2, 6, 8, 5.05556)","(7, 2, 3, 16, 6.15789)",4,7,0,1
344599m,344559m,ツモ5m / 打9m,"(4, 2, 6, 8, 5.05556)","(7, 2, 4, 16, 6.5)",4,7,0,1
344599m,344569m,ツモ6m / 打9m,"(4, 2, 6, 8, 5.05556)","(7, 2, 7, 15, 6.72727)",4,7,0,1
344599m,345799m,ツモ7m / 打4m,"(4, 2, 6, 8, 5.05556)","(8, 3, 1, 11, 5.6875)",4,8,0,0
344599m,345899m,ツモ8m / 打4m,"(4, 2, 6, 8, 5.05556)","(8, 3, 0, 8, 4.8)",4,8,0,0
345557m,334555m,ツモ3m / 打7m,"(11, 4, 2, 16, 6.75)","(12, 5, 1, 14, 6.73333)",11,12,1,1
345557m,344555m,ツモ4m / 打7m,"(11, 4, 2, 16, 6.75)","(16, 6, 0, 11, 6.33333)",11,16,1,1
345558m,334555m,ツモ3m / 打8m,"(7, 3, 7, 16, 6.73913)","(12, 5, 1, 14, 6.73333)",7,12,1,1
345558m,344555m,ツモ4m / 打8m,"(7, 3, 7, 16, 6.73913)","(16, 6, 0, 11, 6.33333)",7,16,1,1
345558m,345556m,ツモ6m / 打8m,"(7, 3, 7, 16, 6.73913)","(14, 5, 0, 12, 7.11765)",7,14,1,1
345558m,345557m,ツモ7m / 打8m,"(7, 3, 7, 16, 6.73913)","(11, 4, 2, 16, 6.75)",7,11,1,1
345559m,334555m,ツモ3m / 打9m,"(7, 3, 5, 16, 6.31818)","(12, 5, 1, 14, 6.73333)",7,12,1,1
345559m,344555m,ツモ4m / 打9m,"(7, 3, 5, 16, 6.31818)","(16, 6, 0, 11, 6.33333)",7,16,1,1
345559m,345556m,ツモ6m / 打9m,"(7, 3, 5, 16, 6.31818)","(14, 5, 0, 12, 7.11765)",7,14,1,1
345559m,345557m,ツモ7m / 打9m,"(7, 3, 5, 16, 6.31818)","(11, 4, 2, 16, 6.75)",7,11,1,1
345566m,234556m,ツモ2m / 打6m,"(11, 4, 4, 15, 8.82353)","(15, 5, 0, 15, 9.26667)",11,15,1,1
345566m,345556m,ツモ5m / 打6m,"(11, 4, 4, 15, 8.82353)","(14, 5, 0, 12, 7.11765)",11,14,1,1
345568m,134556m,ツモ1m / 打8m,"(7, 2, 10, 15, 7.45455)","(11, 3, 1, 14, 7.17647)",7,11,1,1
345568m,234556m,ツモ2m / 打8m,"(7, 2, 10, 15, 7.45455)","(15, 5, 0, 15, 9.26667)",7,15,1,1
345568m,334556m,ツモ3m / 打8m,"(7, 2, 10, 15, 7.45455)","(11, 4, 4, 15, 8.58824)",7,11,1,1
345568m,345556m,ツモ5m / 打8m,"(7, 2, 10, 15, 7.45455)","(14, 5, 0, 12, 7.11765)",7,14,1,1
345568m,345566m,ツモ6m / 打8m,"(7, 2, 10, 15, 7.45455)","(11, 4, 4, 15, 8.82353)",7,11,1,1
345568m,345688m,ツモ8m / 打5m,"(7, 2, 10, 15, 7.45455)","(8, 3, 2, 11, 6.25)",7,8,1,0
345569m,134556m,ツモ1m / 打9m,"(7, 2, 6, 15, 6.66667)","(11, 3, 1, 14, 7.17647)",7,11,1,1
345569m,234556m,ツモ2m / 打9m,"(7, 2, 6, 15, 6.66667)","(15, 5, 0, 15, 9.26667)",7,15,1,1
345569m,334556m,ツモ3m / 打9m,"(7, 2, 6, 15, 6.66667)","(11, 4, 4, 15, 8.58824)",7,11,1,1
345569m,345556m,ツモ5m / 打9m,"(7, 2, 6, 15, 6.66667)","(14, 5, 0, 12, 7.11765)",7,14,1,1
345569m,345566m,ツモ6m / 打9m,"(7, 2, 6, 15, 6.66667)","(11, 4, 4, 15, 8.82353)",7,11,1,1
345577m,345557m,ツモ5m / 打7m,"(8, 3, 2, 12, 6.73333)","(11, 4, 2, 16, 6.75)",8,11,0,1
345577m,345778m,ツモ8m / 打5m,"(8, 3, 2, 12, 6.73333)","(12, 4, 0, 12, 7.66667)",8,12,0,1
345578m,345557m,ツモ5m / 打8m,"(8, 2, 3, 12, 7.47368)","(11, 4, 2, 16, 6.75)",8,11,1,1
345578m,345778m,ツモ7m / 打5m,"(8, 2, 3, 12, 7.47368)","(12, 4, 0, 12, 7.66667)",8,12,1,1
345578m,345788m,ツモ8m / 打5m,"(8, 2, 3, 12, 7.47368)","(12, 4, 0, 12, 7)",8,12,1,1
345579m,345557m,ツモ5m / 打9m,"(8, 2, 1, 11, 6)","(11, 4, 2, 16, 6.75)",8,11,0,1
345588m,344558m,ツモ4m / 打8m,"(4, 2, 7, 12, 5.64706)","(7, 2, 5, 16, 6.72222)",4,7,0,1
345588m,345558m,ツモ5m / 打8m,"(4, 2, 7, 12, 5.64706)","(7, 3, 7, 16, 6.73913)",4,7,0,1
345588m,345688m,ツモ6m / 打5m,"(4, 2, 7, 12, 5.64706)","(8, 3, 2, 11, 6.25)",4,8,0,0
345588m,345788m,ツモ7m / 打5m,"(4, 2, 7, 12, 5.64706)","(12, 4, 0, 12, 7)",4,12,0,1
345588m,345889m,ツモ9m / 打5m,"(4, 2, 7, 12, 5.64706)","(8, 3, 0, 8, 5.06667)",4,8,0,0
345589m,344558m,ツモ4m / 打9m,"(4, 1, 8, 8, 5.09091)","(7, 2, 5, 16, 6.72222)",4,7,0,1
345589m,345558m,ツモ5m / 打9m,"(4, 1, 8, 8, 5.09091)","(7, 3, 7, 16, 6.73913)",4,7,0,1
345589m,345568m,ツモ6m / 打9m,"(4, 1, 8, 8, 5.09091)","(7, 2, 10, 15, 7.45455)",4,7,0,1
345589m,345889m,ツモ8m / 打5m,"(4, 1, 8, 8, 5.09091)","(8, 3, 0, 8, 5.06667)",4,8,0,0
345589m,345899m,ツモ9m / 打5m,"(4, 1, 8, 8, 5.09091)","(8, 3, 0, 8, 4.8)",4,8,0,0
345599m,344559m,ツモ4m / 打9m,"(4, 2, 6, 8, 5.17647)","(7, 2, 4, 16, 6.5)",4,7,0,1
345599m,345559m,ツモ5m / 打9m,"(4, 2, 6, 8, 5.17647)","(7, 3, 5, 16, 6.31818)",4,7,0,1
345599m,345569m,ツモ6m / 打9m,"(4, 2, 6, 8, 5.17647)","(7, 2, 6, 15, 6.66667)",4,7,0,1
345599m,345799m,ツモ7m / 打5m,"(4, 2, 6, 8, 5.17647)","(8, 3, 1, 11, 5.6875)",4,8,0,0
345599m,345899m,ツモ8m / 打5m,"(4, 2, 6, 8, 5.17647)","(8, 3, 0, 8, 4.8)",4,8,0,0
345668m,234566m,ツモ2m / 打8m,"(8, 3, 5, 15, 7.7)","(15, 5, 0, 15, 8.1875)",8,15,0,1
345668m,344566m,ツモ4m / 打8m,"(8, 3, 5, 15, 7.7)","(11, 4, 4, 15, 8.58824)",8,11,0,1
345668m,345566m,ツモ5m / 打8m,"(8, 3, 5, 15, 7.7)","(11, 4, 4, 15, 8.82353)",8,11,0,1
345669m,134566m,ツモ1m / 打9m,"(4, 2, 13, 15, 7.38095)","(8, 3, 5, 15, 7.42105)",4,8,0,0
345669m,234566m,ツモ2m / 打9m,"(4, 2, 13, 15, 7.38095)","(15, 5, 0, 15, 8.1875)",4,15,0,1
345669m,334566m,ツモ3m / 打9m,"(4, 2, 13, 15, 7.38095)","(6, 3, 12, 15, 9.5)",4,6,0,0
345669m,344566m,ツモ4m / 打9m,"(4, 2, 13, 15, 7.38095)","(11, 4, 4, 15, 8.58824)",4,11,0,1
345669m,345566m,ツモ5m / 打9m,"(4, 2, 13, 15, 7.38095)","(11, 4, 4, 15, 8.82353)",4,11,0,1
345669m,345667m,ツモ7m / 打9m,"(4, 2, 13, 15, 7.38095)","(15, 5, 0, 15, 9.1875)",4,15,0,1
345669m,345668m,ツモ8m / 打9m,"(4, 2, 13, 15, 7.38095)","(8, 3, 5, 15, 7.7)",4,8,0,0
345679m,334567m,ツモ3m / 打9m,"(11, 3, 4, 15, 7.20833)","(15, 5, 0, 15, 7.94118)",11,15,1,1
345679m,344567m,ツモ4m / 打9m,"(11, 3, 4, 15, 7.20833)","(15, 5, 0, 15, 9.1875)",11,15,1,1
345679m,345667m,ツモ6m / 打9m,"(11, 3, 4, 15, 7.20833)","(15, 5, 0, 15, 9.1875)",11,15,1,1
345679m,345677m,ツモ7m / 打9m,"(11, 3, 4, 15, 7.20833)","(15, 5, 0, 15, 7.94118)",11,15,1,1
345688m,234568m,ツモ2m / 打8m,"(8, 3, 2, 11, 6.25)","(11, 3, 4, 15, 7.20833)",8,11,0,1
345688m,344568m,ツモ4m / 打8m,"(8, 3, 2, 11, 6.25)","(11, 3, 1, 14, 6.84211)",8,11,0,1
345689m,134568m,ツモ1m / 打9m,"(4, 1, 14, 11, 6.13793)","(8, 2, 2, 11, 6.2)",4,8,0,0
345689m,234568m,ツモ2m / 打9m,"(4, 1, 14, 11, 6.13793)","(11, 3, 4, 15, 7.20833)",4,11,0,1
345689m,334568m,ツモ3m / 打9m,"(4, 1, 14, 11, 6.13793)","(8, 3, 5, 15, 7.25)",4,8,0,0
345689m,344568m,ツモ4m / 打9m,"(4, 1, 14, 11, 6.13793)","(11, 3, 1, 14, 6.84211)",4,11,0,1
345689m,345568m,ツモ5m / 打9m,"(4, 1, 14, 11, 6.13793)","(7, 2, 10, 15, 7.45455)",4,7,0,1
345689m,345668m,ツモ6m / 打9m,"(4, 1, 14, 11, 6.13793)","(8, 3, 5, 15, 7.7)",4,8,0,0
345689m,345688m,ツモ8m / 打9m,"(4, 1, 14, 11, 6.13793)","(8, 3, 2, 11, 6.25)",4,8,0,0
345689m,345899m,ツモ9m / 打6m,"(4, 1, 14, 11, 6.13793)","(8, 3, 0, 8, 4.8)",4,8,0,0
345699m,234569m,ツモ2m / 打9m,"(4, 2, 8, 11, 5.5)","(11, 3, 4, 15, 6.71429)",4,11,0,1
345699m,344569m,ツモ4m / 打9m,"(4, 2, 8, 11, 5.5)","(7, 2, 7, 15, 6.72727)",4,7,0,1
345699m,345569m,ツモ5m / 打9m,"(4, 2, 8, 11, 5.5)","(7, 2, 6, 15, 6.66667)",4,7,0,1
345699m,345679m,ツモ7m / 打9m,"(4, 2, 8, 11, 5.5)","(11, 3, 4, 15, 7.20833)",4,11,0,1
345699m,345899m,ツモ8m / 打6m,"(4, 2, 8, 11, 5.5)","(8, 3, 0, 8, 4.8)",4,8,0,0
345779m,345677m,ツモ6m / 打9m,"(8, 3, 2, 15, 6.875)","(15, 5, 0, 15, 7.94118)",8,15,0,1
345799m,345679m,ツモ6m / 打9m,"(8, 3, 1, 11, 5.6875)","(11, 3, 4, 15, 7.20833)",8,11,0,1
346666m,334666m,ツモ3m / 打6m,"(8, 2, 2, 12, 7.2)","(12, 4, 0, 12, 6.90909)",8,12,1,1
346666m,344666m,ツモ4m / 打6m,"(8, 2, 2, 12, 7.2)","(12, 4, 0, 12, 6.90909)",8,12,1,1
346667m,334666m,ツモ3m / 打7m,"(8, 2, 3, 12, 7)","(12, 4, 0, 12, 6.90909)",8,12,1,1
346667m,344666m,ツモ4m / 打7m,"(8, 2, 3, 12, 7)","(12, 4, 0, 12, 6.90909)",8,12,1,1
346667m,466678m,ツモ8m / 打3m,"(8, 2, 3, 12, 7)","(11, 4, 2, 16, 6.89474)",8,11,1,1
346668m,334666m,ツモ3m / 打8m,"(8, 2, 3, 12, 6.77778)","(12, 4, 0, 12, 6.90909)",8,12,1,1
346668m,344666m,ツモ4m / 打8m,"(8, 2, 3, 12, 6.77778)","(12, 4, 0, 12, 6.90909)",8,12,1,1
346668m,466678m,ツモ7m / 打3m,"(8, 2, 3, 12, 6.77778)","(11, 4, 2, 16, 6.89474)",8,11,1,1
346669m,334666m,ツモ3m / 打9m,"(8, 2, 2, 12, 6)","(12, 4, 0, 12, 6.90909)",8,12,1,1
346669m,344666m,ツモ4m / 打9m,"(8, 2, 2, 12, 6)","(12, 4, 0, 12, 6.90909)",8,12,1,1
346678m,334678m,ツモ3m / 打6m,"(8, 2, 3, 12, 7.3)","(12, 4, 0, 12, 7.33333)",8,12,1,1
346678m,344678m,ツモ4m / 打6m,"(8, 2, 3, 12, 7.3)","(12, 4, 0, 12, 7.66667)",8,12,1,1
346678m,466678m,ツモ6m / 打3m,"(8, 2, 3, 12, 7.3)","(11, 4, 2, 16, 6.89474)",8,11,1,1
346777m,334777m,ツモ3m / 打6m,"(8, 2, 2, 12, 7)","(12, 4, 0, 12, 6.90909)",8,12,1,1
346777m,344777m,ツモ4m / 打6m,"(8, 2, 2, 12, 7)","(12, 4, 0, 12, 6.90909)",8,12,1,1
346778m,334678m,ツモ3m / 打7m,"(8, 2, 2, 12, 7.2)","(12, 4, 0, 12, 7.33333)",8,12,1,1
346778m,344678m,ツモ4m / 打7m,"(8, 2, 2, 12, 7.2)","(12, 4, 0, 12, 7.66667)",8,12,1,1
346788m,334678m,ツモ3m / 打8m,"(8, 2, 2, 12, 7)","(12, 4, 0, 12, 7.33333)",8,12,1,1
346788m,344678m,ツモ4m / 打8m,"(8, 2, 2, 12, 7)","(12, 4, 0, 12, 7.66667)",8,12,1,1
346789m,334678m,ツモ3m / 打9m,"(8, 2, 4, 12, 7.5)","(12, 4, 0, 12, 7.33333)",8,12,1,1
346789m,334789m,ツモ3m / 打6m,"(8, 2, 4, 12, 7.5)","(12, 4, 0, 12, 7.33333)",8,12,1,1
346789m,344678m,ツモ4m / 打9m,"(8, 2, 4, 12, 7.5)","(12, 4, 0, 12, 7.66667)",8,12,1,1
346888m,334888m,ツモ3m / 打6m,"(8, 2, 2, 12, 7)","(12, 4, 0, 12, 6.90909)",8,12,1,1
346888m,344888m,ツモ4m / 打6m,"(8, 2, 2, 12, 7)","(12, 4, 0, 12, 6.90909)",8,12,1,1
346999m,334999m,ツモ3m / 打6m,"(8, 2, 2, 12, 7.05882)","(12, 4, 0, 12, 6.90909)",8,12,1,1
346999m,344999m,ツモ4m / 打6m,"(8, 2, 2, 12, 7.05882)","(12, 4, 0, 12, 6.90909)",8,12,1,1
347777m,334777m,ツモ3m / 打7m,"(8, 2, 2, 12, 7.2)","(12, 4, 0, 12, 6.90909)",8,12,1,1
347777m,344777m,ツモ4m / 打7m,"(8, 2, 2, 12, 7.2)","(12, 4, 0, 12, 6.90909)",8,12,1,1
347778m,334777m,ツモ3m / 打8m,"(8, 2, 2, 12, 6.52632)","(12, 4, 0, 12, 6.90909)",8,12,1,1
347778m,344777m,ツモ4m / 打8m,"(8, 2, 2, 12, 6.52632)","(12, 4, 0, 12, 6.90909)",8,12,1,1
347779m,334777m,ツモ3m / 打9m,"(8, 2, 2, 12, 6)","(12, 4, 0, 12, 6.90909)",8,12,1,1
347779m,344777m,ツモ4m / 打9m,"(8, 2, 2, 12, 6)","(12, 4, 0, 12, 6.90909)",8,12,1,1
347789m,334789m,ツモ3m / 打7m,"(8, 2, 2, 12, 6.6)","(12, 4, 0, 12, 7.33333)",8,12,1,1
347789m,344789m,ツモ4m / 打7m,"(8, 2, 2, 12, 6.6)","(12, 4, 0, 12, 7.33333)",8,12,1,1
347888m,334888m,ツモ3m / 打7m,"(8, 2, 2, 12, 6.73684)","(12, 4, 0, 12, 6.90909)",8,12,1,1
347888m,344888m,ツモ4m / 打7m,"(8, 2, 2, 12, 6.73684)","(12, 4, 0, 12, 6.90909)",8,12,1,1
347889m,334789m,ツモ3m / 打8m,"(8, 2, 2, 12, 6.4)","(12, 4, 0, 12, 7.33333)",8,12,1,1
347889m,344789m,ツモ4m / 打8m,"(8, 2, 2, 12, 6.4)","(12, 4, 0, 12, 7.33333)",8,12,1,1
347899m,334789m,ツモ3m / 打9m,"(8, 2, 2, 12, 6.42105)","(12, 4, 0, 12, 7.33333)",8,12,1,1
347899m,344789m,ツモ4m / 打9m,"(8, 2, 2, 12, 6.42105)","(12, 4, 0, 12, 7.33333)",8,12,1,1
347999m,334999m,ツモ3m / 打7m,"(8, 2, 2, 12, 6.77778)","(12, 4, 0, 12, 6.90909)",8,12,1,1
347999m,344999m,ツモ4m / 打7m,"(8, 2, 2, 12, 6.77778)","(12, 4, 0, 12, 6.90909)",8,12,1,1
348888m,334888m,ツモ3m / 打8m,"(8, 2, 2, 12, 6.93333)","(12, 4, 0, 12, 6.90909)",8,12,1,1
348888m,344888m,ツモ4m / 打8m,"(8, 2, 2, 12, 6.93333)","(12, 4, 0, 12, 6.90909)",8,12,1,1
348889m,334888m,ツモ3m / 打9m,"(8, 2, 2, 12, 6)","(12, 4, 0, 12, 6.90909)",8,12,1,1
348889m,344888m,ツモ4m / 打9m,"(8, 2, 2, 12, 6)","(12, 4, 0, 12, 6.90909)",8,12,1,1
348999m,334999m,ツモ3m / 打8m,"(8, 2, 2, 12, 6.55556)","(12, 4, 0, 12, 6.90909)",8,12,1,1
348999m,344999m,ツモ4m / 打8m,"(8, 2, 2, 12, 6.55556)","(12, 4, 0, 12, 6.90909)",8,12,1,1
349999m,334999m,ツモ3m / 打9m,"(8, 2, 2, 12, 6.28571)","(12, 4, 0, 12, 6.90909)",8,12,1,1
349999m,344999m,ツモ4m / 打9m,"(8, 2, 2, 12, 6.28571)","(12, 4, 0, 12, 6.90909)",8,12,1,1
355556m,555566m,ツモ6m / 打3m,"(8, 2, 1, 12, 6.66667)","(12, 4, 0, 8, 6.4)",8,12,1,1
355557m,235557m,ツモ2m / 打5m,"(8, 2, 0, 8, 6)","(8, 2, 3, 12, 7.05263)",8,8,0,1
355557m,355578m,ツモ8m / 打5m,"(8, 2, 0, 8, 6)","(8, 2, 3, 12, 7.05263)",8,8,0,1
355558m,135555m,ツモ1m / 打8m,"(4, 1, 9, 8, 6.11765)","(8, 2, 0, 8, 5.71429)",4,8,0,0
355558m,235555m,ツモ2m / 打8m,"(4, 1, 9, 8, 6.11765)","(8, 2, 2, 12, 7.42857)",4,8,0,1
355558m,335555m,ツモ3m / 打8m,"(4, 1, 9, 8, 6.11765)","(8, 3, 1, 12, 6.33333)",4,8,0,0
355558m,355556m,ツモ6m / 打8m,"(4, 1, 9, 8, 6.11765)","(8, 2, 1, 12, 6.66667)",4,8,0,1
355558m,355578m,ツモ7m / 打5m,"(4, 1, 9, 8, 6.11765)","(8, 2, 3, 12, 7.05263)",4,8,0,1
355559m,135555m,ツモ1m / 打9m,"(4, 1, 8, 8, 6)","(8, 2, 0, 8, 5.71429)",4,8,0,0
355559m,235555m,ツモ2m / 打9m,"(4, 1, 8, 8, 6)","(8, 2, 2, 12, 7.42857)",4,8,0,1
355559m,335555m,ツモ3m / 打9m,"(4, 1, 8, 8, 6)","(8, 3, 1, 12, 6.33333)",4,8,0,0
355559m,355556m,ツモ6m / 打9m,"(4, 1, 8, 8, 6)","(8, 2, 1, 12, 6.66667)",4,8,0,1
355559m,355557m,ツモ7m / 打9m,"(4, 1, 8, 8, 6)","(8, 2, 0, 8, 6)",4,8,0,0
355566m,235556m,ツモ2m / 打6m,"(4, 2, 10, 16, 8.1875)","(8, 2, 3, 12, 7.17647)",4,8,0,1
355566m,345556m,ツモ4m / 打6m,"(4, 2, 10, 16, 8.1875)","(14, 5, 0, 12, 7.11765)",4,14,0,1
355566m,555566m,ツモ5m / 打3m,"(4, 2, 10, 16, 8.1875)","(12, 4, 0, 8, 6.4)",4,12,0,1
355566m,555667m,ツモ7m / 打3m,"(4, 2, 10, 16, 8.1875)","(16, 6, 0, 11, 6.33333)",4,16,0,1
355566m,555668m,ツモ8m / 打3m,"(4, 2, 10, 16, 8.1875)","(8, 3, 2, 12, 6.14286)",4,8,0,0
355567m,555667m,ツモ6m / 打3m,"(11, 4, 2, 16, 6.75)","(16, 6, 0, 11, 6.33333)",11,16,1,1
355567m,555677m,ツモ7m / 打3m,"(11, 4, 2, 16, 6.75)","(12, 5, 1, 14, 6.73333)",11,12,1,1
355568m,235556m,ツモ2m / 打8m,"(4, 1, 10, 14, 6.04762)","(8, 2, 3, 12, 7.17647)",4,8,0,1
355568m,345556m,ツモ4m / 打8m,"(4, 1, 10, 14, 6.04762)","(14, 5, 0, 12, 7.11765)",4,14,0,1
355568m,355556m,ツモ5m / 打8m,"(4, 1, 10, 14, 6.04762)","(8, 2, 1, 12, 6.66667)",4,8,0,1
355568m,555668m,ツモ6m / 打3m,"(4, 1, 10, 14, 6.04762)","(8, 3, 2, 12, 6.14286)",4,8,0,0
355568m,555688m,ツモ8m / 打3m,"(4, 1, 10, 14, 6.04762)","(8, 3, 0, 8, 5.07143)",4,8,0,0
355577m,235557m,ツモ2m / 打7m,"(4, 2, 11, 12, 7.35294)","(8, 2, 3, 12, 7.05263)",4,8,0,1
355577m,345557m,ツモ4m / 打7m,"(4, 2, 11, 12, 7.35294)","(11, 4, 2, 16, 6.75)",4,11,0,1
355577m,555577m,ツモ5m / 打3m,"(4, 2, 11, 12, 7.35294)","(8, 3, 1, 12, 6.33333)",4,8,0,0
355577m,555677m,ツモ6m / 打3m,"(4, 2, 11, 12, 7.35294)","(12, 5, 1, 14, 6.73333)",4,12,0,1
355577m,555778m,ツモ8m / 打3m,"(4, 2, 11, 12, 7.35294)","(12, 4, 0, 12, 6.90909)",4,12,0,1
355577m,555779m,ツモ9m / 打3m,"(4, 2, 11, 12, 7.35294)","(8, 3, 1, 12, 5.85714)",4,8,0,0
355578m,345557m,ツモ4m / 打8m,"(8, 2, 3, 12, 7.05263)","(11, 4, 2, 16, 6.75)",8,11,1,1
355578m,555778m,ツモ7m / 打3m,"(8, 2, 3, 12, 7.05263)","(12, 4, 0, 12, 6.90909)",8,12,1,1
355578m,555788m,ツモ8m / 打3m,"(8, 2, 3, 12, 7.05263)","(12, 4, 0, 12, 6.54545)",8,12,1,1
355579m,235557m,ツモ2m / 打9m,"(4, 1, 11, 11, 6.18182)","(8, 2, 3, 12, 7.05263)",4,8,0,1
355579m,345557m,ツモ4m / 打9m,"(4, 1, 11, 11, 6.18182)","(11, 4, 2, 16, 6.75)",4,11,0,1
355579m,355557m,ツモ5m / 打9m,"(4, 1, 11, 11, 6.18182)","(8, 2, 0, 8, 6)",4,8,0,0
355579m,355567m,ツモ6m / 打9m,"(4, 1, 11, 11, 6.18182)","(11, 4, 2, 16, 6.75)",4,11,0,1
355579m,555779m,ツモ7m / 打3m,"(4, 1, 11, 11, 6.18182)","(8, 3, 1, 12, 5.85714)",4,8,0,0
355579m,555799m,ツモ9m / 打3m,"(4, 1, 11, 11, 6.18182)","(8, 3, 0, 8, 4.78571)",4,8,0,0
355588m,235558m,ツモ2m / 打8m,"(4, 2, 6, 12, 5.6875)","(8, 2, 2, 12, 6.35294)",4,8,0,1
355588m,345558m,ツモ4m / 打8m,"(4, 2, 6, 12, 5.6875)","(7, 3, 7, 16, 6.73913)",4,7,0,1
355588m,555688m,ツモ6m / 打3m,"(4, 2, 6, 12, 5.6875)","(8, 3, 0, 8, 5.07143)",4,8,0,0
355588m,555788m,ツモ7m / 打3m,"(4, 2, 6, 12, 5.6875)","(12, 4, 0, 12, 6.54545)",4,12,0,1
355588m,555889m,ツモ9m / 打3m,"(4, 2, 6, 12, 5.6875)","(8, 3, 0, 8, 4.61538)",4,8,0,0
355589m,235558m,ツモ2m / 打9m,"(4, 1, 6, 8, 5.04762)","(8, 2, 2, 12, 6.35294)",4,8,0,1
355589m,345558m,ツモ4m / 打9m,"(4, 1, 6, 8, 5.04762)","(7, 3, 7, 16, 6.73913)",4,7,0,1
355589m,555889m,ツモ8m / 打3m,"(4, 1, 6, 8, 5.04762)","(8, 3, 0, 8, 4.61538)",4,8,0,0
355589m,555899m,ツモ9m / 打3m,"(4, 1, 6, 8, 5.04762)","(8, 3, 0, 8, 4.30769)",4,8,0,0
355599m,235559m,ツモ2m / 打9m,"(4, 2, 4, 8, 5)","(8, 2, 2, 12, 6.13333)",4,8,0,1
355599m,345559m,ツモ4m / 打9m,"(4, 2, 4, 8, 5)","(7, 3, 5, 16, 6.31818)",4,7,0,1
355599m,555799m,ツモ7m / 打3m,"(4, 2, 4, 8, 5)","(8, 3, 0, 8, 4.78571)",4,8,0,0
355599m,555899m,ツモ8m / 打3m,"(4, 2, 4, 8, 5)","(8, 3, 0, 8, 4.30769)",4,8,0,0
355666m,235666m,ツモ2m / 打5m,"(8, 3, 2, 12, 6.71429)","(8, 2, 2, 12, 7.17647)",8,8,0,1
355666m,556666m,ツモ6m / 打3m,"(8, 3, 2, 12, 6.71429)","(12, 4, 0, 8, 6.4)",8,12,0,1
355666m,556667m,ツモ7m / 打3m,"(8, 3, 2, 12, 6.71429)","(12, 5, 1, 14, 6.46667)",8,12,0,1
355667m,135567m,ツモ1m / 打6m,"(7, 2, 10, 16, 7.84211)","(8, 2, 1, 11, 6)",7,8,1,0
355667m,235567m,ツモ2m / 打6m,"(7, 2, 10, 16, 7.84211)","(8, 2, 3, 12, 7.47368)",7,8,1,1
355667m,335567m,ツモ3m / 打6m,"(7, 2, 10, 16, 7.84211)","(8, 3, 2, 12, 6.73333)",7,8,1,0
355667m,555667m,ツモ5m / 打3m,"(7, 2, 10, 16, 7.84211)","(16, 6, 0, 11, 6.33333)",7,16,1,1
355667m,556667m,ツモ6m / 打3m,"(7, 2, 10, 16, 7.84211)","(12, 5, 1, 14, 6.46667)",7,12,1,1
355667m,556678m,ツモ8m / 打3m,"(7, 2, 10, 16, 7.84211)","(11, 4, 2, 14, 7.88235)",7,11,1,1
355677m,135567m,ツモ1m / 打7m,"(7, 2, 11, 12, 7.25)","(8, 2, 1, 11, 6)",7,8,0,0
355677m,235567m,ツモ2m / 打7m,"(7, 2, 11, 12, 7.25)","(8, 2, 3, 12, 7.47368)",7,8,0,1
355677m,335567m,ツモ3m / 打7m,"(7, 2, 11, 12, 7.25)","(8, 3, 2, 12, 6.73333)",7,8,0,0
355677m,555677m,ツモ5m / 打3m,"(7, 2, 11, 12, 7.25)","(12, 5, 1, 14, 6.73333)",7,12,0,1
355677m,556777m,ツモ7m / 打3m,"(7, 2, 11, 12, 7.25)","(12, 5, 1, 14, 6.73333)",7,12,0,1
355677m,556778m,ツモ8m / 打3m,"(7, 2, 11, 12, 7.25)","(11, 4, 4, 15, 8.35294)",7,11,0,1
355678m,235678m,ツモ2m / 打5m,"(8, 3, 4, 11, 7.7)","(8, 2, 5, 12, 8.08)",8,8,0,1
355678m,556678m,ツモ6m / 打3m,"(8, 3, 4, 11, 7.7)","(11, 4, 2, 14, 7.88235)",8,11,0,1
355678m,556778m,ツモ7m / 打3m,"(8, 3, 4, 11, 7.7)","(11, 4, 4, 15, 8.35294)",8,11,0,1
355678m,556789m,ツモ9m / 打3m,"(8, 3, 4, 11, 7.7)","(11, 4, 0, 11, 6.63158)",8,11,0,1
355679m,135567m,ツモ1m / 打9m,"(4, 1, 14, 11, 6.8)","(8, 2, 1, 11, 6)",4,8,0,0
355679m,235567m,ツモ2m / 打9m,"(4, 1, 14, 11, 6.8)","(8, 2, 3, 12, 7.47368)",4,8,0,1
355679m,335567m,ツモ3m / 打9m,"(4, 1, 14, 11, 6.8)","(8, 3, 2, 12, 6.73333)",4,8,0,0
355679m,355567m,ツモ5m / 打9m,"(4, 1, 14, 11, 6.8)","(11, 4, 2, 16, 6.75)",4,11,0,1
355679m,355667m,ツモ6m / 打9m,"(4, 1, 14, 11, 6.8)","(7, 2, 10, 16, 7.84211)",4,7,0,1
355679m,355677m,ツモ7m / 打9m,"(4, 1, 14, 11, 6.8)","(7, 2, 11, 12, 7.25)",4,7,0,0
355679m,556789m,ツモ8m / 打3m,"(4, 1, 14, 11, 6.8)","(11, 4, 0, 11, 6.63158)",4,11,0,1
355777m,235777m,ツモ2m / 打5m,"(8, 3, 1, 12, 6.42857)","(8, 2, 2, 12, 7.17647)",8,8,0,1
355777m,556777m,ツモ6m / 打3m,"(8, 3, 1, 12, 6.42857)","(12, 5, 1, 14, 6.73333)",8,12,0,1
355789m,235789m,ツモ2m / 打5m,"(8, 3, 1, 11, 6.26667)","(8, 2, 2, 12, 7.22222)",8,8,0,1
355789m,556789m,ツモ6m / 打3m,"(8, 3, 1, 11, 6.26667)","(11, 4, 0, 11, 6.63158)",8,11,0,1
355888m,235888m,ツモ2m / 打5m,"(8, 3, 1, 12, 6.46154)","(8, 2, 2, 12, 7.25)",8,8,0,1
355888m,556888m,ツモ6m / 打3m,"(8, 3, 1, 12, 6.46154)","(12, 4, 0, 12, 6.90909)",8,12,0,1
355999m,235999m,ツモ2m / 打5m,"(8, 3, 1, 12, 6.46154)","(8, 2, 2, 12, 7.25)",8,8,0,1
355999m,556999m,ツモ6m / 打3m,"(8, 3, 1, 12, 6.46154)","(12, 4, 0, 12, 6.90909)",8,12,0,1
356666m,556666m,ツモ5m / 打3m,"(8, 2, 1, 12, 6.93333)","(12, 4, 0, 8, 6.4)",8,12,1,1
356667m,135666m,ツモ1m / 打7m,"(7, 3, 9, 14, 6.625)","(8, 2, 0, 8, 5.52941)",7,8,0,0
356667m,235667m,ツモ2m / 打6m,"(7, 3, 9, 14, 6.625)","(8, 2, 2, 12, 7.36842)",7,8,0,1
356667m,335666m,ツモ3m / 打7m,"(7, 3, 9, 14, 6.625)","(8, 3, 1, 12, 6.21429)",7,8,0,0
356667m,556667m,ツモ5m / 打3m,"(7, 3, 9, 14, 6.625)","(12, 5, 1, 14, 6.46667)",7,12,0,1
356667m,566677m,ツモ7m / 打3m,"(7, 3, 9, 14, 6.625)","(12, 5, 1, 14, 6.46667)",7,12,0,1
356667m,566678m,ツモ8m / 打3m,"(7, 3, 9, 14, 6.625)","(14, 5, 0, 12, 7.0625)",7,14,0,1
356668m,135666m,ツモ1m / 打8m,"(4, 1, 11, 14, 6.35)","(8, 2, 0, 8, 5.52941)",4,8,0,0
356668m,235666m,ツモ2m / 打8m,"(4, 1, 11, 14, 6.35)","(8, 2, 2, 12, 7.17647)",4,8,0,1
356668m,335666m,ツモ3m / 打8m,"(4, 1, 11, 14, 6.35)","(8, 3, 1, 12, 6.21429)",4,8,0,0
356668m,355666m,ツモ5m / 打8m,"(4, 1, 11, 14, 6.35)","(8, 3, 2, 12, 6.71429)",4,8,0,0
356668m,356666m,ツモ6m / 打8m,"(4, 1, 11, 14, 6.35)","(8, 2, 1, 12, 6.93333)",4,8,0,1
356668m,566678m,ツモ7m / 打3m,"(4, 1, 11, 14, 6.35)","(14, 5, 0, 12, 7.0625)",4,14,0,1
356669m,135666m,ツモ1m / 打9m,"(4, 1, 9, 8, 5.88889)","(8, 2, 0, 8, 5.52941)",4,8,0,0
356669m,235666m,ツモ2m / 打9m,"(4, 1, 9, 8, 5.88889)","(8, 2, 2, 12, 7.17647)",4,8,0,1
356669m,335666m,ツモ3m / 打9m,"(4, 1, 9, 8, 5.88889)","(8, 3, 1, 12, 6.21429)",4,8,0,0
356669m,355666m,ツモ5m / 打9m,"(4, 1, 9, 8, 5.88889)","(8, 3, 2, 12, 6.71429)",4,8,0,0
356669m,356666m,ツモ6m / 打9m,"(4, 1, 9, 8, 5.88889)","(8, 2, 1, 12, 6.93333)",4,8,0,1
356669m,356667m,ツモ7m / 打9m,"(4, 1, 9, 8, 5.88889)","(7, 3, 9, 14, 6.625)",4,7,0,0
356677m,235677m,ツモ2m / 打6m,"(7, 2, 7, 16, 7.78947)","(8, 2, 3, 12, 7.2381)",7,8,1,1
356677m,345667m,ツモ4m / 打7m,"(7, 2, 7, 16, 7.78947)","(15, 5, 0, 15, 9.1875)",7,15,1,1
356677m,566677m,ツモ6m / 打3m,"(7, 2, 7, 16, 7.78947)","(12, 5, 1, 14, 6.46667)",7,12,1,1
356677m,566777m,ツモ7m / 打3m,"(7, 2, 7, 16, 7.78947)","(16, 6, 0, 11, 6.33333)",7,16,1,1
356678m,135678m,ツモ1m / 打6m,"(7, 2, 11, 14, 7.16667)","(8, 2, 1, 11, 6.32)",7,8,1,0
356678m,235678m,ツモ2m / 打6m,"(7, 2, 11, 14, 7.16667)","(8, 2, 5, 12, 8.08)",7,8,1,1
356678m,335678m,ツモ3m / 打6m,"(7, 2, 11, 14, 7.16667)","(8, 3, 3, 12, 7.05)",7,8,1,0
356678m,556678m,ツモ5m / 打3m,"(7, 2, 11, 14, 7.16667)","(11, 4, 2, 14, 7.88235)",7,11,1,1
356678m,566678m,ツモ6m / 打3m,"(7, 2, 11, 14, 7.16667)","(14, 5, 0, 12, 7.0625)",7,14,1,1
356678m,566788m,ツモ8m / 打3m,"(7, 2, 11, 14, 7.16667)","(11, 4, 2, 14, 7.17647)",7,11,1,1
356678m,566789m,ツモ9m / 打3m,"(7, 2, 11, 14, 7.16667)","(11, 4, 0, 11, 7.38889)",7,11,1,1
356777m,135777m,ツモ1m / 打6m,"(7, 3, 11, 16, 7.29167)","(8, 2, 0, 8, 5.52941)",7,8,1,0
356777m,235677m,ツモ2m / 打7m,"(7, 3, 11, 16, 7.29167)","(8, 2, 3, 12, 7.2381)",7,8,1,1
356777m,335777m,ツモ3m / 打6m,"(7, 3, 11, 16, 7.29167)","(8, 3, 1, 12, 6.21429)",7,8,1,0
356777m,556777m,ツモ5m / 打3m,"(7, 3, 11, 16, 7.29167)","(12, 5, 1, 14, 6.73333)",7,12,1,1
356777m,566777m,ツモ6m / 打3m,"(7, 3, 11, 16, 7.29167)","(16, 6, 0, 11, 6.33333)",7,16,1,1
356777m,567778m,ツモ8m / 打3m,"(7, 3, 11, 16, 7.29167)","(14, 5, 0, 12, 7.0625)",7,14,1,1
356777m,567779m,ツモ9m / 打3m,"(7, 3, 11, 16, 7.29167)","(11, 4, 2, 16, 6.4375)",7,11,1,1
356778m,567778m,ツモ7m / 打3m,"(11, 3, 1, 14, 7.14286)","(14, 5, 0, 12, 7.0625)",11,14,1,1
356779m,235677m,ツモ2m / 打9m,"(4, 1, 13, 15, 6.72727)","(8, 2, 3, 12, 7.2381)",4,8,0,1
356779m,345677m,ツモ4m / 打9m,"(4, 1, 13, 15, 6.72727)","(15, 5, 0, 15, 7.94118)",4,15,0,1
356779m,355677m,ツモ5m / 打9m,"(4, 1, 13, 15, 6.72727)","(7, 2, 11, 12, 7.25)",4,7,0,0
356779m,356677m,ツモ6m / 打9m,"(4, 1, 13, 15, 6.72727)","(7, 2, 7, 16, 7.78947)",4,7,0,1
356779m,567779m,ツモ7m / 打3m,"(4, 1, 13, 15, 6.72727)","(11, 4, 2, 16, 6.4375)",4,11,0,1
356779m,567799m,ツモ9m / 打3m,"(4, 1, 13, 15, 6.72727)","(8, 3, 1, 11, 5.4)",4,8,0,0
356788m,235678m,ツモ2m / 打8m,"(8, 3, 4, 11, 6.85)","(8, 2, 5, 12, 8.08)",8,8,0,1
356788m,566788m,ツモ6m / 打3m,"(8, 3, 4, 11, 6.85)","(11, 4, 2, 14, 7.17647)",8,11,0,1
356788m,567788m,ツモ7m / 打3m,"(8, 3, 4, 11, 6.85)","(11, 4, 4, 15, 8.58824)",8,11,0,1
356788m,567889m,ツモ9m / 打3m,"(8, 3, 4, 11, 6.85)","(11, 4, 0, 11, 6.36842)",8,11,0,1
356789m,135678m,ツモ1m / 打9m,"(7, 2, 15, 11, 6.75862)","(8, 2, 1, 11, 6.32)",7,8,1,0
356789m,235678m,ツモ2m / 打9m,"(7, 2, 15, 11, 6.75862)","(8, 2, 5, 12, 8.08)",7,8,1,1
356789m,335678m,ツモ3m / 打9m,"(7, 2, 15, 11, 6.75862)","(8, 3, 3, 12, 7.05)",7,8,1,0
356789m,556789m,ツモ5m / 打3m,"(7, 2, 15, 11, 6.75862)","(11, 4, 0, 11, 6.63158)",7,11,1,1
356789m,566789m,ツモ6m / 打3m,"(7, 2, 15, 11, 6.75862)","(11, 4, 0, 11, 7.38889)",7,11,1,1
356789m,567889m,ツモ8m / 打3m,"(7, 2, 15, 11, 6.75862)","(11, 4, 0, 11, 6.36842)",7,11,1,1
356789m,567899m,ツモ9m / 打3m,"(7, 2, 15, 11, 6.75862)","(11, 4, 0, 11, 5.78947)",7,11,1,1
356799m,235679m,ツモ2m / 打9m,"(4, 2, 7, 11, 5.83333)","(8, 2, 2, 12, 6.70588)",4,8,0,1
356799m,345679m,ツモ4m / 打9m,"(4, 2, 7, 11, 5.83333)","(11, 3, 4, 15, 7.20833)",4,11,0,1
356799m,567799m,ツモ7m / 打3m,"(4, 2, 7, 11, 5.83333)","(8, 3, 1, 11, 5.4)",4,8,0,0
356799m,567899m,ツモ8m / 打3m,"(4, 2, 7, 11, 5.83333)","(11, 4, 0, 11, 5.78947)",4,11,0,1
356888m,556888m,ツモ5m / 打3m,"(8, 2, 2, 12, 7.05882)","(12, 4, 0, 12, 6.90909)",8,12,1,1
356888m,566888m,ツモ6m / 打3m,"(8, 2, 2, 12, 7.05882)","(12, 4, 0, 12, 6.90909)",8,12,1,1
356999m,556999m,ツモ5m / 打3m,"(8, 2, 2, 12, 7.05882)","(12, 4, 0, 12, 6.90909)",8,12,1,1
356999m,566999m,ツモ6m / 打3m,"(8, 2, 2, 12, 7.05882)","(12, 4, 0, 12, 6.90909)",8,12,1,1
357777m,237777m,ツモ2m / 打5m,"(8, 2, 0, 8, 6.25)","(8, 2, 2, 12, 7.25)",8,8,0,1
357777m,577778m,ツモ8m / 打3m,"(8, 2, 0, 8, 6.25)","(8, 2, 1, 12, 6.85714)",8,8,0,1
357778m,135777m,ツモ1m / 打8m,"(4, 1, 13, 14, 6.71429)","(8, 2, 0, 8, 5.52941)",4,8,0,0
357778m,235777m,ツモ2m / 打8m,"(4, 1, 13, 14, 6.71429)","(8, 2, 2, 12, 7.17647)",4,8,0,1
357778m,335777m,ツモ3m / 打8m,"(4, 1, 13, 14, 6.71429)","(8, 3, 1, 12, 6.21429)",4,8,0,0
357778m,355777m,ツモ5m / 打8m,"(4, 1, 13, 14, 6.71429)","(8, 3, 1, 12, 6.42857)",4,8,0,0
357778m,357789m,ツモ9m / 打7m,"(4, 1, 13, 14, 6.71429)","(8, 2, 0, 8, 5.7)",4,8,0,0
357778m,567778m,ツモ6m / 打3m,"(4, 1, 13, 14, 6.71429)","(14, 5, 0, 12, 7.0625)",4,14,0,1
357778m,577778m,ツモ7m / 打3m,"(4, 1, 13, 14, 6.71429)","(8, 2, 1, 12, 6.85714)",4,8,0,1
357779m,135777m,ツモ1m / 打9m,"(4, 1, 11, 11, 6.2)","(8, 2, 0, 8, 5.52941)",4,8,0,0
357779m,235777m,ツモ2m / 打9m,"(4, 1, 11, 11, 6.2)","(8, 2, 2, 12, 7.17647)",4,8,0,1
357779m,335777m,ツモ3m / 打9m,"(4, 1, 11, 11, 6.2)","(8, 3, 1, 12, 6.21429)",4,8,0,0
357779m,355777m,ツモ5m / 打9m,"(4, 1, 11, 11, 6.2)","(8, 3, 1, 12, 6.42857)",4,8,0,0
357779m,357777m,ツモ7m / 打9m,"(4, 1, 11, 11, 6.2)","(8, 2, 0, 8, 6.25)",4,8,0,0
357779m,357789m,ツモ8m / 打7m,"(4, 1, 11, 11, 6.2)","(8, 2, 0, 8, 5.7)",4,8,0,0
357779m,567779m,ツモ6m / 打3m,"(4, 1, 11, 11, 6.2)","(11, 4, 2, 16, 6.4375)",4,11,0,1
357789m,235789m,ツモ2m / 打7m,"(8, 2, 0, 8, 5.7)","(8, 2, 2, 12, 7.22222)",8,8,0,1
357888m,235888m,ツモ2m / 打7m,"(8, 2, 0, 8, 6)","(8, 2, 2, 12, 7.25)",8,8,0,1
357888m,578888m,ツモ8m / 打3m,"(8, 2, 0, 8, 6)","(8, 2, 1, 12, 7.14286)",8,8,0,1
357889m,135789m,ツモ1m / 打8m,"(4, 1, 13, 11, 6.13636)","(8, 2, 0, 8, 5.66667)",4,8,0,0
357889m,235789m,ツモ2m / 打8m,"(4, 1, 13, 11, 6.13636)","(8, 2, 2, 12, 7.22222)",4,8,0,1
357889m,335789m,ツモ3m / 打8m,"(4, 1, 13, 11, 6.13636)","(8, 3, 1, 12, 6.33333)",4,8,0,0
357889m,355789m,ツモ5m / 打8m,"(4, 1, 13, 11, 6.13636)","(8, 3, 1, 11, 6.26667)",4,8,0,0
357889m,357789m,ツモ7m / 打8m,"(4, 1, 13, 11, 6.13636)","(8, 2, 0, 8, 5.7)",4,8,0,0
357889m,357888m,ツモ8m / 打9m,"(4, 1, 13, 11, 6.13636)","(8, 2, 0, 8, 6)",4,8,0,0
357889m,567889m,ツモ6m / 打3m,"(4, 1, 13, 11, 6.13636)","(11, 4, 0, 11, 6.36842)",4,11,0,1
357899m,135789m,ツモ1m / 打9m,"(4, 1, 12, 11, 6)","(8, 2, 0, 8, 5.66667)",4,8,0,0
357899m,235789m,ツモ2m / 打9m,"(4, 1, 12, 11, 6)","(8, 2, 2, 12, 7.22222)",4,8,0,1
357899m,335789m,ツモ3m / 打9m,"(4, 1, 12, 11, 6)","(8, 3, 1, 12, 6.33333)",4,8,0,0
357899m,355789m,ツモ5m / 打9m,"(4, 1, 12, 11, 6)","(8, 3, 1, 11, 6.26667)",4,8,0,0
357899m,357789m,ツモ7m / 打9m,"(4, 1, 12, 11, 6)","(8, 2, 0, 8, 5.7)",4,8,0,0
357899m,357999m,ツモ9m / 打8m,"(4, 1, 12, 11, 6)","(8, 2, 0, 8, 6)",4,8,0,0
357899m,567899m,ツモ6m / 打3m,"(4, 1, 12, 11, 6)","(11, 4, 0, 11, 5.78947)",4,11,0,1
357999m,235999m,ツモ2m / 打7m,"(8, 2, 0, 8, 6)","(8, 2, 2, 12, 7.25)",8,8,0,1
358888m,135888m,ツモ1m / 打8m,"(4, 1, 10, 8, 6.35294)","(8, 2, 0, 8, 5.75)",4,8,0,0
358888m,235888m,ツモ2m / 打8m,"(4, 1, 10, 8, 6.35294)","(8, 2, 2, 12, 7.25)",4,8,0,1
358888m,335888m,ツモ3m / 打8m,"(4, 1, 10, 8, 6.35294)","(8, 3, 1, 12, 6.46154)",4,8,0,0
358888m,355888m,ツモ5m / 打8m,"(4, 1, 10, 8, 6.35294)","(8, 3, 1, 12, 6.46154)",4,8,0,0
358888m,356888m,ツモ6m / 打8m,"(4, 1, 10, 8, 6.35294)","(8, 2, 2, 12, 7.05882)",4,8,0,1
358888m,578888m,ツモ7m / 打3m,"(4, 1, 10, 8, 6.35294)","(8, 2, 1, 12, 7.14286)",4,8,0,1
358889m,135888m,ツモ1m / 打9m,"(4, 1, 9, 8, 5.78947)","(8, 2, 0, 8, 5.75)",4,8,0,0
358889m,235888m,ツモ2m / 打9m,"(4, 1, 9, 8, 5.78947)","(8, 2, 2, 12, 7.25)",4,8,0,1
358889m,335888m,ツモ3m / 打9m,"(4, 1, 9, 8, 5.78947)","(8, 3, 1, 12, 6.46154)",4,8,0,0
358889m,355888m,ツモ5m / 打9m,"(4, 1, 9, 8, 5.78947)","(8, 3, 1, 12, 6.46154)",4,8,0,0
358889m,356888m,ツモ6m / 打9m,"(4, 1, 9, 8, 5.78947)","(8, 2, 2, 12, 7.05882)",4,8,0,1
358889m,357888m,ツモ7m / 打9m,"(4, 1, 9, 8, 5.78947)","(8, 2, 0, 8, 6)",4,8,0,0
358999m,135999m,ツモ1m / 打8m,"(4, 1, 10, 8, 5.9)","(8, 2, 0, 8, 5.75)",4,8,0,0
358999m,235999m,ツモ2m / 打8m,"(4, 1, 10, 8, 5.9)","(8, 2, 2, 12, 7.25)",4,8,0,1
358999m,335999m,ツモ3m / 打8m,"(4, 1, 10, 8, 5.9)","(8, 3, 1, 12, 6.46154)",4,8,0,0
358999m,355999m,ツモ5m / 打8m,"(4, 1, 10, 8, 5.9)","(8, 3, 1, 12, 6.46154)",4,8,0,0
358999m,356999m,ツモ6m / 打8m,"(4, 1, 10, 8, 5.9)","(8, 2, 2, 12, 7.05882)",4,8,0,1
358999m,357999m,ツモ7m / 打8m,"(4, 1, 10, 8, 5.9)","(8, 2, 0, 8, 6)",4,8,0,0
359999m,135999m,ツモ1m / 打9m,"(4, 1, 9, 8, 6.25)","(8, 2, 0, 8, 5.75)",4,8,0,0
359999m,235999m,ツモ2m / 打9m,"(4, 1, 9, 8, 6.25)","(8, 2, 2, 12, 7.25)",4,8,0,1
359999m,335999m,ツモ3m / 打9m,"(4, 1, 9, 8, 6.25)","(8, 3, 1, 12, 6.46154)",4,8,0,0
359999m,355999m,ツモ5m / 打9m,"(4, 1, 9, 8, 6.25)","(8, 3, 1, 12, 6.46154)",4,8,0,0
359999m,356999m,ツモ6m / 打9m,"(4, 1, 9, 8, 6.25)","(8, 2, 2, 12, 7.05882)",4,8,0,1
359999m,357999m,ツモ7m / 打9m,"(4, 1, 9, 8, 6.25)","(8, 2, 0, 8, 6)",4,8,0,0
366667m,666677m,ツモ7m / 打3m,"(8, 2, 1, 12, 6.66667)","(12, 4, 0, 8, 6.4)",8,12,1,1
366668m,236666m,ツモ2m / 打8m,"(4, 1, 8, 8, 5.77778)","(8, 2, 2, 12, 7.42857)",4,8,0,1
366668m,346668m,ツモ4m / 打6m,"(4, 1, 8, 8, 5.77778)","(8, 2, 3, 12, 6.77778)",4,8,0,1
366668m,356666m,ツモ5m / 打8m,"(4, 1, 8, 8, 5.77778)","(8, 2, 1, 12, 6.93333)",4,8,0,1
366668m,666688m,ツモ8m / 打3m,"(4, 1, 8, 8, 5.77778)","(8, 3, 0, 8, 5)",4,8,0,0
366677m,236667m,ツモ2m / 打7m,"(4, 2, 11, 16, 7.29412)","(8, 2, 2, 12, 6.8)",4,8,0,1
366677m,346667m,ツモ4m / 打7m,"(4, 2, 11, 16, 7.29412)","(8, 2, 3, 12, 7)",4,8,0,1
366677m,566677m,ツモ5m / 打3m,"(4, 2, 11, 16, 7.29412)","(12, 5, 1, 14, 6.46667)",4,12,0,1
366677m,666677m,ツモ6m / 打3m,"(4, 2, 11, 16, 7.29412)","(12, 4, 0, 8, 6.4)",4,12,0,1
366677m,666778m,ツモ8m / 打3m,"(4, 2, 11, 16, 7.29412)","(16, 6, 0, 11, 6.33333)",4,16,0,1
366677m,666779m,ツモ9m / 打3m,"(4, 2, 11, 16, 7.29412)","(8, 3, 2, 12, 6.14286)",4,8,0,0
366678m,236678m,ツモ2m / 打6m,"(7, 3, 10, 16, 7)","(8, 2, 2, 12, 6.85714)",7,8,1,1
366678m,466678m,ツモ4m / 打3m,"(7, 3, 10, 16, 7)","(11, 4, 2, 16, 6.89474)",7,11,1,1
366678m,566678m,ツモ5m / 打3m,"(7, 3, 10, 16, 7)","(14, 5, 0, 12, 7.0625)",7,14,1,1
366678m,666778m,ツモ7m / 打3m,"(7, 3, 10, 16, 7)","(16, 6, 0, 11, 6.33333)",7,16,1,1
366678m,666788m,ツモ8m / 打3m,"(7, 3, 10, 16, 7)","(12, 5, 1, 14, 6.2)",7,12,1,1
366679m,236667m,ツモ2m / 打9m,"(4, 1, 10, 8, 5.9)","(8, 2, 2, 12, 6.8)",4,8,0,1
366679m,346667m,ツモ4m / 打9m,"(4, 1, 10, 8, 5.9)","(8, 2, 3, 12, 7)",4,8,0,1
366679m,356667m,ツモ5m / 打9m,"(4, 1, 10, 8, 5.9)","(7, 3, 9, 14, 6.625)",4,7,0,0
366679m,366667m,ツモ6m / 打9m,"(4, 1, 10, 8, 5.9)","(8, 2, 1, 12, 6.66667)",4,8,0,1
366679m,666779m,ツモ7m / 打3m,"(4, 1, 10, 8, 5.9)","(8, 3, 2, 12, 6.14286)",4,8,0,0
366679m,666799m,ツモ9m / 打3m,"(4, 1, 10, 8, 5.9)","(8, 3, 0, 8, 4.78571)",4,8,0,0
366688m,236668m,ツモ2m / 打8m,"(4, 2, 6, 12, 5.625)","(8, 2, 2, 12, 6.33333)",4,8,0,1
366688m,346668m,ツモ4m / 打8m,"(4, 2, 6, 12, 5.625)","(8, 2, 3, 12, 6.77778)",4,8,0,1
366688m,666688m,ツモ6m / 打3m,"(4, 2, 6, 12, 5.625)","(8, 3, 0, 8, 5)",4,8,0,0
366688m,666788m,ツモ7m / 打3m,"(4, 2, 6, 12, 5.625)","(12, 5, 1, 14, 6.2)",4,12,0,1
366688m,666889m,ツモ9m / 打3m,"(4, 2, 6, 12, 5.625)","(8, 3, 0, 8, 4.61538)",4,8,0,0
366689m,236668m,ツモ2m / 打9m,"(4, 1, 6, 8, 5.2)","(8, 2, 2, 12, 6.33333)",4,8,0,1
366689m,346668m,ツモ4m / 打9m,"(4, 1, 6, 8, 5.2)","(8, 2, 3, 12, 6.77778)",4,8,0,1
366689m,666889m,ツモ8m / 打3m,"(4, 1, 6, 8, 5.2)","(8, 3, 0, 8, 4.61538)",4,8,0,0
366689m,666899m,ツモ9m / 打3m,"(4, 1, 6, 8, 5.2)","(8, 3, 0, 8, 4.30769)",4,8,0,0
366699m,236669m,ツモ2m / 打9m,"(4, 2, 4, 8, 5.14286)","(8, 2, 2, 12, 6.13333)",4,8,0,1
366699m,346669m,ツモ4m / 打9m,"(4, 2, 4, 8, 5.14286)","(8, 2, 2, 12, 6)",4,8,0,1
366699m,666799m,ツモ7m / 打3m,"(4, 2, 4, 8, 5.14286)","(8, 3, 0, 8, 4.78571)",4,8,0,0
366699m,666899m,ツモ8m / 打3m,"(4, 2, 4, 8, 5.14286)","(8, 3, 0, 8, 4.30769)",4,8,0,0
366777m,236777m,ツモ2m / 打6m,"(4, 2, 10, 16, 7.25)","(8, 2, 2, 12, 6.88889)",4,8,0,1
366777m,346777m,ツモ4m / 打6m,"(4, 2, 10, 16, 7.25)","(8, 2, 2, 12, 7)",4,8,0,1
366777m,566777m,ツモ5m / 打3m,"(4, 2, 10, 16, 7.25)","(16, 6, 0, 11, 6.33333)",4,16,0,1
366777m,667777m,ツモ7m / 打3m,"(4, 2, 10, 16, 7.25)","(12, 4, 0, 8, 6.4)",4,12,0,1
366777m,667778m,ツモ8m / 打3m,"(4, 2, 10, 16, 7.25)","(12, 5, 0, 11, 5.93333)",4,12,0,1
366778m,236778m,ツモ2m / 打6m,"(7, 2, 7, 16, 6.85)","(8, 2, 3, 12, 7.36364)",7,8,1,1
366778m,346678m,ツモ4m / 打7m,"(7, 2, 7, 16, 6.85)","(8, 2, 3, 12, 7.3)",7,8,1,1
366778m,666778m,ツモ6m / 打3m,"(7, 2, 7, 16, 6.85)","(16, 6, 0, 11, 6.33333)",7,16,1,1
366778m,667778m,ツモ7m / 打3m,"(7, 2, 7, 16, 6.85)","(12, 5, 0, 11, 5.93333)",7,12,1,1
366778m,667789m,ツモ9m / 打3m,"(7, 2, 7, 16, 6.85)","(11, 4, 1, 12, 7)",7,11,1,1
366788m,136678m,ツモ1m / 打8m,"(3, 1, 20, 12, 6.3913)","(4, 1, 11, 8, 5.5)",3,4,0,0
366788m,236678m,ツモ2m / 打8m,"(3, 1, 20, 12, 6.3913)","(8, 2, 2, 12, 6.85714)",3,8,0,1
366788m,336678m,ツモ3m / 打8m,"(3, 1, 20, 12, 6.3913)","(4, 2, 9, 12, 6.22222)",3,4,0,0
366788m,336788m,ツモ3m / 打6m,"(3, 1, 20, 12, 6.3913)","(4, 2, 9, 12, 6.22222)",3,4,0,0
366788m,346678m,ツモ4m / 打8m,"(3, 1, 20, 12, 6.3913)","(8, 2, 3, 12, 7.3)",3,8,0,1
366788m,566788m,ツモ5m / 打3m,"(3, 1, 20, 12, 6.3913)","(11, 4, 2, 14, 7.17647)",3,11,0,1
366788m,666788m,ツモ6m / 打3m,"(3, 1, 20, 12, 6.3913)","(12, 5, 1, 14, 6.2)",3,12,0,1
366788m,667888m,ツモ8m / 打3m,"(3, 1, 20, 12, 6.3913)","(12, 5, 0, 10, 5.66667)",3,12,0,1
366788m,667889m,ツモ9m / 打3m,"(3, 1, 20, 12, 6.3913)","(7, 3, 6, 12, 6.2)",3,7,0,0
366789m,236789m,ツモ2m / 打6m,"(4, 2, 13, 11, 6.22727)","(8, 2, 4, 12, 7.12)",4,8,0,1
366789m,346789m,ツモ4m / 打6m,"(4, 2, 13, 11, 6.22727)","(8, 2, 4, 12, 7.5)",4,8,0,1
366789m,566789m,ツモ5m / 打3m,"(4, 2, 13, 11, 6.22727)","(11, 4, 0, 11, 7.38889)",4,11,0,1
366789m,667789m,ツモ7m / 打3m,"(4, 2, 13, 11, 6.22727)","(11, 4, 1, 12, 7)",4,11,0,1
366789m,667889m,ツモ8m / 打3m,"(4, 2, 13, 11, 6.22727)","(7, 3, 6, 12, 6.2)",4,7,0,0
366789m,667899m,ツモ9m / 打3m,"(4, 2, 13, 11, 6.22727)","(6, 3, 8, 11, 6.8)",4,6,0,0
366888m,236888m,ツモ2m / 打6m,"(4, 2, 8, 12, 6.53333)","(8, 2, 2, 12, 6.94118)",4,8,0,1
366888m,346888m,ツモ4m / 打6m,"(4, 2, 8, 12, 6.53333)","(8, 2, 2, 12, 7)",4,8,0,1
366888m,566888m,ツモ5m / 打3m,"(4, 2, 8, 12, 6.53333)","(12, 4, 0, 12, 6.90909)",4,12,0,1
366888m,667888m,ツモ7m / 打3m,"(4, 2, 8, 12, 6.53333)","(12, 5, 0, 10, 5.66667)",4,12,0,1
366888m,668888m,ツモ8m / 打3m,"(4, 2, 8, 12, 6.53333)","(8, 3, 1, 12, 5.66667)",4,8,0,0
366999m,236999m,ツモ2m / 打6m,"(4, 2, 8, 12, 6.85714)","(8, 2, 2, 12, 7)",4,8,0,1
366999m,346999m,ツモ4m / 打6m,"(4, 2, 8, 12, 6.85714)","(8, 2, 2, 12, 7.05882)",4,8,0,1
366999m,566999m,ツモ5m / 打3m,"(4, 2, 8, 12, 6.85714)","(12, 4, 0, 12, 6.90909)",4,12,0,1
366999m,667999m,ツモ7m / 打3m,"(4, 2, 8, 12, 6.85714)","(12, 4, 0, 12, 6.90909)",4,12,0,1
366999m,668999m,ツモ8m / 打3m,"(4, 2, 8, 12, 6.85714)","(8, 3, 1, 12, 5.84615)",4,8,0,0
367777m,667777m,ツモ6m / 打3m,"(8, 2, 1, 12, 6.66667)","(12, 4, 0, 8, 6.4)",8,12,1,1
367778m,136778m,ツモ1m / 打7m,"(3, 2, 25, 14, 6.67857)","(4, 1, 13, 11, 5.91667)",3,4,0,0
367778m,236778m,ツモ2m / 打7m,"(3, 2, 25, 14, 6.67857)","(8, 2, 3, 12, 7.36364)",3,8,0,1
367778m,336778m,ツモ3m / 打7m,"(3, 2, 25, 14, 6.67857)","(4, 2, 10, 12, 6.47368)",3,4,0,0
367778m,346778m,ツモ4m / 打7m,"(3, 2, 25, 14, 6.67857)","(8, 2, 2, 12, 7.2)",3,8,0,1
367778m,567778m,ツモ5m / 打3m,"(3, 2, 25, 14, 6.67857)","(14, 5, 0, 12, 7.0625)",3,14,0,1
367778m,667778m,ツモ6m / 打3m,"(3, 2, 25, 14, 6.67857)","(12, 5, 0, 11, 5.93333)",3,12,0,1
367778m,677788m,ツモ8m / 打3m,"(3, 2, 25, 14, 6.67857)","(12, 5, 1, 14, 5.93333)",3,12,0,1
367778m,677789m,ツモ9m / 打3m,"(3, 2, 25, 14, 6.67857)","(10, 4, 3, 12, 5.78947)",3,10,0,1
367788m,236778m,ツモ2m / 打8m,"(7, 2, 9, 16, 7.25)","(8, 2, 3, 12, 7.36364)",7,8,1,1
367788m,346778m,ツモ4m / 打8m,"(7, 2, 9, 16, 7.25)","(8, 2, 2, 12, 7.2)",7,8,1,1
367788m,567788m,ツモ5m / 打3m,"(7, 2, 9, 16, 7.25)","(11, 4, 4, 15, 8.58824)",7,11,1,1
367788m,677788m,ツモ7m / 打3m,"(7, 2, 9, 16, 7.25)","(12, 5, 1, 14, 5.93333)",7,12,1,1
367788m,677888m,ツモ8m / 打3m,"(7, 2, 9, 16, 7.25)","(16, 6, 0, 7, 6)",7,16,1,1
367789m,236789m,ツモ2m / 打7m,"(7, 2, 9, 11, 6.20833)","(8, 2, 4, 12, 7.12)",7,8,1,1
367789m,346789m,ツモ4m / 打7m,"(7, 2, 9, 11, 6.20833)","(8, 2, 4, 12, 7.5)",7,8,1,1
367789m,667789m,ツモ6m / 打3m,"(7, 2, 9, 11, 6.20833)","(11, 4, 1, 12, 7)",7,11,1,1
367789m,677789m,ツモ7m / 打3m,"(7, 2, 9, 11, 6.20833)","(10, 4, 3, 12, 5.78947)",7,10,1,1
367789m,677899m,ツモ9m / 打3m,"(7, 2, 9, 11, 6.20833)","(11, 4, 0, 11, 5.82353)",7,11,1,1
367888m,236888m,ツモ2m / 打7m,"(7, 3, 9, 16, 6.45833)","(8, 2, 2, 12, 6.94118)",7,8,1,1
367888m,346788m,ツモ4m / 打8m,"(7, 3, 9, 16, 6.45833)","(8, 2, 2, 12, 7)",7,8,1,1
367888m,346888m,ツモ4m / 打7m,"(7, 3, 9, 16, 6.45833)","(8, 2, 2, 12, 7)",7,8,1,1
367888m,667888m,ツモ6m / 打3m,"(7, 3, 9, 16, 6.45833)","(12, 5, 0, 10, 5.66667)",7,12,1,1
367888m,677888m,ツモ7m / 打3m,"(7, 3, 9, 16, 6.45833)","(16, 6, 0, 7, 6)",7,16,1,1
367888m,678889m,ツモ9m / 打3m,"(7, 3, 9, 16, 6.45833)","(10, 4, 1, 12, 5.36842)",7,10,1,1
367889m,136789m,ツモ1m / 打8m,"(3, 1, 23, 11, 5.82143)","(4, 1, 13, 8, 5.58621)",3,4,0,0
367889m,236789m,ツモ2m / 打8m,"(3, 1, 23, 11, 5.82143)","(8, 2, 4, 12, 7.12)",3,8,0,1
367889m,336789m,ツモ3m / 打8m,"(3, 1, 23, 11, 5.82143)","(4, 2, 12, 12, 6.65217)",3,4,0,0
367889m,346789m,ツモ4m / 打8m,"(3, 1, 23, 11, 5.82143)","(8, 2, 4, 12, 7.5)",3,8,0,1
367889m,567889m,ツモ5m / 打3m,"(3, 1, 23, 11, 5.82143)","(11, 4, 0, 11, 6.36842)",3,11,0,1
367889m,667889m,ツモ6m / 打3m,"(3, 1, 23, 11, 5.82143)","(7, 3, 6, 12, 6.2)",3,7,0,0
367889m,678889m,ツモ8m / 打3m,"(3, 1, 23, 11, 5.82143)","(10, 4, 1, 12, 5.36842)",3,10,0,1
367889m,678899m,ツモ9m / 打3m,"(3, 1, 23, 11, 5.82143)","(7, 3, 5, 11, 5.4)",3,7,0,0
367899m,236789m,ツモ2m / 打9m,"(4, 2, 11, 11, 5.82609)","(8, 2, 4, 12, 7.12)",4,8,0,1
367899m,346789m,ツモ4m / 打9m,"(4, 2, 11, 11, 5.82609)","(8, 2, 4, 12, 7.5)",4,8,0,1
367899m,567899m,ツモ5m / 打3m,"(4, 2, 11, 11, 5.82609)","(11, 4, 0, 11, 5.78947)",4,11,0,1
367899m,667899m,ツモ6m / 打3m,"(4, 2, 11, 11, 5.82609)","(6, 3, 8, 11, 6.8)",4,6,0,0
367899m,677899m,ツモ7m / 打3m,"(4, 2, 11, 11, 5.82609)","(11, 4, 0, 11, 5.82353)",4,11,0,1
367899m,678899m,ツモ8m / 打3m,"(4, 2, 11, 11, 5.82609)","(7, 3, 5, 11, 5.4)",4,7,0,0
367999m,667999m,ツモ6m / 打3m,"(8, 2, 2, 12, 6.82353)","(12, 4, 0, 12, 6.90909)",8,12,1,1
367999m,677999m,ツモ7m / 打3m,"(8, 2, 2, 12, 6.82353)","(12, 4, 0, 12, 6.90909)",8,12,1,1
368888m,236888m,ツモ2m / 打8m,"(4, 1, 8, 8, 5.77778)","(8, 2, 2, 12, 6.94118)",4,8,0,1
368888m,346888m,ツモ4m / 打8m,"(4, 1, 8, 8, 5.77778)","(8, 2, 2, 12, 7)",4,8,0,1
368888m,356888m,ツモ5m / 打8m,"(4, 1, 8, 8, 5.77778)","(8, 2, 2, 12, 7.05882)",4,8,0,1
368888m,668888m,ツモ6m / 打3m,"(4, 1, 8, 8, 5.77778)","(8, 3, 1, 12, 5.66667)",4,8,0,0
368999m,236999m,ツモ2m / 打8m,"(4, 1, 9, 8, 5.8)","(8, 2, 2, 12, 7)",4,8,0,1
368999m,346999m,ツモ4m / 打8m,"(4, 1, 9, 8, 5.8)","(8, 2, 2, 12, 7.05882)",4,8,0,1
368999m,356999m,ツモ5m / 打8m,"(4, 1, 9, 8, 5.8)","(8, 2, 2, 12, 7.05882)",4,8,0,1
368999m,668999m,ツモ6m / 打3m,"(4, 1, 9, 8, 5.8)","(8, 3, 1, 12, 5.84615)",4,8,0,0
368999m,688999m,ツモ8m / 打3m,"(4, 1, 9, 8, 5.8)","(8, 3, 0, 8, 5.23077)",4,8,0,0
377778m,777788m,ツモ8m / 打3m,"(8, 2, 1, 12, 6.75)","(12, 4, 0, 8, 6)",8,12,1,1
377779m,237777m,ツモ2m / 打9m,"(4, 1, 9, 8, 6)","(8, 2, 2, 12, 7.25)",4,8,0,1
377779m,347777m,ツモ4m / 打9m,"(4, 1, 9, 8, 6)","(8, 2, 2, 12, 7.2)",4,8,0,1
377779m,357777m,ツモ5m / 打9m,"(4, 1, 9, 8, 6)","(8, 2, 0, 8, 6.25)",4,8,0,0
377779m,367777m,ツモ6m / 打9m,"(4, 1, 9, 8, 6)","(8, 2, 1, 12, 6.66667)",4,8,0,1
377779m,777799m,ツモ9m / 打3m,"(4, 1, 9, 8, 6)","(8, 3, 0, 8, 4.66667)",4,8,0,0
377788m,237778m,ツモ2m / 打8m,"(4, 2, 8, 12, 6.35294)","(8, 2, 2, 12, 6.31579)",4,8,0,1
377788m,347778m,ツモ4m / 打8m,"(4, 2, 8, 12, 6.35294)","(8, 2, 2, 12, 6.52632)",4,8,0,1
377788m,677788m,ツモ6m / 打3m,"(4, 2, 8, 12, 6.35294)","(12, 5, 1, 14, 5.93333)",4,12,0,1
377788m,777788m,ツモ7m / 打3m,"(4, 2, 8, 12, 6.35294)","(12, 4, 0, 8, 6)",4,12,0,1
377788m,777889m,ツモ9m / 打3m,"(4, 2, 8, 12, 6.35294)","(12, 5, 0, 7, 4.93333)",4,12,0,1
377789m,137789m,ツモ1m / 打7m,"(3, 2, 23, 12, 5.78571)","(4, 1, 10, 8, 5.3913)",3,4,0,0
377789m,237789m,ツモ2m / 打7m,"(3, 2, 23, 12, 5.78571)","(8, 2, 2, 12, 6.66667)",3,8,0,1
377789m,337789m,ツモ3m / 打7m,"(3, 2, 23, 12, 5.78571)","(4, 2, 9, 12, 6.22222)",3,4,0,0
377789m,347789m,ツモ4m / 打7m,"(3, 2, 23, 12, 5.78571)","(8, 2, 2, 12, 6.6)",3,8,0,1
377789m,357789m,ツモ5m / 打7m,"(3, 2, 23, 12, 5.78571)","(8, 2, 0, 8, 5.7)",3,8,0,0
377789m,677789m,ツモ6m / 打3m,"(3, 2, 23, 12, 5.78571)","(10, 4, 3, 12, 5.78947)",3,10,0,1
377789m,777889m,ツモ8m / 打3m,"(3, 2, 23, 12, 5.78571)","(12, 5, 0, 7, 4.93333)",3,12,0,1
377789m,777899m,ツモ9m / 打3m,"(3, 2, 23, 12, 5.78571)","(8, 4, 2, 11, 4.61111)",3,8,0,0
377799m,237779m,ツモ2m / 打9m,"(4, 2, 4, 8, 4.93333)","(8, 2, 2, 12, 6.125)",4,8,0,1
377799m,347779m,ツモ4m / 打9m,"(4, 2, 4, 8, 4.93333)","(8, 2, 2, 12, 6)",4,8,0,1
377799m,777799m,ツモ7m / 打3m,"(4, 2, 4, 8, 4.93333)","(8, 3, 0, 8, 4.66667)",4,8,0,0
377799m,777899m,ツモ8m / 打3m,"(4, 2, 4, 8, 4.93333)","(8, 4, 2, 11, 4.61111)",4,8,0,0
377888m,237888m,ツモ2m / 打7m,"(4, 2, 11, 16, 7.29412)","(8, 2, 2, 12, 6.8)",4,8,0,1
377888m,347888m,ツモ4m / 打7m,"(4, 2, 11, 16, 7.29412)","(8, 2, 2, 12, 6.73684)",4,8,0,1
377888m,577888m,ツモ5m / 打3m,"(4, 2, 11, 16, 7.29412)","(8, 3, 2, 12, 6.71429)",4,8,0,0
377888m,677888m,ツモ6m / 打3m,"(4, 2, 11, 16, 7.29412)","(16, 6, 0, 7, 6)",4,16,0,1
377888m,778888m,ツモ8m / 打3m,"(4, 2, 11, 16, 7.29412)","(12, 4, 0, 8, 6.4)",4,12,0,1
377888m,778889m,ツモ9m / 打3m,"(4, 2, 11, 16, 7.29412)","(12, 5, 0, 8, 5.2)",4,12,0,1
377889m,237789m,ツモ2m / 打8m,"(7, 2, 7, 12, 6.3)","(8, 2, 2, 12, 6.66667)",7,8,1,1
377889m,347789m,ツモ4m / 打8m,"(7, 2, 7, 12, 6.3)","(8, 2, 2, 12, 6.6)",7,8,1,1
377889m,357789m,ツモ5m / 打8m,"(7, 2, 7, 12, 6.3)","(8, 2, 0, 8, 5.7)",7,8,1,0
377889m,777889m,ツモ7m / 打3m,"(7, 2, 7, 12, 6.3)","(12, 5, 0, 7, 4.93333)",7,12,1,1
377889m,778889m,ツモ8m / 打3m,"(7, 2, 7, 12, 6.3)","(12, 5, 0, 8, 5.2)",7,12,1,1
377899m,137789m,ツモ1m / 打9m,"(3, 1, 19, 12, 5.91304)","(4, 1, 10, 8, 5.3913)",3,4,0,0
377899m,237789m,ツモ2m / 打9m,"(3, 1, 19, 12, 5.91304)","(8, 2, 2, 12, 6.66667)",3,8,0,1
377899m,337789m,ツモ3m / 打9m,"(3, 1, 19, 12, 5.91304)","(4, 2, 9, 12, 6.22222)",3,4,0,0
377899m,347789m,ツモ4m / 打9m,"(3, 1, 19, 12, 5.91304)","(8, 2, 2, 12, 6.6)",3,8,0,1
377899m,357789m,ツモ5m / 打9m,"(3, 1, 19, 12, 5.91304)","(8, 2, 0, 8, 5.7)",3,8,0,0
377899m,677899m,ツモ6m / 打3m,"(3, 1, 19, 12, 5.91304)","(11, 4, 0, 11, 5.82353)",3,11,0,1
377899m,777899m,ツモ7m / 打3m,"(3, 1, 19, 12, 5.91304)","(8, 4, 2, 11, 4.61111)",3,8,0,0
377899m,778999m,ツモ9m / 打3m,"(3, 1, 19, 12, 5.91304)","(12, 5, 0, 8, 5.2)",3,12,0,1
377999m,237999m,ツモ2m / 打7m,"(4, 2, 9, 12, 6.625)","(8, 2, 2, 12, 6.84211)",4,8,0,1
377999m,347999m,ツモ4m / 打7m,"(4, 2, 9, 12, 6.625)","(8, 2, 2, 12, 6.77778)",4,8,0,1
377999m,577999m,ツモ5m / 打3m,"(4, 2, 9, 12, 6.625)","(8, 3, 1, 12, 6.42857)",4,8,0,0
377999m,677999m,ツモ6m / 打3m,"(4, 2, 9, 12, 6.625)","(12, 4, 0, 12, 6.90909)",4,12,0,1
377999m,778999m,ツモ8m / 打3m,"(4, 2, 9, 12, 6.625)","(12, 5, 0, 8, 5.2)",4,12,0,1
377999m,779999m,ツモ9m / 打3m,"(4, 2, 9, 12, 6.625)","(8, 3, 1, 12, 5.66667)",4,8,0,0
378888m,778888m,ツモ7m / 打3m,"(8, 2, 1, 12, 6.75)","(12, 4, 0, 8, 6.4)",8,12,1,1
378889m,137888m,ツモ1m / 打9m,"(3, 2, 23, 12, 5.78571)","(4, 1, 10, 8, 5.63636)",3,4,0,0
378889m,237888m,ツモ2m / 打9m,"(3, 2, 23, 12, 5.78571)","(8, 2, 2, 12, 6.8)",3,8,0,1
378889m,337888m,ツモ3m / 打9m,"(3, 2, 23, 12, 5.78571)","(4, 2, 9, 12, 6.47059)",3,4,0,0
378889m,347888m,ツモ4m / 打9m,"(3, 2, 23, 12, 5.78571)","(8, 2, 2, 12, 6.73684)",3,8,0,1
378889m,357888m,ツモ5m / 打9m,"(3, 2, 23, 12, 5.78571)","(8, 2, 0, 8, 6)",3,8,0,0
378889m,678889m,ツモ6m / 打3m,"(3, 2, 23, 12, 5.78571)","(10, 4, 1, 12, 5.36842)",3,10,0,1
378889m,778889m,ツモ7m / 打3m,"(3, 2, 23, 12, 5.78571)","(12, 5, 0, 8, 5.2)",3,12,0,1
378889m,788899m,ツモ9m / 打3m,"(3, 2, 23, 12, 5.78571)","(8, 4, 1, 10, 4.16667)",3,8,0,0
378899m,137899m,ツモ1m / 打8m,"(3, 1, 17, 12, 5.21739)","(4, 1, 7, 8, 5.04762)",3,4,0,0
378899m,237899m,ツモ2m / 打8m,"(3, 1, 17, 12, 5.21739)","(8, 2, 2, 12, 6.21053)",3,8,0,1
378899m,337899m,ツモ3m / 打8m,"(3, 1, 17, 12, 5.21739)","(4, 2, 7, 12, 5.94118)",3,4,0,0
378899m,347899m,ツモ4m / 打8m,"(3, 1, 17, 12, 5.21739)","(8, 2, 2, 12, 6.42105)",3,8,0,1
378899m,357889m,ツモ5m / 打9m,"(3, 1, 17, 12, 5.21739)","(4, 1, 13, 11, 6.13636)",3,4,0,0
378899m,678899m,ツモ6m / 打3m,"(3, 1, 17, 12, 5.21739)","(7, 3, 5, 11, 5.4)",3,7,0,0
378899m,788899m,ツモ8m / 打3m,"(3, 1, 17, 12, 5.21739)","(8, 4, 1, 10, 4.16667)",3,8,0,0
378899m,788999m,ツモ9m / 打3m,"(3, 1, 17, 12, 5.21739)","(12, 5, 0, 7, 4.66667)",3,12,0,1
378999m,237999m,ツモ2m / 打8m,"(7, 3, 9, 12, 6.16)","(8, 2, 2, 12, 6.84211)",7,8,1,1
378999m,347999m,ツモ4m / 打8m,"(7, 3, 9, 12, 6.16)","(8, 2, 2, 12, 6.77778)",7,8,1,1
378999m,357999m,ツモ5m / 打8m,"(7, 3, 9, 12, 6.16)","(8, 2, 0, 8, 6)",7,8,1,0
378999m,778999m,ツモ7m / 打3m,"(7, 3, 9, 12, 6.16)","(12, 5, 0, 8, 5.2)",7,12,1,1
378999m,788999m,ツモ8m / 打3m,"(7, 3, 9, 12, 6.16)","(12, 5, 0, 7, 4.66667)",7,12,1,1
379999m,237999m,ツモ2m / 打9m,"(4, 1, 9, 8, 6)","(8, 2, 2, 12, 6.84211)",4,8,0,1
379999m,347999m,ツモ4m / 打9m,"(4, 1, 9, 8, 6)","(8, 2, 2, 12, 6.77778)",4,8,0,1
379999m,357999m,ツモ5m / 打9m,"(4, 1, 9, 8, 6)","(8, 2, 0, 8, 6)",4,8,0,0
379999m,367999m,ツモ6m / 打9m,"(4, 1, 9, 8, 6)","(8, 2, 2, 12, 6.82353)",4,8,0,1
379999m,779999m,ツモ7m / 打3m,"(4, 1, 9, 8, 6)","(8, 3, 1, 12, 5.66667)",4,8,0,0
388889m,238888m,ツモ2m / 打9m,"(4, 1, 5, 8, 5.11111)","(8, 2, 2, 12, 6.66667)",4,8,0,1
388889m,348888m,ツモ4m / 打9m,"(4, 1, 5, 8, 5.11111)","(8, 2, 2, 12, 6.93333)",4,8,0,1
388889m,888899m,ツモ9m / 打3m,"(4, 1, 5, 8, 5.11111)","(8, 3, 0, 4, 4)",4,8,0,0
388899m,238889m,ツモ2m / 打9m,"(4, 2, 4, 8, 4.93333)","(8, 2, 2, 12, 6.125)",4,8,0,1
388899m,348889m,ツモ4m / 打9m,"(4, 2, 4, 8, 4.93333)","(8, 2, 2, 12, 6)",4,8,0,1
388899m,788899m,ツモ7m / 打3m,"(4, 2, 4, 8, 4.93333)","(8, 4, 1, 10, 4.16667)",4,8,0,0
388899m,888899m,ツモ8m / 打3m,"(4, 2, 4, 8, 4.93333)","(8, 3, 0, 4, 4)",4,8,0,0
388999m,238999m,ツモ2m / 打8m,"(4, 2, 6, 12, 5.625)","(8, 2, 2, 12, 6.33333)",4,8,0,1
388999m,348999m,ツモ4m / 打8m,"(4, 2, 6, 12, 5.625)","(8, 2, 2, 12, 6.55556)",4,8,0,1
388999m,688999m,ツモ6m / 打3m,"(4, 2, 6, 12, 5.625)","(8, 3, 0, 8, 5.23077)",4,8,0,0
388999m,788999m,ツモ7m / 打3m,"(4, 2, 6, 12, 5.625)","(12, 5, 0, 7, 4.66667)",4,12,0,1
388999m,889999m,ツモ9m / 打3m,"(4, 2, 6, 12, 5.625)","(8, 3, 0, 8, 4.33333)",4,8,0,0
389999m,239999m,ツモ2m / 打8m,"(4, 1, 5, 8, 5.11111)","(8, 2, 2, 12, 6.46154)",4,8,0,1
389999m,348999m,ツモ4m / 打9m,"(4, 1, 5, 8, 5.11111)","(8, 2, 2, 12, 6.55556)",4,8,0,1
389999m,889999m,ツモ8m / 打3m,"(4, 1, 5, 8, 5.11111)","(8, 3, 0, 8, 4.33333)",4,8,0,0
444457m,444455m,ツモ5m / 打7m,"(8, 2, 1, 12, 6.93333)","(12, 4, 0, 8, 6.4)",8,12,1,1
444458m,444455m,ツモ5m / 打8m,"(8, 2, 1, 12, 6.46154)","(12, 4, 0, 8, 6.4)",8,12,1,1
444459m,444455m,ツモ5m / 打9m,"(8, 2, 1, 12, 6.15385)","(12, 4, 0, 8, 6.4)",8,12,1,1
444466m,344446m,ツモ3m / 打6m,"(8, 3, 1, 12, 6.33333)","(8, 2, 1, 12, 6.66667)",8,8,0,1
444466m,444667m,ツモ7m / 打4m,"(8, 3, 1, 12, 6.33333)","(12, 4, 0, 12, 6.90909)",8,12,0,1
444467m,444667m,ツモ6m / 打4m,"(8, 2, 2, 12, 7.2)","(12, 4, 0, 12, 6.90909)",8,12,1,1
444467m,444677m,ツモ7m / 打4m,"(8, 2, 2, 12, 7.2)","(12, 4, 0, 12, 6.90909)",8,12,1,1
444468m,344446m,ツモ3m / 打8m,"(8, 2, 0, 8, 5.6)","(8, 2, 1, 12, 6.66667)",8,8,0,1
444469m,244446m,ツモ2m / 打9m,"(4, 1, 7, 8, 5.86667)","(8, 2, 0, 8, 5.33333)",4,8,0,0
444469m,344446m,ツモ3m / 打9m,"(4, 1, 7, 8, 5.86667)","(8, 2, 1, 12, 6.66667)",4,8,0,1
444469m,444466m,ツモ6m / 打9m,"(4, 1, 7, 8, 5.86667)","(8, 3, 1, 12, 6.33333)",4,8,0,0
444469m,444467m,ツモ7m / 打9m,"(4, 1, 7, 8, 5.86667)","(8, 2, 2, 12, 7.2)",4,8,0,1
444469m,444468m,ツモ8m / 打9m,"(4, 1, 7, 8, 5.86667)","(8, 2, 0, 8, 5.6)",4,8,0,0
444477m,344447m,ツモ3m / 打7m,"(4, 2, 8, 12, 7.07692)","(8, 2, 1, 12, 6.66667)",4,8,0,1
444477m,444457m,ツモ5m / 打7m,"(4, 2, 8, 12, 7.07692)","(8, 2, 1, 12, 6.93333)",4,8,0,1
444477m,444677m,ツモ6m / 打4m,"(4, 2, 8, 12, 7.07692)","(12, 4, 0, 12, 6.90909)",4,12,0,1
444477m,444778m,ツモ8m / 打4m,"(4, 2, 8, 12, 7.07692)","(12, 4, 0, 12, 6.90909)",4,12,0,1
444477m,444779m,ツモ9m / 打4m,"(4, 2, 8, 12, 7.07692)","(8, 3, 1, 12, 5.84615)",4,8,0,0
444478m,444778m,ツモ7m / 打4m,"(8, 2, 2, 12, 7.42857)","(12, 4, 0, 12, 6.90909)",8,12,1,1
444478m,444788m,ツモ8m / 打4m,"(8, 2, 2, 12, 7.42857)","(12, 4, 0, 12, 6.54545)",8,12,1,1
444479m,344447m,ツモ3m / 打9m,"(4, 1, 9, 8, 6.11765)","(8, 2, 1, 12, 6.66667)",4,8,0,1
444479m,444457m,ツモ5m / 打9m,"(4, 1, 9, 8, 6.11765)","(8, 2, 1, 12, 6.93333)",4,8,0,1
444479m,444467m,ツモ6m / 打9m,"(4, 1, 9, 8, 6.11765)","(8, 2, 2, 12, 7.2)",4,8,0,1
444479m,444779m,ツモ7m / 打4m,"(4, 1, 9, 8, 6.11765)","(8, 3, 1, 12, 5.84615)",4,8,0,0
444479m,444799m,ツモ9m / 打4m,"(4, 1, 9, 8, 6.11765)","(8, 3, 0, 8, 4.92308)",4,8,0,0
444488m,344448m,ツモ3m / 打8m,"(4, 2, 7, 12, 6.46154)","(8, 2, 1, 12, 6.4)",4,8,0,1
444488m,444458m,ツモ5m / 打8m,"(4, 2, 7, 12, 6.46154)","(8, 2, 1, 12, 6.46154)",4,8,0,1
444488m,444688m,ツモ6m / 打4m,"(4, 2, 7, 12, 6.46154)","(8, 3, 0, 8, 5.07143)",4,8,0,0
444488m,444788m,ツモ7m / 打4m,"(4, 2, 7, 12, 6.46154)","(12, 4, 0, 12, 6.54545)",4,12,0,1
444488m,444889m,ツモ9m / 打4m,"(4, 2, 7, 12, 6.46154)","(8, 3, 0, 8, 4.61538)",4,8,0,0
444489m,344448m,ツモ3m / 打9m,"(4, 1, 7, 8, 5.64706)","(8, 2, 1, 12, 6.4)",4,8,0,1
444489m,444458m,ツモ5m / 打9m,"(4, 1, 7, 8, 5.64706)","(8, 2, 1, 12, 6.46154)",4,8,0,1
444489m,444468m,ツモ6m / 打9m,"(4, 1, 7, 8, 5.64706)","(8, 2, 0, 8, 5.6)",4,8,0,0
444489m,444889m,ツモ8m / 打4m,"(4, 1, 7, 8, 5.64706)","(8, 3, 0, 8, 4.61538)",4,8,0,0
444489m,444899m,ツモ9m / 打4m,"(4, 1, 7, 8, 5.64706)","(8, 3, 0, 8, 4.30769)",4,8,0,0
444499m,344449m,ツモ3m / 打9m,"(4, 2, 4, 8, 5.23077)","(8, 2, 1, 12, 5.71429)",4,8,0,1
444499m,444459m,ツモ5m / 打9m,"(4, 2, 4, 8, 5.23077)","(8, 2, 1, 12, 6.15385)",4,8,0,1
444499m,444799m,ツモ7m / 打4m,"(4, 2, 4, 8, 5.23077)","(8, 3, 0, 8, 4.92308)",4,8,0,0
444499m,444899m,ツモ8m / 打4m,"(4, 2, 4, 8, 5.23077)","(8, 3, 0, 8, 4.30769)",4,8,0,0
444557m,344455m,ツモ3m / 打7m,"(8, 3, 2, 12, 6.71429)","(12, 5, 1, 14, 6.46667)",8,12,0,1
444557m,444455m,ツモ4m / 打7m,"(8, 3, 2, 12, 6.71429)","(12, 4, 0, 8, 6.4)",8,12,0,1
444557m,444578m,ツモ8m / 打5m,"(8, 3, 2, 12, 6.71429)","(8, 2, 2, 12, 7.17647)",8,8,0,1
444558m,344455m,ツモ3m / 打8m,"(4, 2, 9, 16, 7.2)","(12, 5, 1, 14, 6.46667)",4,12,0,1
444558m,444455m,ツモ4m / 打8m,"(4, 2, 9, 16, 7.2)","(12, 4, 0, 8, 6.4)",4,12,0,1
444558m,444556m,ツモ6m / 打8m,"(4, 2, 9, 16, 7.2)","(16, 6, 0, 11, 6.33333)",4,16,0,1
444558m,444578m,ツモ7m / 打5m,"(4, 2, 9, 16, 7.2)","(8, 2, 2, 12, 7.17647)",4,8,0,1
444559m,344455m,ツモ3m / 打9m,"(4, 2, 9, 16, 7.2)","(12, 5, 1, 14, 6.46667)",4,12,0,1
444559m,444455m,ツモ4m / 打9m,"(4, 2, 9, 16, 7.2)","(12, 4, 0, 8, 6.4)",4,12,0,1
444559m,444556m,ツモ6m / 打9m,"(4, 2, 9, 16, 7.2)","(16, 6, 0, 11, 6.33333)",4,16,0,1
444559m,444557m,ツモ7m / 打9m,"(4, 2, 9, 16, 7.2)","(8, 3, 2, 12, 6.71429)",4,8,0,0
444566m,344456m,ツモ3m / 打6m,"(12, 5, 1, 14, 6.73333)","(14, 5, 0, 12, 7.11765)",12,14,1,1
444568m,244456m,ツモ2m / 打8m,"(7, 3, 7, 16, 6.86364)","(11, 4, 2, 16, 6.16667)",7,11,1,1
444568m,344456m,ツモ3m / 打8m,"(7, 3, 7, 16, 6.86364)","(14, 5, 0, 12, 7.11765)",7,14,1,1
444568m,444556m,ツモ5m / 打8m,"(7, 3, 7, 16, 6.86364)","(16, 6, 0, 11, 6.33333)",7,16,1,1
444568m,444566m,ツモ6m / 打8m,"(7, 3, 7, 16, 6.86364)","(12, 5, 1, 14, 6.73333)",7,12,1,1
444568m,444688m,ツモ8m / 打5m,"(7, 3, 7, 16, 6.86364)","(8, 3, 0, 8, 5.07143)",7,8,1,0
444569m,244456m,ツモ2m / 打9m,"(7, 3, 4, 16, 6.47368)","(11, 4, 2, 16, 6.16667)",7,11,1,1
444569m,344456m,ツモ3m / 打9m,"(7, 3, 4, 16, 6.47368)","(14, 5, 0, 12, 7.11765)",7,14,1,1
444569m,444556m,ツモ5m / 打9m,"(7, 3, 4, 16, 6.47368)","(16, 6, 0, 11, 6.33333)",7,16,1,1
444569m,444566m,ツモ6m / 打9m,"(7, 3, 4, 16, 6.47368)","(12, 5, 1, 14, 6.73333)",7,12,1,1
444577m,444457m,ツモ4m / 打7m,"(8, 3, 1, 12, 6.21429)","(8, 2, 1, 12, 6.93333)",8,8,0,1
444577m,444778m,ツモ8m / 打5m,"(8, 3, 1, 12, 6.21429)","(12, 4, 0, 12, 6.90909)",8,12,0,1
444578m,444778m,ツモ7m / 打5m,"(8, 2, 2, 12, 7.17647)","(12, 4, 0, 12, 6.90909)",8,12,1,1
444578m,444788m,ツモ8m / 打5m,"(8, 2, 2, 12, 7.17647)","(12, 4, 0, 12, 6.54545)",8,12,1,1
444579m,444457m,ツモ4m / 打9m,"(8, 2, 0, 8, 5.52941)","(8, 2, 1, 12, 6.93333)",8,8,0,1
444588m,444458m,ツモ4m / 打8m,"(4, 2, 6, 12, 5.73333)","(8, 2, 1, 12, 6.46154)",4,8,0,1
444588m,444688m,ツモ6m / 打5m,"(4, 2, 6, 12, 5.73333)","(8, 3, 0, 8, 5.07143)",4,8,0,0
444588m,444788m,ツモ7m / 打5m,"(4, 2, 6, 12, 5.73333)","(12, 4, 0, 12, 6.54545)",4,12,0,1
444588m,444889m,ツモ9m / 打5m,"(4, 2, 6, 12, 5.73333)","(8, 3, 0, 8, 4.61538)",4,8,0,0
444589m,444458m,ツモ4m / 打9m,"(4, 1, 6, 8, 5.05263)","(8, 2, 1, 12, 6.46154)",4,8,0,1
444589m,444568m,ツモ6m / 打9m,"(4, 1, 6, 8, 5.05263)","(7, 3, 7, 16, 6.86364)",4,7,0,1
444589m,444889m,ツモ8m / 打5m,"(4, 1, 6, 8, 5.05263)","(8, 3, 0, 8, 4.61538)",4,8,0,0
444589m,444899m,ツモ9m / 打5m,"(4, 1, 6, 8, 5.05263)","(8, 3, 0, 8, 4.30769)",4,8,0,0
444599m,444459m,ツモ4m / 打9m,"(4, 2, 5, 8, 5.2)","(8, 2, 1, 12, 6.15385)",4,8,0,1
444599m,444569m,ツモ6m / 打9m,"(4, 2, 5, 8, 5.2)","(7, 3, 4, 16, 6.47368)",4,7,0,1
444599m,444799m,ツモ7m / 打5m,"(4, 2, 5, 8, 5.2)","(8, 3, 0, 8, 4.92308)",4,8,0,0
444599m,444899m,ツモ8m / 打5m,"(4, 2, 5, 8, 5.2)","(8, 3, 0, 8, 4.30769)",4,8,0,0
444668m,444566m,ツモ5m / 打8m,"(8, 3, 1, 12, 5.85714)","(12, 5, 1, 14, 6.73333)",8,12,0,1
444669m,444466m,ツモ4m / 打9m,"(4, 2, 6, 12, 6.30769)","(8, 3, 1, 12, 6.33333)",4,8,0,0
444669m,444566m,ツモ5m / 打9m,"(4, 2, 6, 12, 6.30769)","(12, 5, 1, 14, 6.73333)",4,12,0,1
444669m,444667m,ツモ7m / 打9m,"(4, 2, 6, 12, 6.30769)","(12, 4, 0, 12, 6.90909)",4,12,0,1
444669m,444668m,ツモ8m / 打9m,"(4, 2, 6, 12, 6.30769)","(8, 3, 1, 12, 5.85714)",4,8,0,0
444679m,444667m,ツモ6m / 打9m,"(8, 2, 2, 12, 6.66667)","(12, 4, 0, 12, 6.90909)",8,12,1,1
444679m,444677m,ツモ7m / 打9m,"(8, 2, 2, 12, 6.66667)","(12, 4, 0, 12, 6.90909)",8,12,1,1
444689m,444468m,ツモ4m / 打9m,"(4, 1, 7, 8, 5.36842)","(8, 2, 0, 8, 5.6)",4,8,0,0
444689m,444568m,ツモ5m / 打9m,"(4, 1, 7, 8, 5.36842)","(7, 3, 7, 16, 6.86364)",4,7,0,1
444689m,444668m,ツモ6m / 打9m,"(4, 1, 7, 8, 5.36842)","(8, 3, 1, 12, 5.85714)",4,8,0,0
444689m,444688m,ツモ8m / 打9m,"(4, 1, 7, 8, 5.36842)","(8, 3, 0, 8, 5.07143)",4,8,0,0
444689m,444899m,ツモ9m / 打6m,"(4, 1, 7, 8, 5.36842)","(8, 3, 0, 8, 4.30769)",4,8,0,0
444699m,444569m,ツモ5m / 打9m,"(4, 2, 4, 8, 5.15385)","(7, 3, 4, 16, 6.47368)",4,7,0,1
444699m,444679m,ツモ7m / 打9m,"(4, 2, 4, 8, 5.15385)","(8, 2, 2, 12, 6.66667)",4,8,0,1
444699m,444899m,ツモ8m / 打6m,"(4, 2, 4, 8, 5.15385)","(8, 3, 0, 8, 4.30769)",4,8,0,0
444779m,444677m,ツモ6m / 打9m,"(8, 3, 1, 12, 5.84615)","(12, 4, 0, 12, 6.90909)",8,12,0,1
444799m,444679m,ツモ6m / 打9m,"(8, 3, 0, 8, 4.92308)","(8, 2, 2, 12, 6.66667)",8,8,0,1
445556m,455567m,ツモ7m / 打4m,"(12, 5, 1, 14, 6.46667)","(14, 5, 0, 12, 7.11765)",12,14,1,1
445557m,244555m,ツモ2m / 打7m,"(4, 2, 10, 16, 8.1875)","(8, 3, 2, 12, 6.14286)",4,8,0,0
445557m,344555m,ツモ3m / 打7m,"(4, 2, 10, 16, 8.1875)","(16, 6, 0, 11, 6.33333)",4,16,0,1
445557m,445555m,ツモ5m / 打7m,"(4, 2, 10, 16, 8.1875)","(12, 4, 0, 8, 6.4)",4,12,0,1
445557m,455567m,ツモ6m / 打4m,"(4, 2, 10, 16, 8.1875)","(14, 5, 0, 12, 7.11765)",4,14,0,1
445557m,455578m,ツモ8m / 打4m,"(4, 2, 10, 16, 8.1875)","(8, 2, 3, 12, 7.17647)",4,8,0,1
445558m,244555m,ツモ2m / 打8m,"(4, 2, 10, 16, 7.25)","(8, 3, 2, 12, 6.14286)",4,8,0,0
445558m,344555m,ツモ3m / 打8m,"(4, 2, 10, 16, 7.25)","(16, 6, 0, 11, 6.33333)",4,16,0,1
445558m,445555m,ツモ5m / 打8m,"(4, 2, 10, 16, 7.25)","(12, 4, 0, 8, 6.4)",4,12,0,1
445558m,445556m,ツモ6m / 打8m,"(4, 2, 10, 16, 7.25)","(12, 5, 1, 14, 6.46667)",4,12,0,1
445558m,455578m,ツモ7m / 打4m,"(4, 2, 10, 16, 7.25)","(8, 2, 3, 12, 7.17647)",4,8,0,1
445559m,244555m,ツモ2m / 打9m,"(4, 2, 8, 16, 6.75)","(8, 3, 2, 12, 6.14286)",4,8,0,0
445559m,344555m,ツモ3m / 打9m,"(4, 2, 8, 16, 6.75)","(16, 6, 0, 11, 6.33333)",4,16,0,1
445559m,445555m,ツモ5m / 打9m,"(4, 2, 8, 16, 6.75)","(12, 4, 0, 8, 6.4)",4,12,0,1
445559m,445556m,ツモ6m / 打9m,"(4, 2, 8, 16, 6.75)","(12, 5, 1, 14, 6.46667)",4,12,0,1
445567m,455567m,ツモ5m / 打4m,"(11, 4, 4, 15, 8.82353)","(14, 5, 0, 12, 7.11765)",11,14,1,1
445567m,455678m,ツモ8m / 打4m,"(11, 4, 4, 15, 8.82353)","(15, 5, 0, 15, 9.26667)",11,15,1,1
445568m,444556m,ツモ4m / 打8m,"(7, 2, 5, 16, 7.76471)","(16, 6, 0, 11, 6.33333)",7,16,1,1
445568m,445556m,ツモ5m / 打8m,"(7, 2, 5, 16, 7.76471)","(12, 5, 1, 14, 6.46667)",7,12,1,1
445568m,455678m,ツモ7m / 打4m,"(7, 2, 5, 16, 7.76471)","(15, 5, 0, 15, 9.26667)",7,15,1,1
445569m,444556m,ツモ4m / 打9m,"(7, 2, 5, 16, 6.88235)","(16, 6, 0, 11, 6.33333)",7,16,1,1
445569m,445556m,ツモ5m / 打9m,"(7, 2, 5, 16, 6.88235)","(12, 5, 1, 14, 6.46667)",7,12,1,1
445569m,445567m,ツモ7m / 打9m,"(7, 2, 5, 16, 6.88235)","(11, 4, 4, 15, 8.82353)",7,11,1,1
445666m,456667m,ツモ7m / 打4m,"(12, 5, 1, 14, 6.73333)","(14, 5, 0, 12, 7.11765)",12,14,1,1
445667m,344567m,ツモ3m / 打6m,"(11, 4, 4, 15, 8.58824)","(15, 5, 0, 15, 9.1875)",11,15,1,1
445667m,345667m,ツモ3m / 打4m,"(11, 4, 4, 15, 8.58824)","(15, 5, 0, 15, 9.1875)",11,15,1,1
445667m,456667m,ツモ6m / 打4m,"(11, 4, 4, 15, 8.58824)","(14, 5, 0, 12, 7.11765)",11,14,1,1
445668m,344566m,ツモ3m / 打8m,"(7, 2, 8, 12, 6.78947)","(11, 4, 4, 15, 8.58824)",7,11,0,1
445668m,444566m,ツモ4m / 打8m,"(7, 2, 8, 12, 6.78947)","(12, 5, 1, 14, 6.73333)",7,12,0,1
445668m,445666m,ツモ6m / 打8m,"(7, 2, 8, 12, 6.78947)","(12, 5, 1, 14, 6.73333)",7,12,0,1
445668m,456688m,ツモ8m / 打4m,"(7, 2, 8, 12, 6.78947)","(8, 3, 1, 11, 5.66667)",7,8,0,0
445669m,244566m,ツモ2m / 打9m,"(3, 1, 19, 12, 6.55)","(7, 2, 8, 12, 6.78947)",3,7,0,0
445669m,344566m,ツモ3m / 打9m,"(3, 1, 19, 12, 6.55)","(11, 4, 4, 15, 8.58824)",3,11,0,1
445669m,444566m,ツモ4m / 打9m,"(3, 1, 19, 12, 6.55)","(12, 5, 1, 14, 6.73333)",3,12,0,1
445669m,445666m,ツモ6m / 打9m,"(3, 1, 19, 12, 6.55)","(12, 5, 1, 14, 6.73333)",3,12,0,1
445669m,445667m,ツモ7m / 打9m,"(3, 1, 19, 12, 6.55)","(11, 4, 4, 15, 8.58824)",3,11,0,1
445669m,445668m,ツモ8m / 打9m,"(3, 1, 19, 12, 6.55)","(7, 2, 8, 12, 6.78947)",3,7,0,0
445669m,445699m,ツモ9m / 打6m,"(3, 1, 19, 12, 6.55)","(4, 2, 6, 8, 5.17647)",3,4,0,0
445677m,244567m,ツモ2m / 打7m,"(6, 3, 12, 15, 9.5)","(8, 3, 5, 15, 7.7)",6,8,0,0
445677m,344567m,ツモ3m / 打7m,"(6, 3, 12, 15, 9.5)","(15, 5, 0, 15, 9.1875)",6,15,0,1
445677m,445567m,ツモ5m / 打7m,"(6, 3, 12, 15, 9.5)","(11, 4, 4, 15, 8.82353)",6,11,0,1
445677m,456677m,ツモ6m / 打4m,"(6, 3, 12, 15, 9.5)","(11, 4, 4, 15, 8.82353)",6,11,0,1
445677m,456778m,ツモ8m / 打4m,"(6, 3, 12, 15, 9.5)","(15, 5, 0, 15, 9.1875)",6,15,0,1
445677m,456779m,ツモ9m / 打4m,"(6, 3, 12, 15, 9.5)","(8, 3, 5, 15, 7.7)",6,8,0,0
445679m,344567m,ツモ3m / 打9m,"(8, 3, 5, 15, 7.42105)","(15, 5, 0, 15, 9.1875)",8,15,0,1
445679m,445567m,ツモ5m / 打9m,"(8, 3, 5, 15, 7.42105)","(11, 4, 4, 15, 8.82353)",8,11,0,1
445679m,445667m,ツモ6m / 打9m,"(8, 3, 5, 15, 7.42105)","(11, 4, 4, 15, 8.58824)",8,11,0,1
445688m,344568m,ツモ3m / 打8m,"(4, 2, 10, 15, 7)","(11, 3, 1, 14, 6.84211)",4,11,0,1
445688m,444688m,ツモ4m / 打5m,"(4, 2, 10, 15, 7)","(8, 3, 0, 8, 5.07143)",4,8,0,0
445688m,445568m,ツモ5m / 打8m,"(4, 2, 10, 15, 7)","(7, 2, 5, 16, 7.76471)",4,7,0,1
445688m,445678m,ツモ7m / 打8m,"(4, 2, 10, 15, 7)","(15, 5, 0, 15, 8.1875)",4,15,0,1
445688m,456688m,ツモ6m / 打4m,"(4, 2, 10, 15, 7)","(8, 3, 1, 11, 5.66667)",4,8,0,0
445688m,456889m,ツモ9m / 打4m,"(4, 2, 10, 15, 7)","(8, 3, 0, 8, 5.14286)",4,8,0,0
445689m,344568m,ツモ3m / 打9m,"(4, 1, 9, 11, 5.45455)","(11, 3, 1, 14, 6.84211)",4,11,0,1
445689m,444568m,ツモ4m / 打9m,"(4, 1, 9, 11, 5.45455)","(7, 3, 7, 16, 6.86364)",4,7,0,1
445689m,445568m,ツモ5m / 打9m,"(4, 1, 9, 11, 5.45455)","(7, 2, 5, 16, 7.76471)",4,7,0,1
445689m,445668m,ツモ6m / 打9m,"(4, 1, 9, 11, 5.45455)","(7, 2, 8, 12, 6.78947)",4,7,0,0
445689m,456889m,ツモ8m / 打4m,"(4, 1, 9, 11, 5.45455)","(8, 3, 0, 8, 5.14286)",4,8,0,0
445689m,456899m,ツモ9m / 打4m,"(4, 1, 9, 11, 5.45455)","(8, 3, 0, 8, 4.57143)",4,8,0,0
445699m,344569m,ツモ3m / 打9m,"(4, 2, 6, 8, 5.17647)","(7, 2, 7, 15, 6.72727)",4,7,0,1
445699m,444569m,ツモ4m / 打9m,"(4, 2, 6, 8, 5.17647)","(7, 3, 4, 16, 6.47368)",4,7,0,1
445699m,445569m,ツモ5m / 打9m,"(4, 2, 6, 8, 5.17647)","(7, 2, 5, 16, 6.88235)",4,7,0,1
445699m,445679m,ツモ7m / 打9m,"(4, 2, 6, 8, 5.17647)","(8, 3, 5, 15, 7.42105)",4,8,0,0
445699m,456899m,ツモ8m / 打4m,"(4, 2, 6, 8, 5.17647)","(8, 3, 0, 8, 4.57143)",4,8,0,0
446666m,344666m,ツモ3m / 打6m,"(8, 3, 1, 12, 6.33333)","(12, 4, 0, 12, 6.90909)",8,12,0,1
446666m,466667m,ツモ7m / 打4m,"(8, 3, 1, 12, 6.33333)","(8, 2, 1, 12, 6.66667)",8,8,0,1
446667m,244666m,ツモ2m / 打7m,"(4, 2, 10, 14, 7.75)","(8, 3, 1, 12, 5.85714)",4,8,0,0
446667m,344666m,ツモ3m / 打7m,"(4, 2, 10, 14, 7.75)","(12, 4, 0, 12, 6.90909)",4,12,0,1
446667m,456667m,ツモ5m / 打4m,"(4, 2, 10, 14, 7.75)","(14, 5, 0, 12, 7.11765)",4,14,0,1
446667m,466667m,ツモ6m / 打4m,"(4, 2, 10, 14, 7.75)","(8, 2, 1, 12, 6.66667)",4,8,0,1
446667m,466678m,ツモ8m / 打4m,"(4, 2, 10, 14, 7.75)","(11, 4, 2, 16, 6.89474)",4,11,0,1
446668m,244666m,ツモ2m / 打8m,"(4, 2, 10, 12, 7.3125)","(8, 3, 1, 12, 5.85714)",4,8,0,0
446668m,344666m,ツモ3m / 打8m,"(4, 2, 10, 12, 7.3125)","(12, 4, 0, 12, 6.90909)",4,12,0,1
446668m,445666m,ツモ5m / 打8m,"(4, 2, 10, 12, 7.3125)","(12, 5, 1, 14, 6.73333)",4,12,0,1
446668m,446666m,ツモ6m / 打8m,"(4, 2, 10, 12, 7.3125)","(8, 3, 1, 12, 6.33333)",4,8,0,0
446668m,466678m,ツモ7m / 打4m,"(4, 2, 10, 12, 7.3125)","(11, 4, 2, 16, 6.89474)",4,11,0,1
446669m,244666m,ツモ2m / 打9m,"(4, 2, 6, 12, 6)","(8, 3, 1, 12, 5.85714)",4,8,0,0
446669m,344666m,ツモ3m / 打9m,"(4, 2, 6, 12, 6)","(12, 4, 0, 12, 6.90909)",4,12,0,1
446669m,445666m,ツモ5m / 打9m,"(4, 2, 6, 12, 6)","(12, 5, 1, 14, 6.73333)",4,12,0,1
446669m,446666m,ツモ6m / 打9m,"(4, 2, 6, 12, 6)","(8, 3, 1, 12, 6.33333)",4,8,0,0
446678m,344678m,ツモ3m / 打6m,"(8, 3, 2, 12, 6.73333)","(12, 4, 0, 12, 7.66667)",8,12,0,1
446678m,466678m,ツモ6m / 打4m,"(8, 3, 2, 12, 6.73333)","(11, 4, 2, 16, 6.89474)",8,11,0,1
446777m,344777m,ツモ3m / 打6m,"(8, 3, 1, 12, 6.21429)","(12, 4, 0, 12, 6.90909)",8,12,0,1
446777m,467777m,ツモ7m / 打4m,"(8, 3, 1, 12, 6.21429)","(8, 2, 1, 12, 6.93333)",8,8,0,1
446778m,244678m,ツモ2m / 打7m,"(4, 2, 13, 15, 7.55556)","(8, 3, 2, 15, 6.875)",4,8,0,0
446778m,344678m,ツモ3m / 打7m,"(4, 2, 13, 15, 7.55556)","(12, 4, 0, 12, 7.66667)",4,12,0,1
446778m,446678m,ツモ6m / 打7m,"(4, 2, 13, 15, 7.55556)","(8, 3, 2, 12, 6.73333)",4,8,0,0
446778m,446777m,ツモ7m / 打8m,"(4, 2, 13, 15, 7.55556)","(8, 3, 1, 12, 6.21429)",4,8,0,0
446778m,446789m,ツモ9m / 打7m,"(4, 2, 13, 15, 7.55556)","(8, 3, 2, 12, 6.63158)",4,8,0,0
446778m,456778m,ツモ5m / 打4m,"(4, 2, 13, 15, 7.55556)","(15, 5, 0, 15, 9.1875)",4,15,0,1
446778m,467788m,ツモ8m / 打4m,"(4, 2, 13, 15, 7.55556)","(7, 2, 7, 16, 8)",4,7,0,1
446788m,244678m,ツモ2m / 打8m,"(4, 2, 12, 15, 7.44444)","(8, 3, 2, 15, 6.875)",4,8,0,0
446788m,344678m,ツモ3m / 打8m,"(4, 2, 12, 15, 7.44444)","(12, 4, 0, 12, 7.66667)",4,12,0,1
446788m,445678m,ツモ5m / 打8m,"(4, 2, 12, 15, 7.44444)","(15, 5, 0, 15, 8.1875)",4,15,0,1
446788m,446678m,ツモ6m / 打8m,"(4, 2, 12, 15, 7.44444)","(8, 3, 2, 12, 6.73333)",4,8,0,0
446788m,446789m,ツモ9m / 打8m,"(4, 2, 12, 15, 7.44444)","(8, 3, 2, 12, 6.63158)",4,8,0,0
446788m,446888m,ツモ8m / 打7m,"(4, 2, 12, 15, 7.44444)","(8, 3, 1, 12, 6.21429)",4,8,0,0
446788m,467788m,ツモ7m / 打4m,"(4, 2, 12, 15, 7.44444)","(7, 2, 7, 16, 8)",4,7,0,1
446789m,344678m,ツモ3m / 打9m,"(8, 3, 2, 12, 6.63158)","(12, 4, 0, 12, 7.66667)",8,12,0,1
446888m,344888m,ツモ3m / 打6m,"(8, 3, 1, 12, 6.21429)","(12, 4, 0, 12, 6.90909)",8,12,0,1
446999m,344999m,ツモ3m / 打6m,"(8, 3, 1, 12, 6.46154)","(12, 4, 0, 12, 6.90909)",8,12,0,1
446999m,467999m,ツモ7m / 打4m,"(8, 3, 1, 12, 6.46154)","(8, 2, 2, 12, 7.05882)",8,8,0,1
447777m,244777m,ツモ2m / 打7m,"(4, 2, 8, 12, 7.07692)","(8, 3, 1, 12, 5.84615)",4,8,0,0
447777m,344777m,ツモ3m / 打7m,"(4, 2, 8, 12, 7.07692)","(12, 4, 0, 12, 6.90909)",4,12,0,1
447777m,445777m,ツモ5m / 打7m,"(4, 2, 8, 12, 7.07692)","(12, 4, 0, 12, 6.90909)",4,12,0,1
447777m,467777m,ツモ6m / 打4m,"(4, 2, 8, 12, 7.07692)","(8, 2, 1, 12, 6.93333)",4,8,0,1
447777m,477778m,ツモ8m / 打4m,"(4, 2, 8, 12, 7.07692)","(8, 2, 1, 12, 6.85714)",4,8,0,1
447778m,244777m,ツモ2m / 打8m,"(4, 2, 8, 12, 6.375)","(8, 3, 1, 12, 5.84615)",4,8,0,0
447778m,344777m,ツモ3m / 打8m,"(4, 2, 8, 12, 6.375)","(12, 4, 0, 12, 6.90909)",4,12,0,1
447778m,445777m,ツモ5m / 打8m,"(4, 2, 8, 12, 6.375)","(12, 4, 0, 12, 6.90909)",4,12,0,1
447778m,446777m,ツモ6m / 打8m,"(4, 2, 8, 12, 6.375)","(8, 3, 1, 12, 6.21429)",4,8,0,0
447778m,477778m,ツモ7m / 打4m,"(4, 2, 8, 12, 6.375)","(8, 2, 1, 12, 6.85714)",4,8,0,1
447779m,244777m,ツモ2m / 打9m,"(4, 2, 6, 12, 6.06667)","(8, 3, 1, 12, 5.84615)",4,8,0,0
447779m,344777m,ツモ3m / 打9m,"(4, 2, 6, 12, 6.06667)","(12, 4, 0, 12, 6.90909)",4,12,0,1
447779m,445777m,ツモ5m / 打9m,"(4, 2, 6, 12, 6.06667)","(12, 4, 0, 12, 6.90909)",4,12,0,1
447779m,446777m,ツモ6m / 打9m,"(4, 2, 6, 12, 6.06667)","(8, 3, 1, 12, 6.21429)",4,8,0,0
447789m,244789m,ツモ2m / 打7m,"(4, 2, 8, 12, 6.11765)","(8, 3, 1, 12, 6)",4,8,0,0
447789m,344789m,ツモ3m / 打7m,"(4, 2, 8, 12, 6.11765)","(12, 4, 0, 12, 7.33333)",4,12,0,1
447789m,445789m,ツモ5m / 打7m,"(4, 2, 8, 12, 6.11765)","(12, 4, 0, 12, 6.90909)",4,12,0,1
447789m,446789m,ツモ6m / 打7m,"(4, 2, 8, 12, 6.11765)","(8, 3, 2, 12, 6.63158)",4,8,0,0
447789m,477889m,ツモ8m / 打4m,"(4, 2, 8, 12, 6.11765)","(7, 2, 6, 12, 6.33333)",4,7,0,1
447888m,244888m,ツモ2m / 打7m,"(4, 2, 8, 12, 6.375)","(8, 3, 1, 12, 5.84615)",4,8,0,0
447888m,344888m,ツモ3m / 打7m,"(4, 2, 8, 12, 6.375)","(12, 4, 0, 12, 6.90909)",4,12,0,1
447888m,445888m,ツモ5m / 打7m,"(4, 2, 8, 12, 6.375)","(12, 4, 0, 12, 6.90909)",4,12,0,1
447888m,446888m,ツモ6m / 打7m,"(4, 2, 8, 12, 6.375)","(8, 3, 1, 12, 6.21429)",4,8,0,0
447888m,478888m,ツモ8m / 打4m,"(4, 2, 8, 12, 6.375)","(8, 2, 1, 12, 6.85714)",4,8,0,1
447889m,244789m,ツモ2m / 打8m,"(4, 2, 8, 12, 6.11765)","(8, 3, 1, 12, 6)",4,8,0,0
447889m,344789m,ツモ3m / 打8m,"(4, 2, 8, 12, 6.11765)","(12, 4, 0, 12, 7.33333)",4,12,0,1
447889m,445789m,ツモ5m / 打8m,"(4, 2, 8, 12, 6.11765)","(12, 4, 0, 12, 6.90909)",4,12,0,1
447889m,446789m,ツモ6m / 打8m,"(4, 2, 8, 12, 6.11765)","(8, 3, 2, 12, 6.63158)",4,8,0,0
447889m,477889m,ツモ7m / 打4m,"(4, 2, 8, 12, 6.11765)","(7, 2, 6, 12, 6.33333)",4,7,0,1
447899m,244789m,ツモ2m / 打9m,"(4, 2, 8, 12, 6.3125)","(8, 3, 1, 12, 6)",4,8,0,0
447899m,344789m,ツモ3m / 打9m,"(4, 2, 8, 12, 6.3125)","(12, 4, 0, 12, 7.33333)",4,12,0,1
447899m,445789m,ツモ5m / 打9m,"(4, 2, 8, 12, 6.3125)","(12, 4, 0, 12, 6.90909)",4,12,0,1
447899m,446789m,ツモ6m / 打9m,"(4, 2, 8, 12, 6.3125)","(8, 3, 2, 12, 6.63158)",4,8,0,0
447899m,478999m,ツモ9m / 打4m,"(4, 2, 8, 12, 6.3125)","(7, 3, 8, 12, 6.27273)",4,7,0,1
447999m,244999m,ツモ2m / 打7m,"(4, 2, 8, 12, 6.6)","(8, 3, 1, 12, 5.84615)",4,8,0,0
447999m,344999m,ツモ3m / 打7m,"(4, 2, 8, 12, 6.6)","(12, 4, 0, 12, 6.90909)",4,12,0,1
447999m,445999m,ツモ5m / 打7m,"(4, 2, 8, 12, 6.6)","(12, 4, 0, 12, 6.90909)",4,12,0,1
447999m,467999m,ツモ6m / 打4m,"(4, 2, 8, 12, 6.6)","(8, 2, 2, 12, 7.05882)",4,8,0,1
447999m,478999m,ツモ8m / 打4m,"(4, 2, 8, 12, 6.6)","(7, 3, 8, 12, 6.27273)",4,7,0,1
448888m,244888m,ツモ2m / 打8m,"(4, 2, 8, 12, 7.07692)","(8, 3, 1, 12, 5.84615)",4,8,0,0
448888m,344888m,ツモ3m / 打8m,"(4, 2, 8, 12, 7.07692)","(12, 4, 0, 12, 6.90909)",4,12,0,1
448888m,445888m,ツモ5m / 打8m,"(4, 2, 8, 12, 7.07692)","(12, 4, 0, 12, 6.90909)",4,12,0,1
448888m,446888m,ツモ6m / 打8m,"(4, 2, 8, 12, 7.07692)","(8, 3, 1, 12, 6.21429)",4,8,0,0
448888m,478888m,ツモ7m / 打4m,"(4, 2, 8, 12, 7.07692)","(8, 2, 1, 12, 6.85714)",4,8,0,1
448889m,244888m,ツモ2m / 打9m,"(4, 2, 6, 12, 6.06667)","(8, 3, 1, 12, 5.84615)",4,8,0,0
448889m,344888m,ツモ3m / 打9m,"(4, 2, 6, 12, 6.06667)","(12, 4, 0, 12, 6.90909)",4,12,0,1
448889m,445888m,ツモ5m / 打9m,"(4, 2, 6, 12, 6.06667)","(12, 4, 0, 12, 6.90909)",4,12,0,1
448889m,446888m,ツモ6m / 打9m,"(4, 2, 6, 12, 6.06667)","(8, 3, 1, 12, 6.21429)",4,8,0,0
448999m,244999m,ツモ2m / 打8m,"(4, 2, 8, 12, 6.6)","(8, 3, 1, 12, 5.84615)",4,8,0,0
448999m,344999m,ツモ3m / 打8m,"(4, 2, 8, 12, 6.6)","(12, 4, 0, 12, 6.90909)",4,12,0,1
448999m,445999m,ツモ5m / 打8m,"(4, 2, 8, 12, 6.6)","(12, 4, 0, 12, 6.90909)",4,12,0,1
448999m,446999m,ツモ6m / 打8m,"(4, 2, 8, 12, 6.6)","(8, 3, 1, 12, 6.46154)",4,8,0,0
448999m,478999m,ツモ7m / 打4m,"(4, 2, 8, 12, 6.6)","(7, 3, 8, 12, 6.27273)",4,7,0,1
449999m,244999m,ツモ2m / 打9m,"(4, 2, 6, 12, 6.46154)","(8, 3, 1, 12, 5.84615)",4,8,0,0
449999m,344999m,ツモ3m / 打9m,"(4, 2, 6, 12, 6.46154)","(12, 4, 0, 12, 6.90909)",4,12,0,1
449999m,445999m,ツモ5m / 打9m,"(4, 2, 6, 12, 6.46154)","(12, 4, 0, 12, 6.90909)",4,12,0,1
449999m,446999m,ツモ6m / 打9m,"(4, 2, 6, 12, 6.46154)","(8, 3, 1, 12, 6.46154)",4,8,0,0
455557m,445555m,ツモ4m / 打7m,"(8, 2, 1, 12, 6.66667)","(12, 4, 0, 8, 6.4)",8,12,1,1
455558m,445555m,ツモ4m / 打8m,"(8, 2, 1, 12, 6.46154)","(12, 4, 0, 8, 6.4)",8,12,1,1
455559m,445555m,ツモ4m / 打9m,"(8, 2, 1, 12, 6.15385)","(12, 4, 0, 8, 6.4)",8,12,1,1
455566m,345556m,ツモ3m / 打6m,"(12, 5, 1, 14, 6.46667)","(14, 5, 0, 12, 7.11765)",12,14,1,1
455568m,345556m,ツモ3m / 打8m,"(7, 3, 5, 14, 6.13636)","(14, 5, 0, 12, 7.11765)",7,14,0,1
455568m,445556m,ツモ4m / 打8m,"(7, 3, 5, 14, 6.13636)","(12, 5, 1, 14, 6.46667)",7,12,0,1
455568m,455566m,ツモ6m / 打8m,"(7, 3, 5, 14, 6.13636)","(12, 5, 1, 14, 6.46667)",7,12,0,1
455568m,555688m,ツモ8m / 打4m,"(7, 3, 5, 14, 6.13636)","(8, 3, 0, 8, 5.07143)",7,8,0,0
455569m,245556m,ツモ2m / 打9m,"(3, 2, 22, 14, 6.73913)","(7, 3, 5, 14, 6.13636)",3,7,0,0
455569m,345556m,ツモ3m / 打9m,"(3, 2, 22, 14, 6.73913)","(14, 5, 0, 12, 7.11765)",3,14,0,1
455569m,445556m,ツモ4m / 打9m,"(3, 2, 22, 14, 6.73913)","(12, 5, 1, 14, 6.46667)",3,12,0,1
455569m,455566m,ツモ6m / 打9m,"(3, 2, 22, 14, 6.73913)","(12, 5, 1, 14, 6.46667)",3,12,0,1
455569m,455567m,ツモ7m / 打9m,"(3, 2, 22, 14, 6.73913)","(14, 5, 0, 12, 7.11765)",3,14,0,1
455569m,455568m,ツモ8m / 打9m,"(3, 2, 22, 14, 6.73913)","(7, 3, 5, 14, 6.13636)",3,7,0,0
455569m,455699m,ツモ9m / 打5m,"(3, 2, 22, 14, 6.73913)","(4, 2, 6, 11, 5.35294)",3,4,0,0
455577m,345557m,ツモ3m / 打7m,"(4, 2, 10, 14, 7.75)","(11, 4, 2, 16, 6.75)",4,11,0,1
455577m,455557m,ツモ5m / 打7m,"(4, 2, 10, 14, 7.75)","(8, 2, 1, 12, 6.66667)",4,8,0,1
455577m,455567m,ツモ6m / 打7m,"(4, 2, 10, 14, 7.75)","(14, 5, 0, 12, 7.11765)",4,14,0,1
455577m,555778m,ツモ8m / 打4m,"(4, 2, 10, 14, 7.75)","(12, 4, 0, 12, 6.90909)",4,12,0,1
455577m,555779m,ツモ9m / 打4m,"(4, 2, 10, 14, 7.75)","(8, 3, 1, 12, 5.85714)",4,8,0,0
455578m,345557m,ツモ3m / 打8m,"(8, 2, 3, 12, 7.17647)","(11, 4, 2, 16, 6.75)",8,11,1,1
455578m,555778m,ツモ7m / 打4m,"(8, 2, 3, 12, 7.17647)","(12, 4, 0, 12, 6.90909)",8,12,1,1
455578m,555788m,ツモ8m / 打4m,"(8, 2, 3, 12, 7.17647)","(12, 4, 0, 12, 6.54545)",8,12,1,1
455579m,345557m,ツモ3m / 打9m,"(4, 1, 11, 14, 6.52381)","(11, 4, 2, 16, 6.75)",4,11,0,1
455579m,455557m,ツモ5m / 打9m,"(4, 1, 11, 14, 6.52381)","(8, 2, 1, 12, 6.66667)",4,8,0,1
455579m,455567m,ツモ6m / 打9m,"(4, 1, 11, 14, 6.52381)","(14, 5, 0, 12, 7.11765)",4,14,0,1
455579m,555779m,ツモ7m / 打4m,"(4, 1, 11, 14, 6.52381)","(8, 3, 1, 12, 5.85714)",4,8,0,0
455579m,555799m,ツモ9m / 打4m,"(4, 1, 11, 14, 6.52381)","(8, 3, 0, 8, 4.78571)",4,8,0,0
455588m,345558m,ツモ3m / 打8m,"(4, 2, 7, 12, 5.875)","(7, 3, 7, 16, 6.73913)",4,7,0,1
455588m,455558m,ツモ5m / 打8m,"(4, 2, 7, 12, 5.875)","(8, 2, 1, 12, 6.46154)",4,8,0,1
455588m,555688m,ツモ6m / 打4m,"(4, 2, 7, 12, 5.875)","(8, 3, 0, 8, 5.07143)",4,8,0,0
455588m,555788m,ツモ7m / 打4m,"(4, 2, 7, 12, 5.875)","(12, 4, 0, 12, 6.54545)",4,12,0,1
455588m,555889m,ツモ9m / 打4m,"(4, 2, 7, 12, 5.875)","(8, 3, 0, 8, 4.61538)",4,8,0,0
455589m,345558m,ツモ3m / 打9m,"(4, 1, 7, 8, 5.14286)","(7, 3, 7, 16, 6.73913)",4,7,0,1
455589m,455558m,ツモ5m / 打9m,"(4, 1, 7, 8, 5.14286)","(8, 2, 1, 12, 6.46154)",4,8,0,1
455589m,455568m,ツモ6m / 打9m,"(4, 1, 7, 8, 5.14286)","(7, 3, 5, 14, 6.13636)",4,7,0,0
455589m,555889m,ツモ8m / 打4m,"(4, 1, 7, 8, 5.14286)","(8, 3, 0, 8, 4.61538)",4,8,0,0
455589m,555899m,ツモ9m / 打4m,"(4, 1, 7, 8, 5.14286)","(8, 3, 0, 8, 4.30769)",4,8,0,0
455599m,345559m,ツモ3m / 打9m,"(4, 2, 4, 8, 4.875)","(7, 3, 5, 16, 6.31818)",4,7,0,1
455599m,455559m,ツモ5m / 打9m,"(4, 2, 4, 8, 4.875)","(8, 2, 1, 12, 6.15385)",4,8,0,1
455599m,555799m,ツモ7m / 打4m,"(4, 2, 4, 8, 4.875)","(8, 3, 0, 8, 4.78571)",4,8,0,0
455599m,555899m,ツモ8m / 打4m,"(4, 2, 4, 8, 4.875)","(8, 3, 0, 8, 4.30769)",4,8,0,0
455668m,345566m,ツモ3m / 打8m,"(7, 2, 7, 16, 7.38889)","(11, 4, 4, 15, 8.82353)",7,11,1,1
455668m,455566m,ツモ5m / 打8m,"(7, 2, 7, 16, 7.38889)","(12, 5, 1, 14, 6.46667)",7,12,1,1
455668m,455666m,ツモ6m / 打8m,"(7, 2, 7, 16, 7.38889)","(16, 6, 0, 11, 6.33333)",7,16,1,1
455668m,456688m,ツモ8m / 打5m,"(7, 2, 7, 16, 7.38889)","(8, 3, 1, 11, 5.66667)",7,8,1,0
455669m,345566m,ツモ3m / 打9m,"(7, 2, 3, 16, 6.5625)","(11, 4, 4, 15, 8.82353)",7,11,1,1
455669m,455566m,ツモ5m / 打9m,"(7, 2, 3, 16, 6.5625)","(12, 5, 1, 14, 6.46667)",7,12,1,1
455669m,455666m,ツモ6m / 打9m,"(7, 2, 3, 16, 6.5625)","(16, 6, 0, 11, 6.33333)",7,16,1,1
455677m,455567m,ツモ5m / 打7m,"(11, 4, 4, 15, 8.58824)","(14, 5, 0, 12, 7.11765)",11,14,1,1
455677m,455678m,ツモ8m / 打7m,"(11, 4, 4, 15, 8.58824)","(15, 5, 0, 15, 9.26667)",11,15,1,1
455679m,455567m,ツモ5m / 打9m,"(11, 3, 1, 14, 7.17647)","(14, 5, 0, 12, 7.11765)",11,14,1,1
455688m,345688m,ツモ3m / 打5m,"(4, 2, 11, 15, 7.05882)","(8, 3, 2, 11, 6.25)",4,8,0,0
455688m,445568m,ツモ4m / 打8m,"(4, 2, 11, 15, 7.05882)","(7, 2, 5, 16, 7.76471)",4,7,0,1
455688m,455678m,ツモ7m / 打8m,"(4, 2, 11, 15, 7.05882)","(15, 5, 0, 15, 9.26667)",4,15,0,1
455688m,456688m,ツモ6m / 打5m,"(4, 2, 11, 15, 7.05882)","(8, 3, 1, 11, 5.66667)",4,8,0,0
455688m,456889m,ツモ9m / 打5m,"(4, 2, 11, 15, 7.05882)","(8, 3, 0, 8, 5.14286)",4,8,0,0
455688m,555688m,ツモ5m / 打4m,"(4, 2, 11, 15, 7.05882)","(8, 3, 0, 8, 5.07143)",4,8,0,0
455689m,345568m,ツモ3m / 打9m,"(4, 1, 9, 8, 5.4)","(7, 2, 10, 15, 7.45455)",4,7,0,1
455689m,445568m,ツモ4m / 打9m,"(4, 1, 9, 8, 5.4)","(7, 2, 5, 16, 7.76471)",4,7,0,1
455689m,455568m,ツモ5m / 打9m,"(4, 1, 9, 8, 5.4)","(7, 3, 5, 14, 6.13636)",4,7,0,0
455689m,455668m,ツモ6m / 打9m,"(4, 1, 9, 8, 5.4)","(7, 2, 7, 16, 7.38889)",4,7,0,1
455689m,456889m,ツモ8m / 打5m,"(4, 1, 9, 8, 5.4)","(8, 3, 0, 8, 5.14286)",4,8,0,0
455689m,456899m,ツモ9m / 打5m,"(4, 1, 9, 8, 5.4)","(8, 3, 0, 8, 4.57143)",4,8,0,0
455699m,345569m,ツモ3m / 打9m,"(4, 2, 6, 11, 5.35294)","(7, 2, 6, 15, 6.66667)",4,7,0,1
455699m,445569m,ツモ4m / 打9m,"(4, 2, 6, 11, 5.35294)","(7, 2, 5, 16, 6.88235)",4,7,0,1
455699m,455669m,ツモ6m / 打9m,"(4, 2, 6, 11, 5.35294)","(7, 2, 3, 16, 6.5625)",4,7,0,1
455699m,455679m,ツモ7m / 打9m,"(4, 2, 6, 11, 5.35294)","(11, 3, 1, 14, 7.17647)",4,11,0,1
455699m,456899m,ツモ8m / 打5m,"(4, 2, 6, 11, 5.35294)","(8, 3, 0, 8, 4.57143)",4,8,0,0
456668m,445666m,ツモ4m / 打8m,"(11, 4, 2, 16, 6.16667)","(12, 5, 1, 14, 6.73333)",11,12,1,1
456668m,455666m,ツモ5m / 打8m,"(11, 4, 2, 16, 6.16667)","(16, 6, 0, 11, 6.33333)",11,16,1,1
456669m,445666m,ツモ4m / 打9m,"(7, 3, 4, 16, 6.55)","(12, 5, 1, 14, 6.73333)",7,12,1,1
456669m,455666m,ツモ5m / 打9m,"(7, 3, 4, 16, 6.55)","(16, 6, 0, 11, 6.33333)",7,16,1,1
456669m,456667m,ツモ7m / 打9m,"(7, 3, 4, 16, 6.55)","(14, 5, 0, 12, 7.11765)",7,14,1,1
456669m,456668m,ツモ8m / 打9m,"(7, 3, 4, 16, 6.55)","(11, 4, 2, 16, 6.16667)",7,11,1,1
456677m,345667m,ツモ3m / 打7m,"(11, 4, 4, 15, 8.82353)","(15, 5, 0, 15, 9.1875)",11,15,1,1
456677m,456667m,ツモ6m / 打7m,"(11, 4, 4, 15, 8.82353)","(14, 5, 0, 12, 7.11765)",11,14,1,1
456679m,245667m,ツモ2m / 打9m,"(7, 2, 10, 15, 7.8)","(11, 3, 1, 14, 6.84211)",7,11,1,1
456679m,345667m,ツモ3m / 打9m,"(7, 2, 10, 15, 7.8)","(15, 5, 0, 15, 9.1875)",7,15,1,1
456679m,445667m,ツモ4m / 打9m,"(7, 2, 10, 15, 7.8)","(11, 4, 4, 15, 8.58824)",7,11,1,1
456679m,456667m,ツモ6m / 打9m,"(7, 2, 10, 15, 7.8)","(14, 5, 0, 12, 7.11765)",7,14,1,1
456679m,456677m,ツモ7m / 打9m,"(7, 2, 10, 15, 7.8)","(11, 4, 4, 15, 8.82353)",7,11,1,1
456679m,456799m,ツモ9m / 打6m,"(7, 2, 10, 15, 7.8)","(8, 3, 2, 11, 5.85)",7,8,1,0
456688m,456668m,ツモ6m / 打8m,"(8, 3, 1, 11, 5.66667)","(11, 4, 2, 16, 6.16667)",8,11,0,1
456689m,345668m,ツモ3m / 打9m,"(4, 1, 9, 11, 5.61905)","(8, 3, 5, 15, 7.7)",4,8,0,0
456689m,445668m,ツモ4m / 打9m,"(4, 1, 9, 11, 5.61905)","(7, 2, 8, 12, 6.78947)",4,7,0,0
456689m,455668m,ツモ5m / 打9m,"(4, 1, 9, 11, 5.61905)","(7, 2, 7, 16, 7.38889)",4,7,0,1
456689m,456668m,ツモ6m / 打9m,"(4, 1, 9, 11, 5.61905)","(11, 4, 2, 16, 6.16667)",4,11,0,1
456689m,456688m,ツモ8m / 打9m,"(4, 1, 9, 11, 5.61905)","(8, 3, 1, 11, 5.66667)",4,8,0,0
456689m,456899m,ツモ9m / 打6m,"(4, 1, 9, 11, 5.61905)","(8, 3, 0, 8, 4.57143)",4,8,0,0
456699m,455669m,ツモ5m / 打9m,"(4, 2, 5, 8, 5)","(7, 2, 3, 16, 6.5625)",4,7,0,1
456699m,456669m,ツモ6m / 打9m,"(4, 2, 5, 8, 5)","(7, 3, 4, 16, 6.55)",4,7,0,1
456699m,456799m,ツモ7m / 打6m,"(4, 2, 5, 8, 5)","(8, 3, 2, 11, 5.85)",4,8,0,0
456699m,456899m,ツモ8m / 打6m,"(4, 2, 5, 8, 5)","(8, 3, 0, 8, 4.57143)",4,8,0,0
456779m,345677m,ツモ3m / 打9m,"(8, 3, 5, 15, 7.7)","(15, 5, 0, 15, 7.94118)",8,15,0,1
456779m,455677m,ツモ5m / 打9m,"(8, 3, 5, 15, 7.7)","(11, 4, 4, 15, 8.58824)",8,11,0,1
456779m,456677m,ツモ6m / 打9m,"(8, 3, 5, 15, 7.7)","(11, 4, 4, 15, 8.82353)",8,11,0,1
456799m,345679m,ツモ3m / 打9m,"(8, 3, 2, 11, 5.85)","(11, 3, 4, 15, 7.20833)",8,11,0,1
456799m,455679m,ツモ5m / 打9m,"(8, 3, 2, 11, 5.85)","(11, 3, 1, 14, 7.17647)",8,11,0,1
457777m,445777m,ツモ4m / 打7m,"(8, 2, 2, 12, 7.2)","(12, 4, 0, 12, 6.90909)",8,12,1,1
457777m,455777m,ツモ5m / 打7m,"(8, 2, 2, 12, 7.2)","(12, 4, 0, 12, 6.90909)",8,12,1,1
457778m,445777m,ツモ4m / 打8m,"(8, 2, 2, 12, 6.875)","(12, 4, 0, 12, 6.90909)",8,12,1,1
457778m,455777m,ツモ5m / 打8m,"(8, 2, 2, 12, 6.875)","(12, 4, 0, 12, 6.90909)",8,12,1,1
457779m,445777m,ツモ4m / 打9m,"(8, 2, 2, 12, 6.625)","(12, 4, 0, 12, 6.90909)",8,12,1,1
457779m,455777m,ツモ5m / 打9m,"(8, 2, 2, 12, 6.625)","(12, 4, 0, 12, 6.90909)",8,12,1,1
457789m,445789m,ツモ4m / 打7m,"(8, 2, 2, 12, 6.84211)","(12, 4, 0, 12, 6.90909)",8,12,1,1
457789m,455789m,ツモ5m / 打7m,"(8, 2, 2, 12, 6.84211)","(12, 4, 0, 12, 6.90909)",8,12,1,1
457888m,445888m,ツモ4m / 打7m,"(8, 2, 2, 12, 7)","(12, 4, 0, 12, 6.90909)",8,12,1,1
457888m,455888m,ツモ5m / 打7m,"(8, 2, 2, 12, 7)","(12, 4, 0, 12, 6.90909)",8,12,1,1
457889m,445789m,ツモ4m / 打8m,"(8, 2, 2, 12, 6.70588)","(12, 4, 0, 12, 6.90909)",8,12,1,1
457889m,455789m,ツモ5m / 打8m,"(8, 2, 2, 12, 6.70588)","(12, 4, 0, 12, 6.90909)",8,12,1,1
457899m,445789m,ツモ4m / 打9m,"(8, 2, 2, 12, 6.70588)","(12, 4, 0, 12, 6.90909)",8,12,1,1
457899m,455789m,ツモ5m / 打9m,"(8, 2, 2, 12, 6.70588)","(12, 4, 0, 12, 6.90909)",8,12,1,1
457999m,445999m,ツモ4m / 打7m,"(8, 2, 2, 12, 7)","(12, 4, 0, 12, 6.90909)",8,12,1,1
457999m,455999m,ツモ5m / 打7m,"(8, 2, 2, 12, 7)","(12, 4, 0, 12, 6.90909)",8,12,1,1
458888m,445888m,ツモ4m / 打8m,"(8, 2, 2, 12, 7.07692)","(12, 4, 0, 12, 6.90909)",8,12,1,1
458888m,455888m,ツモ5m / 打8m,"(8, 2, 2, 12, 7.07692)","(12, 4, 0, 12, 6.90909)",8,12,1,1
458889m,445888m,ツモ4m / 打9m,"(8, 2, 2, 12, 6.375)","(12, 4, 0, 12, 6.90909)",8,12,1,1
458889m,455888m,ツモ5m / 打9m,"(8, 2, 2, 12, 6.375)","(12, 4, 0, 12, 6.90909)",8,12,1,1
458999m,445999m,ツモ4m / 打8m,"(8, 2, 2, 12, 6.625)","(12, 4, 0, 12, 6.90909)",8,12,1,1
458999m,455999m,ツモ5m / 打8m,"(8, 2, 2, 12, 6.625)","(12, 4, 0, 12, 6.90909)",8,12,1,1
459999m,445999m,ツモ4m / 打9m,"(8, 2, 2, 12, 6.76923)","(12, 4, 0, 12, 6.90909)",8,12,1,1
459999m,455999m,ツモ5m / 打9m,"(8, 2, 2, 12, 6.76923)","(12, 4, 0, 12, 6.90909)",8,12,1,1
466667m,666677m,ツモ7m / 打4m,"(8, 2, 1, 12, 6.66667)","(12, 4, 0, 8, 6.4)",8,12,1,1
466668m,346668m,ツモ3m / 打6m,"(8, 2, 0, 8, 5.33333)","(8, 2, 3, 12, 6.77778)",8,8,0,1
466669m,246666m,ツモ2m / 打9m,"(4, 1, 7, 8, 5.86667)","(8, 2, 0, 8, 5.6)",4,8,0,0
466669m,346666m,ツモ3m / 打9m,"(4, 1, 7, 8, 5.86667)","(8, 2, 2, 12, 7.2)",4,8,0,1
466669m,446666m,ツモ4m / 打9m,"(4, 1, 7, 8, 5.86667)","(8, 3, 1, 12, 6.33333)",4,8,0,0
466669m,466667m,ツモ7m / 打9m,"(4, 1, 7, 8, 5.86667)","(8, 2, 1, 12, 6.66667)",4,8,0,1
466669m,466668m,ツモ8m / 打9m,"(4, 1, 7, 8, 5.86667)","(8, 2, 0, 8, 5.33333)",4,8,0,0
466677m,346667m,ツモ3m / 打7m,"(4, 2, 10, 16, 8.1875)","(8, 2, 3, 12, 7)",4,8,0,1
466677m,456667m,ツモ5m / 打7m,"(4, 2, 10, 16, 8.1875)","(14, 5, 0, 12, 7.11765)",4,14,0,1
466677m,666677m,ツモ6m / 打4m,"(4, 2, 10, 16, 8.1875)","(12, 4, 0, 8, 6.4)",4,12,0,1
466677m,666778m,ツモ8m / 打4m,"(4, 2, 10, 16, 8.1875)","(16, 6, 0, 11, 6.33333)",4,16,0,1
466677m,666779m,ツモ9m / 打4m,"(4, 2, 10, 16, 8.1875)","(8, 3, 2, 12, 6.14286)",4,8,0,0
466678m,666778m,ツモ7m / 打4m,"(11, 4, 2, 16, 6.89474)","(16, 6, 0, 11, 6.33333)",11,16,1,1
466678m,666788m,ツモ8m / 打4m,"(11, 4, 2, 16, 6.89474)","(12, 5, 1, 14, 6.2)",11,12,1,1
466679m,346667m,ツモ3m / 打9m,"(4, 1, 10, 14, 6.15)","(8, 2, 3, 12, 7)",4,8,0,1
466679m,456667m,ツモ5m / 打9m,"(4, 1, 10, 14, 6.15)","(14, 5, 0, 12, 7.11765)",4,14,0,1
466679m,466667m,ツモ6m / 打9m,"(4, 1, 10, 14, 6.15)","(8, 2, 1, 12, 6.66667)",4,8,0,1
466679m,666779m,ツモ7m / 打4m,"(4, 1, 10, 14, 6.15)","(8, 3, 2, 12, 6.14286)",4,8,0,0
466679m,666799m,ツモ9m / 打4m,"(4, 1, 10, 14, 6.15)","(8, 3, 0, 8, 4.78571)",4,8,0,0
466688m,346668m,ツモ3m / 打8m,"(4, 2, 9, 12, 6.8125)","(8, 2, 3, 12, 6.77778)",4,8,0,1
466688m,456668m,ツモ5m / 打8m,"(4, 2, 9, 12, 6.8125)","(11, 4, 2, 16, 6.16667)",4,11,0,1
466688m,666688m,ツモ6m / 打4m,"(4, 2, 9, 12, 6.8125)","(8, 3, 0, 8, 5)",4,8,0,0
466688m,666788m,ツモ7m / 打4m,"(4, 2, 9, 12, 6.8125)","(12, 5, 1, 14, 6.2)",4,12,0,1
466688m,666889m,ツモ9m / 打4m,"(4, 2, 9, 12, 6.8125)","(8, 3, 0, 8, 4.61538)",4,8,0,0
466689m,346668m,ツモ3m / 打9m,"(4, 1, 7, 11, 5.5)","(8, 2, 3, 12, 6.77778)",4,8,0,1
466689m,456668m,ツモ5m / 打9m,"(4, 1, 7, 11, 5.5)","(11, 4, 2, 16, 6.16667)",4,11,0,1
466689m,466668m,ツモ6m / 打9m,"(4, 1, 7, 11, 5.5)","(8, 2, 0, 8, 5.33333)",4,8,0,0
466689m,666889m,ツモ8m / 打4m,"(4, 1, 7, 11, 5.5)","(8, 3, 0, 8, 4.61538)",4,8,0,0
466689m,666899m,ツモ9m / 打4m,"(4, 1, 7, 11, 5.5)","(8, 3, 0, 8, 4.30769)",4,8,0,0
466699m,346669m,ツモ3m / 打9m,"(4, 2, 4, 8, 5)","(8, 2, 2, 12, 6)",4,8,0,1
466699m,456669m,ツモ5m / 打9m,"(4, 2, 4, 8, 5)","(7, 3, 4, 16, 6.55)",4,7,0,1
466699m,666799m,ツモ7m / 打4m,"(4, 2, 4, 8, 5)","(8, 3, 0, 8, 4.78571)",4,8,0,0
466699m,666899m,ツモ8m / 打4m,"(4, 2, 4, 8, 5)","(8, 3, 0, 8, 4.30769)",4,8,0,0
466777m,346777m,ツモ3m / 打6m,"(8, 3, 2, 12, 6.71429)","(8, 2, 2, 12, 7)",8,8,0,1
466777m,667777m,ツモ7m / 打4m,"(8, 3, 2, 12, 6.71429)","(12, 4, 0, 8, 6.4)",8,12,0,1
466777m,667778m,ツモ8m / 打4m,"(8, 3, 2, 12, 6.71429)","(12, 5, 0, 11, 5.93333)",8,12,0,1
466778m,246678m,ツモ2m / 打7m,"(7, 2, 10, 16, 7.84211)","(8, 2, 1, 11, 5.9)",7,8,1,0
466778m,346678m,ツモ3m / 打7m,"(7, 2, 10, 16, 7.84211)","(8, 2, 3, 12, 7.3)",7,8,1,1
466778m,446678m,ツモ4m / 打7m,"(7, 2, 10, 16, 7.84211)","(8, 3, 2, 12, 6.73333)",7,8,1,0
466778m,666778m,ツモ6m / 打4m,"(7, 2, 10, 16, 7.84211)","(16, 6, 0, 11, 6.33333)",7,16,1,1
466778m,667778m,ツモ7m / 打4m,"(7, 2, 10, 16, 7.84211)","(12, 5, 0, 11, 5.93333)",7,12,1,1
466778m,667789m,ツモ9m / 打4m,"(7, 2, 10, 16, 7.84211)","(11, 4, 1, 12, 7)",7,11,1,1
466788m,246678m,ツモ2m / 打8m,"(7, 2, 9, 12, 6.78947)","(8, 2, 1, 11, 5.9)",7,8,0,0
466788m,346678m,ツモ3m / 打8m,"(7, 2, 9, 12, 6.78947)","(8, 2, 3, 12, 7.3)",7,8,0,1
466788m,446678m,ツモ4m / 打8m,"(7, 2, 9, 12, 6.78947)","(8, 3, 2, 12, 6.73333)",7,8,0,0
466788m,466789m,ツモ9m / 打8m,"(7, 2, 9, 12, 6.78947)","(8, 3, 1, 11, 6.73684)",7,8,0,0
466788m,666788m,ツモ6m / 打4m,"(7, 2, 9, 12, 6.78947)","(12, 5, 1, 14, 6.2)",7,12,0,1
466788m,667888m,ツモ8m / 打4m,"(7, 2, 9, 12, 6.78947)","(12, 5, 0, 10, 5.66667)",7,12,0,1
466789m,346789m,ツモ3m / 打6m,"(8, 3, 1, 11, 6.73684)","(8, 2, 4, 12, 7.5)",8,8,0,1
466789m,667789m,ツモ7m / 打4m,"(8, 3, 1, 11, 6.73684)","(11, 4, 1, 12, 7)",8,11,0,1
466888m,346888m,ツモ3m / 打6m,"(8, 3, 1, 12, 6.42857)","(8, 2, 2, 12, 7)",8,8,0,1
466888m,667888m,ツモ7m / 打4m,"(8, 3, 1, 12, 6.42857)","(12, 5, 0, 10, 5.66667)",8,12,0,1
466999m,346999m,ツモ3m / 打6m,"(8, 3, 1, 12, 6.46154)","(8, 2, 2, 12, 7.05882)",8,8,0,1
466999m,667999m,ツモ7m / 打4m,"(8, 3, 1, 12, 6.46154)","(12, 4, 0, 12, 6.90909)",8,12,0,1
467777m,667777m,ツモ6m / 打4m,"(8, 2, 1, 12, 6.93333)","(12, 4, 0, 8, 6.4)",8,12,1,1
467778m,246777m,ツモ2m / 打8m,"(7, 3, 9, 12, 6.21739)","(8, 2, 0, 8, 5.44444)",7,8,0,0
467778m,346778m,ツモ3m / 打7m,"(7, 3, 9, 12, 6.21739)","(8, 2, 2, 12, 7.2)",7,8,0,1
467778m,446777m,ツモ4m / 打8m,"(7, 3, 9, 12, 6.21739)","(8, 3, 1, 12, 6.21429)",7,8,0,0
467778m,667778m,ツモ6m / 打4m,"(7, 3, 9, 12, 6.21739)","(12, 5, 0, 11, 5.93333)",7,12,0,1
467778m,677788m,ツモ8m / 打4m,"(7, 3, 9, 12, 6.21739)","(12, 5, 1, 14, 5.93333)",7,12,0,1
467778m,677789m,ツモ9m / 打4m,"(7, 3, 9, 12, 6.21739)","(10, 4, 3, 12, 5.78947)",7,10,0,1
467779m,246777m,ツモ2m / 打9m,"(4, 1, 10, 10, 6.16667)","(8, 2, 0, 8, 5.44444)",4,8,0,0
467779m,346777m,ツモ3m / 打9m,"(4, 1, 10, 10, 6.16667)","(8, 2, 2, 12, 7)",4,8,0,1
467779m,446777m,ツモ4m / 打9m,"(4, 1, 10, 10, 6.16667)","(8, 3, 1, 12, 6.21429)",4,8,0,0
467779m,466777m,ツモ6m / 打9m,"(4, 1, 10, 10, 6.16667)","(8, 3, 2, 12, 6.71429)",4,8,0,0
467779m,467777m,ツモ7m / 打9m,"(4, 1, 10, 10, 6.16667)","(8, 2, 1, 12, 6.93333)",4,8,0,1
467779m,677789m,ツモ8m / 打4m,"(4, 1, 10, 10, 6.16667)","(10, 4, 3, 12, 5.78947)",4,10,0,1
467788m,346778m,ツモ3m / 打8m,"(7, 2, 7, 16, 8)","(8, 2, 2, 12, 7.2)",7,8,1,1
467788m,456778m,ツモ5m / 打8m,"(7, 2, 7, 16, 8)","(15, 5, 0, 15, 9.1875)",7,15,1,1
467788m,677788m,ツモ7m / 打4m,"(7, 2, 7, 16, 8)","(12, 5, 1, 14, 5.93333)",7,12,1,1
467788m,677888m,ツモ8m / 打4m,"(7, 2, 7, 16, 8)","(16, 6, 0, 7, 6)",7,16,1,1
467789m,246789m,ツモ2m / 打7m,"(7, 2, 10, 11, 6.65217)","(8, 2, 0, 8, 5.66667)",7,8,1,0
467789m,346789m,ツモ3m / 打7m,"(7, 2, 10, 11, 6.65217)","(8, 2, 4, 12, 7.5)",7,8,1,1
467789m,446789m,ツモ4m / 打7m,"(7, 2, 10, 11, 6.65217)","(8, 3, 2, 12, 6.63158)",7,8,1,0
467789m,667789m,ツモ6m / 打4m,"(7, 2, 10, 11, 6.65217)","(11, 4, 1, 12, 7)",7,11,1,1
467789m,677789m,ツモ7m / 打4m,"(7, 2, 10, 11, 6.65217)","(10, 4, 3, 12, 5.78947)",7,10,1,1
467789m,677899m,ツモ9m / 打4m,"(7, 2, 10, 11, 6.65217)","(11, 4, 0, 11, 5.82353)",7,11,1,1
467888m,246888m,ツモ2m / 打7m,"(7, 3, 9, 16, 6.91304)","(8, 2, 0, 8, 5.44444)",7,8,1,0
467888m,346788m,ツモ3m / 打8m,"(7, 3, 9, 16, 6.91304)","(8, 2, 2, 12, 7)",7,8,1,1
467888m,346888m,ツモ3m / 打7m,"(7, 3, 9, 16, 6.91304)","(8, 2, 2, 12, 7)",7,8,1,1
467888m,446888m,ツモ4m / 打7m,"(7, 3, 9, 16, 6.91304)","(8, 3, 1, 12, 6.21429)",7,8,1,0
467888m,667888m,ツモ6m / 打4m,"(7, 3, 9, 16, 6.91304)","(12, 5, 0, 10, 5.66667)",7,12,1,1
467888m,677888m,ツモ7m / 打4m,"(7, 3, 9, 16, 6.91304)","(16, 6, 0, 7, 6)",7,16,1,1
467888m,678889m,ツモ9m / 打4m,"(7, 3, 9, 16, 6.91304)","(10, 4, 1, 12, 5.36842)",7,10,1,1
467889m,246789m,ツモ2m / 打8m,"(7, 2, 8, 10, 5.78261)","(8, 2, 0, 8, 5.66667)",7,8,0,0
467889m,346789m,ツモ3m / 打8m,"(7, 2, 8, 10, 5.78261)","(8, 2, 4, 12, 7.5)",7,8,0,1
467889m,446789m,ツモ4m / 打8m,"(7, 2, 8, 10, 5.78261)","(8, 3, 2, 12, 6.63158)",7,8,0,0
467889m,466789m,ツモ6m / 打8m,"(7, 2, 8, 10, 5.78261)","(8, 3, 1, 11, 6.73684)",7,8,0,0
467889m,467899m,ツモ9m / 打8m,"(7, 2, 8, 10, 5.78261)","(8, 3, 1, 11, 6)",7,8,0,0
467889m,678889m,ツモ8m / 打4m,"(7, 2, 8, 10, 5.78261)","(10, 4, 1, 12, 5.36842)",7,10,0,1
467899m,346789m,ツモ3m / 打9m,"(8, 3, 1, 11, 6)","(8, 2, 4, 12, 7.5)",8,8,0,1
467899m,677899m,ツモ7m / 打4m,"(8, 3, 1, 11, 6)","(11, 4, 0, 11, 5.82353)",8,11,0,1
467999m,667999m,ツモ6m / 打4m,"(8, 2, 2, 12, 7.05882)","(12, 4, 0, 12, 6.90909)",8,12,1,1
467999m,677999m,ツモ7m / 打4m,"(8, 2, 2, 12, 7.05882)","(12, 4, 0, 12, 6.90909)",8,12,1,1
468888m,346888m,ツモ3m / 打8m,"(8, 2, 0, 8, 5.6)","(8, 2, 2, 12, 7)",8,8,0,1
468889m,246888m,ツモ2m / 打9m,"(4, 1, 9, 10, 5.94444)","(8, 2, 0, 8, 5.44444)",4,8,0,0
468889m,346888m,ツモ3m / 打9m,"(4, 1, 9, 10, 5.94444)","(8, 2, 2, 12, 7)",4,8,0,1
468889m,446888m,ツモ4m / 打9m,"(4, 1, 9, 10, 5.94444)","(8, 3, 1, 12, 6.21429)",4,8,0,0
468889m,466888m,ツモ6m / 打9m,"(4, 1, 9, 10, 5.94444)","(8, 3, 1, 12, 6.42857)",4,8,0,0
468889m,468888m,ツモ8m / 打9m,"(4, 1, 9, 10, 5.94444)","(8, 2, 0, 8, 5.6)",4,8,0,0
468889m,678889m,ツモ7m / 打4m,"(4, 1, 9, 10, 5.94444)","(10, 4, 1, 12, 5.36842)",4,10,0,1
468999m,346999m,ツモ3m / 打8m,"(8, 2, 0, 8, 5.64706)","(8, 2, 2, 12, 7.05882)",8,8,0,1
469999m,246999m,ツモ2m / 打9m,"(4, 1, 8, 8, 6.13333)","(8, 2, 0, 8, 5.64706)",4,8,0,0
469999m,346999m,ツモ3m / 打9m,"(4, 1, 8, 8, 6.13333)","(8, 2, 2, 12, 7.05882)",4,8,0,1
469999m,446999m,ツモ4m / 打9m,"(4, 1, 8, 8, 6.13333)","(8, 3, 1, 12, 6.46154)",4,8,0,0
469999m,466999m,ツモ6m / 打9m,"(4, 1, 8, 8, 6.13333)","(8, 3, 1, 12, 6.46154)",4,8,0,0
469999m,467999m,ツモ7m / 打9m,"(4, 1, 8, 8, 6.13333)","(8, 2, 2, 12, 7.05882)",4,8,0,1
469999m,468999m,ツモ8m / 打9m,"(4, 1, 8, 8, 6.13333)","(8, 2, 0, 8, 5.64706)",4,8,0,0
477778m,777788m,ツモ8m / 打4m,"(8, 2, 1, 12, 6.85714)","(12, 4, 0, 8, 6)",8,12,1,1
477779m,347777m,ツモ3m / 打9m,"(4, 1, 8, 8, 5.88235)","(8, 2, 2, 12, 7.2)",4,8,0,1
477779m,457777m,ツモ5m / 打9m,"(4, 1, 8, 8, 5.88235)","(8, 2, 2, 12, 7.2)",4,8,0,1
477779m,467777m,ツモ6m / 打9m,"(4, 1, 8, 8, 5.88235)","(8, 2, 1, 12, 6.93333)",4,8,0,1
477779m,777799m,ツモ9m / 打4m,"(4, 1, 8, 8, 5.88235)","(8, 3, 0, 8, 4.66667)",4,8,0,0
477788m,347778m,ツモ3m / 打8m,"(4, 2, 9, 12, 6.75)","(8, 2, 2, 12, 6.52632)",4,8,0,1
477788m,457778m,ツモ5m / 打8m,"(4, 2, 9, 12, 6.75)","(8, 2, 2, 12, 6.875)",4,8,0,1
477788m,677788m,ツモ6m / 打4m,"(4, 2, 9, 12, 6.75)","(12, 5, 1, 14, 5.93333)",4,12,0,1
477788m,777788m,ツモ7m / 打4m,"(4, 2, 9, 12, 6.75)","(12, 4, 0, 8, 6)",4,12,0,1
477788m,777889m,ツモ9m / 打4m,"(4, 2, 9, 12, 6.75)","(12, 5, 0, 7, 4.93333)",4,12,0,1
477789m,247789m,ツモ2m / 打7m,"(3, 2, 22, 12, 5.92308)","(4, 1, 9, 8, 5.21739)",3,4,0,0
477789m,347789m,ツモ3m / 打7m,"(3, 2, 22, 12, 5.92308)","(8, 2, 2, 12, 6.6)",3,8,0,1
477789m,447778m,ツモ4m / 打9m,"(3, 2, 22, 12, 5.92308)","(4, 2, 8, 12, 6.375)",3,4,0,0
477789m,457778m,ツモ5m / 打9m,"(3, 2, 22, 12, 5.92308)","(8, 2, 2, 12, 6.875)",3,8,0,1
477789m,677789m,ツモ6m / 打4m,"(3, 2, 22, 12, 5.92308)","(10, 4, 3, 12, 5.78947)",3,10,0,1
477789m,777889m,ツモ8m / 打4m,"(3, 2, 22, 12, 5.92308)","(12, 5, 0, 7, 4.93333)",3,12,0,1
477789m,777899m,ツモ9m / 打4m,"(3, 2, 22, 12, 5.92308)","(8, 4, 2, 11, 4.61111)",3,8,0,0
477799m,347779m,ツモ3m / 打9m,"(4, 2, 4, 8, 4.93333)","(8, 2, 2, 12, 6)",4,8,0,1
477799m,457779m,ツモ5m / 打9m,"(4, 2, 4, 8, 4.93333)","(8, 2, 2, 12, 6.625)",4,8,0,1
477799m,777799m,ツモ7m / 打4m,"(4, 2, 4, 8, 4.93333)","(8, 3, 0, 8, 4.66667)",4,8,0,0
477799m,777899m,ツモ8m / 打4m,"(4, 2, 4, 8, 4.93333)","(8, 4, 2, 11, 4.61111)",4,8,0,0
477888m,347888m,ツモ3m / 打7m,"(4, 2, 10, 16, 7.25)","(8, 2, 2, 12, 6.73684)",4,8,0,1
477888m,457888m,ツモ5m / 打7m,"(4, 2, 10, 16, 7.25)","(8, 2, 2, 12, 7)",4,8,0,1
477888m,677888m,ツモ6m / 打4m,"(4, 2, 10, 16, 7.25)","(16, 6, 0, 7, 6)",4,16,0,1
477888m,778888m,ツモ8m / 打4m,"(4, 2, 10, 16, 7.25)","(12, 4, 0, 8, 6.4)",4,12,0,1
477888m,778889m,ツモ9m / 打4m,"(4, 2, 10, 16, 7.25)","(12, 5, 0, 8, 5.2)",4,12,0,1
477889m,347789m,ツモ3m / 打8m,"(7, 2, 6, 12, 6.33333)","(8, 2, 2, 12, 6.6)",7,8,1,1
477889m,457789m,ツモ5m / 打8m,"(7, 2, 6, 12, 6.33333)","(8, 2, 2, 12, 6.84211)",7,8,1,1
477889m,777889m,ツモ7m / 打4m,"(7, 2, 6, 12, 6.33333)","(12, 5, 0, 7, 4.93333)",7,12,1,1
477889m,778889m,ツモ8m / 打4m,"(7, 2, 6, 12, 6.33333)","(12, 5, 0, 8, 5.2)",7,12,1,1
477899m,247789m,ツモ2m / 打9m,"(3, 1, 17, 12, 6.09524)","(4, 1, 9, 8, 5.21739)",3,4,0,0
477899m,347789m,ツモ3m / 打9m,"(3, 1, 17, 12, 6.09524)","(8, 2, 2, 12, 6.6)",3,8,0,1
477899m,447899m,ツモ4m / 打7m,"(3, 1, 17, 12, 6.09524)","(4, 2, 8, 12, 6.3125)",3,4,0,0
477899m,457789m,ツモ5m / 打9m,"(3, 1, 17, 12, 6.09524)","(8, 2, 2, 12, 6.84211)",3,8,0,1
477899m,677899m,ツモ6m / 打4m,"(3, 1, 17, 12, 6.09524)","(11, 4, 0, 11, 5.82353)",3,11,0,1
477899m,777899m,ツモ7m / 打4m,"(3, 1, 17, 12, 6.09524)","(8, 4, 2, 11, 4.61111)",3,8,0,0
477899m,778999m,ツモ9m / 打4m,"(3, 1, 17, 12, 6.09524)","(12, 5, 0, 8, 5.2)",3,12,0,1
477999m,347999m,ツモ3m / 打7m,"(4, 2, 8, 12, 6.53333)","(8, 2, 2, 12, 6.77778)",4,8,0,1
477999m,457999m,ツモ5m / 打7m,"(4, 2, 8, 12, 6.53333)","(8, 2, 2, 12, 7)",4,8,0,1
477999m,677999m,ツモ6m / 打4m,"(4, 2, 8, 12, 6.53333)","(12, 4, 0, 12, 6.90909)",4,12,0,1
477999m,778999m,ツモ8m / 打4m,"(4, 2, 8, 12, 6.53333)","(12, 5, 0, 8, 5.2)",4,12,0,1
477999m,779999m,ツモ9m / 打4m,"(4, 2, 8, 12, 6.53333)","(8, 3, 1, 12, 5.66667)",4,8,0,0
478888m,778888m,ツモ7m / 打4m,"(8, 2, 1, 12, 6.85714)","(12, 4, 0, 8, 6.4)",8,12,1,1
478889m,247888m,ツモ2m / 打9m,"(3, 2, 22, 12, 5.92308)","(4, 1, 9, 8, 5.45455)",3,4,0,0
478889m,347888m,ツモ3m / 打9m,"(3, 2, 22, 12, 5.92308)","(8, 2, 2, 12, 6.73684)",3,8,0,1
478889m,447888m,ツモ4m / 打9m,"(3, 2, 22, 12, 5.92308)","(4, 2, 8, 12, 6.375)",3,4,0,0
478889m,457888m,ツモ5m / 打9m,"(3, 2, 22, 12, 5.92308)","(8, 2, 2, 12, 7)",3,8,0,1
478889m,678889m,ツモ6m / 打4m,"(3, 2, 22, 12, 5.92308)","(10, 4, 1, 12, 5.36842)",3,10,0,1
478889m,778889m,ツモ7m / 打4m,"(3, 2, 22, 12, 5.92308)","(12, 5, 0, 8, 5.2)",3,12,0,1
478889m,788899m,ツモ9m / 打4m,"(3, 2, 22, 12, 5.92308)","(8, 4, 1, 10, 4.16667)",3,8,0,0
478899m,247899m,ツモ2m / 打8m,"(3, 1, 16, 12, 5.71429)","(4, 1, 8, 8, 5.2381)",3,4,0,0
478899m,347899m,ツモ3m / 打8m,"(3, 1, 16, 12, 5.71429)","(8, 2, 2, 12, 6.42105)",3,8,0,1
478899m,447899m,ツモ4m / 打8m,"(3, 1, 16, 12, 5.71429)","(4, 2, 8, 12, 6.3125)",3,4,0,0
478899m,457889m,ツモ5m / 打9m,"(3, 1, 16, 12, 5.71429)","(8, 2, 2, 12, 6.70588)",3,8,0,1
478899m,457899m,ツモ5m / 打8m,"(3, 1, 16, 12, 5.71429)","(8, 2, 2, 12, 6.70588)",3,8,0,1
478899m,467899m,ツモ6m / 打8m,"(3, 1, 16, 12, 5.71429)","(8, 3, 1, 11, 6)",3,8,0,0
478899m,788899m,ツモ8m / 打4m,"(3, 1, 16, 12, 5.71429)","(8, 4, 1, 10, 4.16667)",3,8,0,0
478899m,788999m,ツモ9m / 打4m,"(3, 1, 16, 12, 5.71429)","(12, 5, 0, 7, 4.66667)",3,12,0,1
478999m,347999m,ツモ3m / 打8m,"(7, 3, 8, 12, 6.27273)","(8, 2, 2, 12, 6.77778)",7,8,1,1
478999m,457999m,ツモ5m / 打8m,"(7, 3, 8, 12, 6.27273)","(8, 2, 2, 12, 7)",7,8,1,1
478999m,778999m,ツモ7m / 打4m,"(7, 3, 8, 12, 6.27273)","(12, 5, 0, 8, 5.2)",7,12,1,1
478999m,788999m,ツモ8m / 打4m,"(7, 3, 8, 12, 6.27273)","(12, 5, 0, 7, 4.66667)",7,12,1,1
479999m,347999m,ツモ3m / 打9m,"(4, 1, 8, 8, 5.88235)","(8, 2, 2, 12, 6.77778)",4,8,0,1
479999m,457999m,ツモ5m / 打9m,"(4, 1, 8, 8, 5.88235)","(8, 2, 2, 12, 7)",4,8,0,1
479999m,467999m,ツモ6m / 打9m,"(4, 1, 8, 8, 5.88235)","(8, 2, 2, 12, 7.05882)",4,8,0,1
479999m,779999m,ツモ7m / 打4m,"(4, 1, 8, 8, 5.88235)","(8, 3, 1, 12, 5.66667)",4,8,0,0
488889m,348888m,ツモ3m / 打9m,"(4, 1, 6, 8, 5.41176)","(8, 2, 2, 12, 6.93333)",4,8,0,1
488889m,458888m,ツモ5m / 打9m,"(4, 1, 6, 8, 5.41176)","(8, 2, 2, 12, 7.07692)",4,8,0,1
488889m,468888m,ツモ6m / 打9m,"(4, 1, 6, 8, 5.41176)","(8, 2, 0, 8, 5.6)",4,8,0,0
488889m,888899m,ツモ9m / 打4m,"(4, 1, 6, 8, 5.41176)","(8, 3, 0, 4, 4)",4,8,0,0
488899m,348889m,ツモ3m / 打9m,"(4, 2, 4, 8, 4.93333)","(8, 2, 2, 12, 6)",4,8,0,1
488899m,458889m,ツモ5m / 打9m,"(4, 2, 4, 8, 4.93333)","(8, 2, 2, 12, 6.375)",4,8,0,1
488899m,788899m,ツモ7m / 打4m,"(4, 2, 4, 8, 4.93333)","(8, 4, 1, 10, 4.16667)",4,8,0,0
488899m,888899m,ツモ8m / 打4m,"(4, 2, 4, 8, 4.93333)","(8, 3, 0, 4, 4)",4,8,0,0
488999m,348999m,ツモ3m / 打8m,"(4, 2, 7, 12, 6)","(8, 2, 2, 12, 6.55556)",4,8,0,1
488999m,458999m,ツモ5m / 打8m,"(4, 2, 7, 12, 6)","(8, 2, 2, 12, 6.625)",4,8,0,1
488999m,688999m,ツモ6m / 打4m,"(4, 2, 7, 12, 6)","(8, 3, 0, 8, 5.23077)",4,8,0,0
488999m,788999m,ツモ7m / 打4m,"(4, 2, 7, 12, 6)","(12, 5, 0, 7, 4.66667)",4,12,0,1
488999m,889999m,ツモ9m / 打4m,"(4, 2, 7, 12, 6)","(8, 3, 0, 8, 4.33333)",4,8,0,0
489999m,348999m,ツモ3m / 打9m,"(4, 1, 6, 8, 5.41176)","(8, 2, 2, 12, 6.55556)",4,8,0,1
489999m,459999m,ツモ5m / 打8m,"(4, 1, 6, 8, 5.41176)","(8, 2, 2, 12, 6.76923)",4,8,0,1
489999m,468999m,ツモ6m / 打9m,"(4, 1, 6, 8, 5.41176)","(8, 2, 0, 8, 5.64706)",4,8,0,0
489999m,889999m,ツモ8m / 打4m,"(4, 1, 6, 8, 5.41176)","(8, 3, 0, 8, 4.33333)",4,8,0,0
555568m,555566m,ツモ6m / 打8m,"(8, 2, 1, 12, 6.28571)","(12, 4, 0, 8, 6.4)",8,12,1,1
555569m,555566m,ツモ6m / 打9m,"(8, 2, 1, 12, 6.18182)","(12, 4, 0, 8, 6.4)",8,12,1,1
555577m,455557m,ツモ4m / 打7m,"(8, 3, 1, 12, 6.33333)","(8, 2, 1, 12, 6.66667)",8,8,0,1
555577m,555778m,ツモ8m / 打5m,"(8, 3, 1, 12, 6.33333)","(12, 4, 0, 12, 6.90909)",8,12,0,1
555578m,555778m,ツモ7m / 打5m,"(8, 2, 2, 12, 7.42857)","(12, 4, 0, 12, 6.90909)",8,12,1,1
555578m,555788m,ツモ8m / 打5m,"(8, 2, 2, 12, 7.42857)","(12, 4, 0, 12, 6.54545)",8,12,1,1
555579m,455557m,ツモ4m / 打9m,"(8, 2, 0, 8, 5.71429)","(8, 2, 1, 12, 6.66667)",8,8,0,1
555588m,455558m,ツモ4m / 打8m,"(4, 2, 6, 12, 6.33333)","(8, 2, 1, 12, 6.46154)",4,8,0,1
555588m,555568m,ツモ6m / 打8m,"(4, 2, 6, 12, 6.33333)","(8, 2, 1, 12, 6.28571)",4,8,0,1
555588m,555788m,ツモ7m / 打5m,"(4, 2, 6, 12, 6.33333)","(12, 4, 0, 12, 6.54545)",4,12,0,1
555588m,555889m,ツモ9m / 打5m,"(4, 2, 6, 12, 6.33333)","(8, 3, 0, 8, 4.61538)",4,8,0,0
555589m,455558m,ツモ4m / 打9m,"(4, 1, 6, 8, 5.6)","(8, 2, 1, 12, 6.46154)",4,8,0,1
555589m,555568m,ツモ6m / 打9m,"(4, 1, 6, 8, 5.6)","(8, 2, 1, 12, 6.28571)",4,8,0,1
555589m,555889m,ツモ8m / 打5m,"(4, 1, 6, 8, 5.6)","(8, 3, 0, 8, 4.61538)",4,8,0,0
555589m,555899m,ツモ9m / 打5m,"(4, 1, 6, 8, 5.6)","(8, 3, 0, 8, 4.30769)",4,8,0,0
555599m,455559m,ツモ4m / 打9m,"(4, 2, 5, 8, 5.66667)","(8, 2, 1, 12, 6.15385)",4,8,0,1
555599m,555569m,ツモ6m / 打9m,"(4, 2, 5, 8, 5.66667)","(8, 2, 1, 12, 6.18182)",4,8,0,1
555599m,555799m,ツモ7m / 打5m,"(4, 2, 5, 8, 5.66667)","(8, 3, 0, 8, 4.78571)",4,8,0,0
555599m,555899m,ツモ8m / 打5m,"(4, 2, 5, 8, 5.66667)","(8, 3, 0, 8, 4.30769)",4,8,0,0
555668m,455566m,ツモ4m / 打8m,"(8, 3, 2, 12, 6.14286)","(12, 5, 1, 14, 6.46667)",8,12,0,1
555668m,555566m,ツモ5m / 打8m,"(8, 3, 2, 12, 6.14286)","(12, 4, 0, 8, 6.4)",8,12,0,1
555669m,455566m,ツモ4m / 打9m,"(4, 2, 8, 16, 7.14286)","(12, 5, 1, 14, 6.46667)",4,12,0,1
555669m,555566m,ツモ5m / 打9m,"(4, 2, 8, 16, 7.14286)","(12, 4, 0, 8, 6.4)",4,12,0,1
555669m,555667m,ツモ7m / 打9m,"(4, 2, 8, 16, 7.14286)","(16, 6, 0, 11, 6.33333)",4,16,0,1
555669m,555668m,ツモ8m / 打9m,"(4, 2, 8, 16, 7.14286)","(8, 3, 2, 12, 6.14286)",4,8,0,0
555677m,455567m,ツモ4m / 打7m,"(12, 5, 1, 14, 6.73333)","(14, 5, 0, 12, 7.11765)",12,14,1,1
555679m,355567m,ツモ3m / 打9m,"(7, 3, 7, 16, 7.15)","(11, 4, 2, 16, 6.75)",7,11,1,1
555679m,455567m,ツモ4m / 打9m,"(7, 3, 7, 16, 7.15)","(14, 5, 0, 12, 7.11765)",7,14,1,1
555679m,555667m,ツモ6m / 打9m,"(7, 3, 7, 16, 7.15)","(16, 6, 0, 11, 6.33333)",7,16,1,1
555679m,555677m,ツモ7m / 打9m,"(7, 3, 7, 16, 7.15)","(12, 5, 1, 14, 6.73333)",7,12,1,1
555679m,555799m,ツモ9m / 打6m,"(7, 3, 7, 16, 7.15)","(8, 3, 0, 8, 4.78571)",7,8,1,0
555688m,555568m,ツモ5m / 打8m,"(8, 3, 0, 8, 5.07143)","(8, 2, 1, 12, 6.28571)",8,8,0,1
555689m,455568m,ツモ4m / 打9m,"(4, 1, 7, 8, 5.36842)","(7, 3, 5, 14, 6.13636)",4,7,0,0
555689m,555568m,ツモ5m / 打9m,"(4, 1, 7, 8, 5.36842)","(8, 2, 1, 12, 6.28571)",4,8,0,1
555689m,555668m,ツモ6m / 打9m,"(4, 1, 7, 8, 5.36842)","(8, 3, 2, 12, 6.14286)",4,8,0,0
555689m,555688m,ツモ8m / 打9m,"(4, 1, 7, 8, 5.36842)","(8, 3, 0, 8, 5.07143)",4,8,0,0
555689m,555899m,ツモ9m / 打6m,"(4, 1, 7, 8, 5.36842)","(8, 3, 0, 8, 4.30769)",4,8,0,0
555699m,555569m,ツモ5m / 打9m,"(4, 2, 4, 8, 5)","(8, 2, 1, 12, 6.18182)",4,8,0,1
555699m,555799m,ツモ7m / 打6m,"(4, 2, 4, 8, 5)","(8, 3, 0, 8, 4.78571)",4,8,0,0
555699m,555899m,ツモ8m / 打6m,"(4, 2, 4, 8, 5)","(8, 3, 0, 8, 4.30769)",4,8,0,0
555779m,555677m,ツモ6m / 打9m,"(8, 3, 1, 12, 5.85714)","(12, 5, 1, 14, 6.73333)",8,12,0,1
556667m,566678m,ツモ8m / 打5m,"(12, 5, 1, 14, 6.46667)","(14, 5, 0, 12, 7.0625)",12,14,1,1
556668m,355666m,ツモ3m / 打8m,"(4, 2, 9, 16, 8.2)","(8, 3, 2, 12, 6.71429)",4,8,0,0
556668m,455666m,ツモ4m / 打8m,"(4, 2, 9, 16, 8.2)","(16, 6, 0, 11, 6.33333)",4,16,0,1
556668m,556666m,ツモ6m / 打8m,"(4, 2, 9, 16, 8.2)","(12, 4, 0, 8, 6.4)",4,12,0,1
556668m,566678m,ツモ7m / 打5m,"(4, 2, 9, 16, 8.2)","(14, 5, 0, 12, 7.0625)",4,14,0,1
556669m,355666m,ツモ3m / 打9m,"(4, 2, 9, 16, 7.2)","(8, 3, 2, 12, 6.71429)",4,8,0,0
556669m,455666m,ツモ4m / 打9m,"(4, 2, 9, 16, 7.2)","(16, 6, 0, 11, 6.33333)",4,16,0,1
556669m,556666m,ツモ6m / 打9m,"(4, 2, 9, 16, 7.2)","(12, 4, 0, 8, 6.4)",4,12,0,1
556669m,556667m,ツモ7m / 打9m,"(4, 2, 9, 16, 7.2)","(12, 5, 1, 14, 6.46667)",4,12,0,1
556678m,566678m,ツモ6m / 打5m,"(11, 4, 2, 14, 7.88235)","(14, 5, 0, 12, 7.0625)",11,14,1,1
556679m,555667m,ツモ5m / 打9m,"(7, 2, 5, 16, 7.73333)","(16, 6, 0, 11, 6.33333)",7,16,1,1
556679m,556667m,ツモ6m / 打9m,"(7, 2, 5, 16, 7.73333)","(12, 5, 1, 14, 6.46667)",7,12,1,1
556679m,556678m,ツモ8m / 打9m,"(7, 2, 5, 16, 7.73333)","(11, 4, 2, 14, 7.88235)",7,11,1,1
556777m,567778m,ツモ8m / 打5m,"(12, 5, 1, 14, 6.73333)","(14, 5, 0, 12, 7.0625)",12,14,1,1
556778m,455678m,ツモ4m / 打7m,"(11, 4, 4, 15, 8.35294)","(15, 5, 0, 15, 9.26667)",11,15,1,1
556778m,567778m,ツモ7m / 打5m,"(11, 4, 4, 15, 8.35294)","(14, 5, 0, 12, 7.0625)",11,14,1,1
556779m,455677m,ツモ4m / 打9m,"(7, 2, 8, 12, 6.94444)","(11, 4, 4, 15, 8.58824)",7,11,0,1
556779m,555677m,ツモ5m / 打9m,"(7, 2, 8, 12, 6.94444)","(12, 5, 1, 14, 6.73333)",7,12,0,1
556779m,556777m,ツモ7m / 打9m,"(7, 2, 8, 12, 6.94444)","(12, 5, 1, 14, 6.73333)",7,12,0,1
556779m,567799m,ツモ9m / 打5m,"(7, 2, 8, 12, 6.94444)","(8, 3, 1, 11, 5.4)",7,8,0,0
556788m,355678m,ツモ3m / 打8m,"(6, 3, 10, 15, 8.5)","(8, 3, 4, 11, 7.7)",6,8,0,0
556788m,455678m,ツモ4m / 打8m,"(6, 3, 10, 15, 8.5)","(15, 5, 0, 15, 9.26667)",6,15,0,1
556788m,556678m,ツモ6m / 打8m,"(6, 3, 10, 15, 8.5)","(11, 4, 2, 14, 7.88235)",6,11,0,1
556788m,556789m,ツモ9m / 打8m,"(6, 3, 10, 15, 8.5)","(11, 4, 0, 11, 6.63158)",6,11,0,1
556788m,567788m,ツモ7m / 打5m,"(6, 3, 10, 15, 8.5)","(11, 4, 4, 15, 8.58824)",6,11,0,1
556799m,455679m,ツモ4m / 打9m,"(4, 2, 9, 11, 6.47059)","(11, 3, 1, 14, 7.17647)",4,11,0,1
556799m,555799m,ツモ5m / 打6m,"(4, 2, 9, 11, 6.47059)","(8, 3, 0, 8, 4.78571)",4,8,0,0
556799m,556679m,ツモ6m / 打9m,"(4, 2, 9, 11, 6.47059)","(7, 2, 5, 16, 7.73333)",4,7,0,1
556799m,556789m,ツモ8m / 打9m,"(4, 2, 9, 11, 6.47059)","(11, 4, 0, 11, 6.63158)",4,11,0,1
556799m,567799m,ツモ7m / 打5m,"(4, 2, 9, 11, 6.47059)","(8, 3, 1, 11, 5.4)",4,8,0,0
557777m,455777m,ツモ4m / 打7m,"(8, 3, 1, 12, 6.33333)","(12, 4, 0, 12, 6.90909)",8,12,0,1
557777m,577778m,ツモ8m / 打5m,"(8, 3, 1, 12, 6.33333)","(8, 2, 1, 12, 6.85714)",8,8,0,1
557778m,355777m,ツモ3m / 打8m,"(4, 2, 10, 14, 7.73333)","(8, 3, 1, 12, 6.42857)",4,8,0,0
557778m,455777m,ツモ4m / 打8m,"(4, 2, 10, 14, 7.73333)","(12, 4, 0, 12, 6.90909)",4,12,0,1
557778m,557789m,ツモ9m / 打7m,"(4, 2, 10, 14, 7.73333)","(8, 3, 1, 12, 5.93333)",4,8,0,0
557778m,567778m,ツモ6m / 打5m,"(4, 2, 10, 14, 7.73333)","(14, 5, 0, 12, 7.0625)",4,14,0,1
557778m,577778m,ツモ7m / 打5m,"(4, 2, 10, 14, 7.73333)","(8, 2, 1, 12, 6.85714)",4,8,0,1
557779m,355777m,ツモ3m / 打9m,"(4, 2, 10, 12, 7.26667)","(8, 3, 1, 12, 6.42857)",4,8,0,0
557779m,455777m,ツモ4m / 打9m,"(4, 2, 10, 12, 7.26667)","(12, 4, 0, 12, 6.90909)",4,12,0,1
557779m,556777m,ツモ6m / 打9m,"(4, 2, 10, 12, 7.26667)","(12, 5, 1, 14, 6.73333)",4,12,0,1
557779m,557777m,ツモ7m / 打9m,"(4, 2, 10, 12, 7.26667)","(8, 3, 1, 12, 6.33333)",4,8,0,0
557779m,557789m,ツモ8m / 打7m,"(4, 2, 10, 12, 7.26667)","(8, 3, 1, 12, 5.93333)",4,8,0,0
557789m,455789m,ツモ4m / 打7m,"(8, 3, 1, 12, 5.93333)","(12, 4, 0, 12, 6.90909)",8,12,0,1
557888m,455888m,ツモ4m / 打7m,"(8, 3, 1, 12, 6.21429)","(12, 4, 0, 12, 6.90909)",8,12,0,1
557888m,578888m,ツモ8m / 打5m,"(8, 3, 1, 12, 6.21429)","(8, 2, 1, 12, 7.14286)",8,8,0,1
557889m,355789m,ツモ3m / 打8m,"(4, 2, 10, 12, 6.8125)","(8, 3, 1, 11, 6.26667)",4,8,0,0
557889m,455789m,ツモ4m / 打8m,"(4, 2, 10, 12, 6.8125)","(12, 4, 0, 12, 6.90909)",4,12,0,1
557889m,556789m,ツモ6m / 打8m,"(4, 2, 10, 12, 6.8125)","(11, 4, 0, 11, 6.63158)",4,11,0,1
557889m,557789m,ツモ7m / 打8m,"(4, 2, 10, 12, 6.8125)","(8, 3, 1, 12, 5.93333)",4,8,0,0
557889m,557888m,ツモ8m / 打9m,"(4, 2, 10, 12, 6.8125)","(8, 3, 1, 12, 6.21429)",4,8,0,0
557899m,355789m,ツモ3m / 打9m,"(4, 2, 9, 12, 6.6875)","(8, 3, 1, 11, 6.26667)",4,8,0,0
557899m,455789m,ツモ4m / 打9m,"(4, 2, 9, 12, 6.6875)","(12, 4, 0, 12, 6.90909)",4,12,0,1
557899m,556789m,ツモ6m / 打9m,"(4, 2, 9, 12, 6.6875)","(11, 4, 0, 11, 6.63158)",4,11,0,1
557899m,557789m,ツモ7m / 打9m,"(4, 2, 9, 12, 6.6875)","(8, 3, 1, 12, 5.93333)",4,8,0,0
557899m,557999m,ツモ9m / 打8m,"(4, 2, 9, 12, 6.6875)","(8, 3, 1, 12, 6.21429)",4,8,0,0
557999m,455999m,ツモ4m / 打7m,"(8, 3, 1, 12, 6.21429)","(12, 4, 0, 12, 6.90909)",8,12,0,1
558888m,355888m,ツモ3m / 打8m,"(4, 2, 7, 12, 7)","(8, 3, 1, 12, 6.46154)",4,8,0,0
558888m,455888m,ツモ4m / 打8m,"(4, 2, 7, 12, 7)","(12, 4, 0, 12, 6.90909)",4,12,0,1
558888m,556888m,ツモ6m / 打8m,"(4, 2, 7, 12, 7)","(12, 4, 0, 12, 6.90909)",4,12,0,1
558888m,578888m,ツモ7m / 打5m,"(4, 2, 7, 12, 7)","(8, 2, 1, 12, 7.14286)",4,8,0,1
558889m,355888m,ツモ3m / 打9m,"(4, 2, 7, 12, 6.5)","(8, 3, 1, 12, 6.46154)",4,8,0,0
558889m,455888m,ツモ4m / 打9m,"(4, 2, 7, 12, 6.5)","(12, 4, 0, 12, 6.90909)",4,12,0,1
558889m,556888m,ツモ6m / 打9m,"(4, 2, 7, 12, 6.5)","(12, 4, 0, 12, 6.90909)",4,12,0,1
558889m,557888m,ツモ7m / 打9m,"(4, 2, 7, 12, 6.5)","(8, 3, 1, 12, 6.21429)",4,8,0,0
558999m,355999m,ツモ3m / 打8m,"(4, 2, 7, 12, 6.5)","(8, 3, 1, 12, 6.46154)",4,8,0,0
558999m,455999m,ツモ4m / 打8m,"(4, 2, 7, 12, 6.5)","(12, 4, 0, 12, 6.90909)",4,12,0,1
558999m,556999m,ツモ6m / 打8m,"(4, 2, 7, 12, 6.5)","(12, 4, 0, 12, 6.90909)",4,12,0,1
558999m,557999m,ツモ7m / 打8m,"(4, 2, 7, 12, 6.5)","(8, 3, 1, 12, 6.21429)",4,8,0,0
559999m,355999m,ツモ3m / 打9m,"(4, 2, 7, 12, 7)","(8, 3, 1, 12, 6.46154)",4,8,0,0
559999m,455999m,ツモ4m / 打9m,"(4, 2, 7, 12, 7)","(12, 4, 0, 12, 6.90909)",4,12,0,1
559999m,556999m,ツモ6m / 打9m,"(4, 2, 7, 12, 7)","(12, 4, 0, 12, 6.90909)",4,12,0,1
559999m,557999m,ツモ7m / 打9m,"(4, 2, 7, 12, 7)","(8, 3, 1, 12, 6.21429)",4,8,0,0
566668m,556666m,ツモ5m / 打8m,"(8, 2, 1, 12, 6)","(12, 4, 0, 8, 6.4)",8,12,1,1
566669m,556666m,ツモ5m / 打9m,"(8, 2, 1, 12, 6.18182)","(12, 4, 0, 8, 6.4)",8,12,1,1
566677m,456667m,ツモ4m / 打7m,"(12, 5, 1, 14, 6.46667)","(14, 5, 0, 12, 7.11765)",12,14,1,1
566679m,456667m,ツモ4m / 打9m,"(7, 3, 5, 14, 6.35)","(14, 5, 0, 12, 7.11765)",7,14,0,1
566679m,556667m,ツモ5m / 打9m,"(7, 3, 5, 14, 6.35)","(12, 5, 1, 14, 6.46667)",7,12,0,1
566679m,566677m,ツモ7m / 打9m,"(7, 3, 5, 14, 6.35)","(12, 5, 1, 14, 6.46667)",7,12,0,1
566679m,666799m,ツモ9m / 打5m,"(7, 3, 5, 14, 6.35)","(8, 3, 0, 8, 4.78571)",7,8,0,0
566688m,456668m,ツモ4m / 打8m,"(4, 2, 8, 14, 7.2)","(11, 4, 2, 16, 6.16667)",4,11,0,1
566688m,566668m,ツモ6m / 打8m,"(4, 2, 8, 14, 7.2)","(8, 2, 1, 12, 6)",4,8,0,1
566688m,566678m,ツモ7m / 打8m,"(4, 2, 8, 14, 7.2)","(14, 5, 0, 12, 7.0625)",4,14,0,1
566688m,666889m,ツモ9m / 打5m,"(4, 2, 8, 14, 7.2)","(8, 3, 0, 8, 4.61538)",4,8,0,0
566689m,456668m,ツモ4m / 打9m,"(4, 1, 6, 11, 5.44444)","(11, 4, 2, 16, 6.16667)",4,11,0,1
566689m,566669m,ツモ6m / 打8m,"(4, 1, 6, 11, 5.44444)","(8, 2, 1, 12, 6.18182)",4,8,0,1
566689m,666889m,ツモ8m / 打5m,"(4, 1, 6, 11, 5.44444)","(8, 3, 0, 8, 4.61538)",4,8,0,0
566689m,666899m,ツモ9m / 打5m,"(4, 1, 6, 11, 5.44444)","(8, 3, 0, 8, 4.30769)",4,8,0,0
566699m,456669m,ツモ4m / 打9m,"(4, 2, 5, 8, 5.2)","(7, 3, 4, 16, 6.55)",4,7,0,1
566699m,566669m,ツモ6m / 打9m,"(4, 2, 5, 8, 5.2)","(8, 2, 1, 12, 6.18182)",4,8,0,1
566699m,666799m,ツモ7m / 打5m,"(4, 2, 5, 8, 5.2)","(8, 3, 0, 8, 4.78571)",4,8,0,0
566699m,666899m,ツモ8m / 打5m,"(4, 2, 5, 8, 5.2)","(8, 3, 0, 8, 4.30769)",4,8,0,0
566779m,456677m,ツモ4m / 打9m,"(7, 2, 7, 16, 7.58824)","(11, 4, 4, 15, 8.82353)",7,11,1,1
566779m,566677m,ツモ6m / 打9m,"(7, 2, 7, 16, 7.58824)","(12, 5, 1, 14, 6.46667)",7,12,1,1
566779m,566777m,ツモ7m / 打9m,"(7, 2, 7, 16, 7.58824)","(16, 6, 0, 11, 6.33333)",7,16,1,1
566779m,567799m,ツモ9m / 打6m,"(7, 2, 7, 16, 7.58824)","(8, 3, 1, 11, 5.4)",7,8,1,0
566788m,566678m,ツモ6m / 打8m,"(11, 4, 2, 14, 7.17647)","(14, 5, 0, 12, 7.0625)",11,14,1,1
566799m,456799m,ツモ4m / 打6m,"(4, 2, 10, 11, 6.5)","(8, 3, 2, 11, 5.85)",4,8,0,0
566799m,556679m,ツモ5m / 打9m,"(4, 2, 10, 11, 6.5)","(7, 2, 5, 16, 7.73333)",4,7,0,1
566799m,566789m,ツモ8m / 打9m,"(4, 2, 10, 11, 6.5)","(11, 4, 0, 11, 7.38889)",4,11,0,1
566799m,567799m,ツモ7m / 打6m,"(4, 2, 10, 11, 6.5)","(8, 3, 1, 11, 5.4)",4,8,0,0
566799m,666799m,ツモ6m / 打5m,"(4, 2, 10, 11, 6.5)","(8, 3, 0, 8, 4.78571)",4,8,0,0
567779m,556777m,ツモ5m / 打9m,"(11, 4, 2, 16, 6.4375)","(12, 5, 1, 14, 6.73333)",11,12,1,1
567779m,566777m,ツモ6m / 打9m,"(11, 4, 2, 16, 6.4375)","(16, 6, 0, 11, 6.33333)",11,16,1,1
567788m,456778m,ツモ4m / 打8m,"(11, 4, 4, 15, 8.58824)","(15, 5, 0, 15, 9.1875)",11,15,1,1
567788m,567778m,ツモ7m / 打8m,"(11, 4, 4, 15, 8.58824)","(14, 5, 0, 12, 7.0625)",11,14,1,1
567799m,567779m,ツモ7m / 打9m,"(8, 3, 1, 11, 5.4)","(11, 4, 2, 16, 6.4375)",8,11,0,1
568888m,556888m,ツモ5m / 打8m,"(8, 2, 2, 12, 6.57143)","(12, 4, 0, 12, 6.90909)",8,12,1,1
568888m,566888m,ツモ6m / 打8m,"(8, 2, 2, 12, 6.57143)","(12, 4, 0, 12, 6.90909)",8,12,1,1
568889m,556888m,ツモ5m / 打9m,"(8, 2, 2, 12, 6.46154)","(12, 4, 0, 12, 6.90909)",8,12,1,1
568889m,566888m,ツモ6m / 打9m,"(8, 2, 2, 12, 6.46154)","(12, 4, 0, 12, 6.90909)",8,12,1,1
568999m,556999m,ツモ5m / 打8m,"(8, 2, 2, 12, 6.5)","(12, 4, 0, 12, 6.90909)",8,12,1,1
568999m,566999m,ツモ6m / 打8m,"(8, 2, 2, 12, 6.5)","(12, 4, 0, 12, 6.90909)",8,12,1,1
569999m,556999m,ツモ5m / 打9m,"(8, 2, 2, 12, 6.90909)","(12, 4, 0, 12, 6.90909)",8,12,1,1
569999m,566999m,ツモ6m / 打9m,"(8, 2, 2, 12, 6.90909)","(12, 4, 0, 12, 6.90909)",8,12,1,1
577778m,777788m,ツモ8m / 打5m,"(8, 2, 1, 12, 6.85714)","(12, 4, 0, 8, 6)",8,12,1,1
577779m,457777m,ツモ4m / 打9m,"(8, 2, 0, 8, 5.42857)","(8, 2, 2, 12, 7.2)",8,8,0,1
577788m,457778m,ツモ4m / 打8m,"(4, 2, 9, 14, 7.66667)","(8, 2, 2, 12, 6.875)",4,8,0,1
577788m,567778m,ツモ6m / 打8m,"(4, 2, 9, 14, 7.66667)","(14, 5, 0, 12, 7.0625)",4,14,0,1
577788m,777788m,ツモ7m / 打5m,"(4, 2, 9, 14, 7.66667)","(12, 4, 0, 8, 6)",4,12,0,1
577788m,777889m,ツモ9m / 打5m,"(4, 2, 9, 14, 7.66667)","(12, 5, 0, 7, 4.93333)",4,12,0,1
577789m,357789m,ツモ3m / 打7m,"(7, 3, 7, 12, 5.61905)","(8, 2, 0, 8, 5.7)",7,8,0,0
577789m,457778m,ツモ4m / 打9m,"(7, 3, 7, 12, 5.61905)","(8, 2, 2, 12, 6.875)",7,8,0,1
577789m,557789m,ツモ5m / 打7m,"(7, 3, 7, 12, 5.61905)","(8, 3, 1, 12, 5.93333)",7,8,0,0
577789m,777889m,ツモ8m / 打5m,"(7, 3, 7, 12, 5.61905)","(12, 5, 0, 7, 4.93333)",7,12,0,1
577789m,777899m,ツモ9m / 打5m,"(7, 3, 7, 12, 5.61905)","(8, 4, 2, 11, 4.61111)",7,8,0,0
577799m,457779m,ツモ4m / 打9m,"(4, 2, 8, 11, 6.2)","(8, 2, 2, 12, 6.625)",4,8,0,1
577799m,567779m,ツモ6m / 打9m,"(4, 2, 8, 11, 6.2)","(11, 4, 2, 16, 6.4375)",4,11,0,1
577799m,777799m,ツモ7m / 打5m,"(4, 2, 8, 11, 6.2)","(8, 3, 0, 8, 4.66667)",4,8,0,0
577799m,777899m,ツモ8m / 打5m,"(4, 2, 8, 11, 6.2)","(8, 4, 2, 11, 4.61111)",4,8,0,0
577888m,457888m,ツモ4m / 打7m,"(8, 3, 2, 12, 6.71429)","(8, 2, 2, 12, 7)",8,8,0,1
577888m,778888m,ツモ8m / 打5m,"(8, 3, 2, 12, 6.71429)","(12, 4, 0, 8, 6.4)",8,12,0,1
577888m,778889m,ツモ9m / 打5m,"(8, 3, 2, 12, 6.71429)","(12, 5, 0, 8, 5.2)",8,12,0,1
577889m,357789m,ツモ3m / 打8m,"(7, 2, 7, 12, 7)","(8, 2, 0, 8, 5.7)",7,8,1,0
577889m,457789m,ツモ4m / 打8m,"(7, 2, 7, 12, 7)","(8, 2, 2, 12, 6.84211)",7,8,1,1
577889m,557789m,ツモ5m / 打8m,"(7, 2, 7, 12, 7)","(8, 3, 1, 12, 5.93333)",7,8,1,0
577889m,777889m,ツモ7m / 打5m,"(7, 2, 7, 12, 7)","(12, 5, 0, 7, 4.93333)",7,12,1,1
577889m,778889m,ツモ8m / 打5m,"(7, 2, 7, 12, 7)","(12, 5, 0, 8, 5.2)",7,12,1,1
577899m,357789m,ツモ3m / 打9m,"(7, 2, 7, 12, 5.88889)","(8, 2, 0, 8, 5.7)",7,8,0,0
577899m,457789m,ツモ4m / 打9m,"(7, 2, 7, 12, 5.88889)","(8, 2, 2, 12, 6.84211)",7,8,0,1
577899m,557789m,ツモ5m / 打9m,"(7, 2, 7, 12, 5.88889)","(8, 3, 1, 12, 5.93333)",7,8,0,0
577899m,777899m,ツモ7m / 打5m,"(7, 2, 7, 12, 5.88889)","(8, 4, 2, 11, 4.61111)",7,8,0,0
577899m,778999m,ツモ9m / 打5m,"(7, 2, 7, 12, 5.88889)","(12, 5, 0, 8, 5.2)",7,12,0,1
577999m,457999m,ツモ4m / 打7m,"(8, 3, 1, 12, 6.42857)","(8, 2, 2, 12, 7)",8,8,0,1
577999m,778999m,ツモ8m / 打5m,"(8, 3, 1, 12, 6.42857)","(12, 5, 0, 8, 5.2)",8,12,0,1
578888m,778888m,ツモ7m / 打5m,"(8, 2, 1, 12, 7.14286)","(12, 4, 0, 8, 6.4)",8,12,1,1
578889m,357888m,ツモ3m / 打9m,"(7, 3, 8, 12, 5.61905)","(8, 2, 0, 8, 6)",7,8,0,0
578889m,457888m,ツモ4m / 打9m,"(7, 3, 8, 12, 5.61905)","(8, 2, 2, 12, 7)",7,8,0,1
578889m,557888m,ツモ5m / 打9m,"(7, 3, 8, 12, 5.61905)","(8, 3, 1, 12, 6.21429)",7,8,0,0
578889m,778889m,ツモ7m / 打5m,"(7, 3, 8, 12, 5.61905)","(12, 5, 0, 8, 5.2)",7,12,0,1
578889m,788899m,ツモ9m / 打5m,"(7, 3, 8, 12, 5.61905)","(8, 4, 1, 10, 4.16667)",7,8,0,0
578899m,357889m,ツモ3m / 打9m,"(3, 1, 15, 12, 6.05263)","(4, 1, 13, 11, 6.13636)",3,4,0,0
578899m,457889m,ツモ4m / 打9m,"(3, 1, 15, 12, 6.05263)","(8, 2, 2, 12, 6.70588)",3,8,0,1
578899m,457899m,ツモ4m / 打8m,"(3, 1, 15, 12, 6.05263)","(8, 2, 2, 12, 6.70588)",3,8,0,1
578899m,557889m,ツモ5m / 打9m,"(3, 1, 15, 12, 6.05263)","(4, 2, 10, 12, 6.8125)",3,4,0,0
578899m,567889m,ツモ6m / 打9m,"(3, 1, 15, 12, 6.05263)","(11, 4, 0, 11, 6.36842)",3,11,0,1
578899m,788899m,ツモ8m / 打5m,"(3, 1, 15, 12, 6.05263)","(8, 4, 1, 10, 4.16667)",3,8,0,0
578899m,788999m,ツモ9m / 打5m,"(3, 1, 15, 12, 6.05263)","(12, 5, 0, 7, 4.66667)",3,12,0,1
578999m,357999m,ツモ3m / 打8m,"(7, 3, 8, 12, 6.57143)","(8, 2, 0, 8, 6)",7,8,1,0
578999m,457999m,ツモ4m / 打8m,"(7, 3, 8, 12, 6.57143)","(8, 2, 2, 12, 7)",7,8,1,1
578999m,557999m,ツモ5m / 打8m,"(7, 3, 8, 12, 6.57143)","(8, 3, 1, 12, 6.21429)",7,8,1,0
578999m,778999m,ツモ7m / 打5m,"(7, 3, 8, 12, 6.57143)","(12, 5, 0, 8, 5.2)",7,12,1,1
578999m,788999m,ツモ8m / 打5m,"(7, 3, 8, 12, 6.57143)","(12, 5, 0, 7, 4.66667)",7,12,1,1
579999m,457999m,ツモ4m / 打9m,"(8, 2, 0, 8, 5.71429)","(8, 2, 2, 12, 7)",8,8,0,1
588889m,458888m,ツモ4m / 打9m,"(4, 1, 5, 8, 5.33333)","(8, 2, 2, 12, 7.07692)",4,8,0,1
588889m,568888m,ツモ6m / 打9m,"(4, 1, 5, 8, 5.33333)","(8, 2, 2, 12, 6.57143)",4,8,0,1
588889m,888899m,ツモ9m / 打5m,"(4, 1, 5, 8, 5.33333)","(8, 3, 0, 4, 4)",4,8,0,0
588899m,458889m,ツモ4m / 打9m,"(4, 2, 5, 8, 5.28571)","(8, 2, 2, 12, 6.375)",4,8,0,1
588899m,568889m,ツモ6m / 打9m,"(4, 2, 5, 8, 5.28571)","(8, 2, 2, 12, 6.46154)",4,8,0,1
588899m,788899m,ツモ7m / 打5m,"(4, 2, 5, 8, 5.28571)","(8, 4, 1, 10, 4.16667)",4,8,0,0
588899m,888899m,ツモ8m / 打5m,"(4, 2, 5, 8, 5.28571)","(8, 3, 0, 4, 4)",4,8,0,0
588999m,458999m,ツモ4m / 打8m,"(4, 2, 6, 12, 5.85714)","(8, 2, 2, 12, 6.625)",4,8,0,1
588999m,568999m,ツモ6m / 打8m,"(4, 2, 6, 12, 5.85714)","(8, 2, 2, 12, 6.5)",4,8,0,1
588999m,788999m,ツモ7m / 打5m,"(4, 2, 6, 12, 5.85714)","(12, 5, 0, 7, 4.66667)",4,12,0,1
588999m,889999m,ツモ9m / 打5m,"(4, 2, 6, 12, 5.85714)","(8, 3, 0, 8, 4.33333)",4,8,0,0
589999m,459999m,ツモ4m / 打8m,"(4, 1, 5, 8, 5.33333)","(8, 2, 2, 12, 6.76923)",4,8,0,1
589999m,569999m,ツモ6m / 打8m,"(4, 1, 5, 8, 5.33333)","(8, 2, 2, 12, 6.90909)",4,8,0,1
589999m,889999m,ツモ8m / 打5m,"(4, 1, 5, 8, 5.33333)","(8, 3, 0, 8, 4.33333)",4,8,0,0
666679m,666677m,ツモ7m / 打9m,"(8, 2, 1, 12, 6.46154)","(12, 4, 0, 8, 6.4)",8,12,1,1
666688m,566668m,ツモ5m / 打8m,"(8, 3, 0, 8, 5)","(8, 2, 1, 12, 6)",8,8,0,1
666689m,466668m,ツモ4m / 打9m,"(4, 1, 6, 8, 5.5)","(8, 2, 0, 8, 5.33333)",4,8,0,0
666689m,566669m,ツモ5m / 打8m,"(4, 1, 6, 8, 5.5)","(8, 2, 1, 12, 6.18182)",4,8,0,1
666689m,666688m,ツモ8m / 打9m,"(4, 1, 6, 8, 5.5)","(8, 3, 0, 8, 5)",4,8,0,0
666689m,666899m,ツモ9m / 打6m,"(4, 1, 6, 8, 5.5)","(8, 3, 0, 8, 4.30769)",4,8,0,0
666699m,566669m,ツモ5m / 打9m,"(4, 2, 4, 8, 5.45455)","(8, 2, 1, 12, 6.18182)",4,8,0,1
666699m,666679m,ツモ7m / 打9m,"(4, 2, 4, 8, 5.45455)","(8, 2, 1, 12, 6.46154)",4,8,0,1
666699m,666899m,ツモ8m / 打6m,"(4, 2, 4, 8, 5.45455)","(8, 3, 0, 8, 4.30769)",4,8,0,0
666779m,566677m,ツモ5m / 打9m,"(8, 3, 2, 12, 6.14286)","(12, 5, 1, 14, 6.46667)",8,12,0,1
666779m,666677m,ツモ6m / 打9m,"(8, 3, 2, 12, 6.14286)","(12, 4, 0, 8, 6.4)",8,12,0,1
666788m,566678m,ツモ5m / 打8m,"(12, 5, 1, 14, 6.2)","(14, 5, 0, 12, 7.0625)",12,14,1,1
666799m,666679m,ツモ6m / 打9m,"(8, 3, 0, 8, 4.78571)","(8, 2, 1, 12, 6.46154)",8,8,0,1
667779m,466777m,ツモ4m / 打9m,"(4, 2, 9, 16, 8.21429)","(8, 3, 2, 12, 6.71429)",4,8,0,0
667779m,566777m,ツモ5m / 打9m,"(4, 2, 9, 16, 8.21429)","(16, 6, 0, 11, 6.33333)",4,16,0,1
667779m,667777m,ツモ7m / 打9m,"(4, 2, 9, 16, 8.21429)","(12, 4, 0, 8, 6.4)",4,12,0,1
667779m,667778m,ツモ8m / 打9m,"(4, 2, 9, 16, 8.21429)","(12, 5, 0, 11, 5.93333)",4,12,0,1
667789m,667778m,ツモ7m / 打9m,"(11, 4, 1, 12, 7)","(12, 5, 0, 11, 5.93333)",11,12,1,1
667889m,466789m,ツモ4m / 打8m,"(7, 3, 6, 12, 6.2)","(8, 3, 1, 11, 6.73684)",7,8,0,0
667889m,566788m,ツモ5m / 打9m,"(7, 3, 6, 12, 6.2)","(11, 4, 2, 14, 7.17647)",7,11,0,1
667889m,667888m,ツモ8m / 打9m,"(7, 3, 6, 12, 6.2)","(12, 5, 0, 10, 5.66667)",7,12,0,1
667899m,466789m,ツモ4m / 打9m,"(6, 3, 8, 11, 6.8)","(8, 3, 1, 11, 6.73684)",6,8,0,0
667899m,566789m,ツモ5m / 打9m,"(6, 3, 8, 11, 6.8)","(11, 4, 0, 11, 7.38889)",6,11,0,1
667899m,667789m,ツモ7m / 打9m,"(6, 3, 8, 11, 6.8)","(11, 4, 1, 12, 7)",6,11,0,1
667899m,667889m,ツモ8m / 打9m,"(6, 3, 8, 11, 6.8)","(7, 3, 6, 12, 6.2)",6,7,0,0
668888m,566888m,ツモ5m / 打8m,"(8, 3, 1, 12, 5.66667)","(12, 4, 0, 12, 6.90909)",8,12,0,1
668889m,466888m,ツモ4m / 打9m,"(4, 2, 7, 12, 6.84615)","(8, 3, 1, 12, 6.42857)",4,8,0,0
668889m,566888m,ツモ5m / 打9m,"(4, 2, 7, 12, 6.84615)","(12, 4, 0, 12, 6.90909)",4,12,0,1
668889m,667888m,ツモ7m / 打9m,"(4, 2, 7, 12, 6.84615)","(12, 5, 0, 10, 5.66667)",4,12,0,1
668889m,668888m,ツモ8m / 打9m,"(4, 2, 7, 12, 6.84615)","(8, 3, 1, 12, 5.66667)",4,8,0,0
668999m,566999m,ツモ5m / 打8m,"(8, 3, 1, 12, 5.84615)","(12, 4, 0, 12, 6.90909)",8,12,0,1
669999m,466999m,ツモ4m / 打9m,"(4, 2, 6, 12, 6.90909)","(8, 3, 1, 12, 6.46154)",4,8,0,0
669999m,566999m,ツモ5m / 打9m,"(4, 2, 6, 12, 6.90909)","(12, 4, 0, 12, 6.90909)",4,12,0,1
669999m,667999m,ツモ7m / 打9m,"(4, 2, 6, 12, 6.90909)","(12, 4, 0, 12, 6.90909)",4,12,0,1
669999m,668999m,ツモ8m / 打9m,"(4, 2, 6, 12, 6.90909)","(8, 3, 1, 12, 5.84615)",4,8,0,0
677779m,667777m,ツモ6m / 打9m,"(8, 2, 1, 12, 6.15385)","(12, 4, 0, 8, 6.4)",8,12,1,1
677788m,567778m,ツモ5m / 打8m,"(12, 5, 1, 14, 5.93333)","(14, 5, 0, 12, 7.0625)",12,14,1,1
677789m,667778m,ツモ6m / 打9m,"(10, 4, 3, 12, 5.78947)","(12, 5, 0, 11, 5.93333)",10,12,1,1
677789m,677899m,ツモ9m / 打7m,"(10, 4, 3, 12, 5.78947)","(11, 4, 0, 11, 5.82353)",10,11,1,1
677799m,567779m,ツモ5m / 打9m,"(4, 2, 7, 11, 6.57143)","(11, 4, 2, 16, 6.4375)",4,11,0,1
677799m,677779m,ツモ7m / 打9m,"(4, 2, 7, 11, 6.57143)","(8, 2, 1, 12, 6.15385)",4,8,0,1
677799m,677899m,ツモ8m / 打7m,"(4, 2, 7, 11, 6.57143)","(11, 4, 0, 11, 5.82353)",4,11,0,1
678889m,667888m,ツモ6m / 打9m,"(10, 4, 1, 12, 5.36842)","(12, 5, 0, 10, 5.66667)",10,12,1,1
678899m,467899m,ツモ4m / 打8m,"(7, 3, 5, 11, 5.4)","(8, 3, 1, 11, 6)",7,8,0,0
678899m,567889m,ツモ5m / 打9m,"(7, 3, 5, 11, 5.4)","(11, 4, 0, 11, 6.36842)",7,11,0,1
678899m,678889m,ツモ8m / 打9m,"(7, 3, 5, 11, 5.4)","(10, 4, 1, 12, 5.36842)",7,10,0,1
679999m,667999m,ツモ6m / 打9m,"(8, 2, 2, 12, 6.76923)","(12, 4, 0, 12, 6.90909)",8,12,1,1
679999m,677999m,ツモ7m / 打9m,"(8, 2, 2, 12, 6.76923)","(12, 4, 0, 12, 6.90909)",8,12,1,1
688889m,468888m,ツモ4m / 打9m,"(4, 1, 5, 8, 5.25)","(8, 2, 0, 8, 5.6)",4,8,0,0
688889m,568888m,ツモ5m / 打9m,"(4, 1, 5, 8, 5.25)","(8, 2, 2, 12, 6.57143)",4,8,0,1
688889m,668888m,ツモ6m / 打9m,"(4, 1, 5, 8, 5.25)","(8, 3, 1, 12, 5.66667)",4,8,0,0
688889m,888899m,ツモ9m / 打6m,"(4, 1, 5, 8, 5.25)","(8, 3, 0, 4, 4)",4,8,0,0
688899m,568889m,ツモ5m / 打9m,"(4, 2, 5, 10, 5.61538)","(8, 2, 2, 12, 6.46154)",4,8,0,1
688899m,678889m,ツモ7m / 打9m,"(4, 2, 5, 10, 5.61538)","(10, 4, 1, 12, 5.36842)",4,10,0,1
688899m,888899m,ツモ8m / 打6m,"(4, 2, 5, 10, 5.61538)","(8, 3, 0, 4, 4)",4,8,0,0
688999m,568999m,ツモ5m / 打8m,"(8, 3, 0, 8, 5.23077)","(8, 2, 2, 12, 6.5)",8,8,0,1
689999m,468999m,ツモ4m / 打9m,"(4, 1, 6, 8, 5.5)","(8, 2, 0, 8, 5.64706)",4,8,0,0
689999m,569999m,ツモ5m / 打8m,"(4, 1, 6, 8, 5.5)","(8, 2, 2, 12, 6.90909)",4,8,0,1
689999m,668999m,ツモ6m / 打9m,"(4, 1, 6, 8, 5.5)","(8, 3, 1, 12, 5.84615)",4,8,0,0
689999m,688999m,ツモ8m / 打9m,"(4, 1, 6, 8, 5.5)","(8, 3, 0, 8, 5.23077)",4,8,0,0
777799m,677779m,ツモ6m / 打9m,"(8, 3, 0, 8, 4.66667)","(8, 2, 1, 12, 6.15385)",8,8,0,1
777899m,677899m,ツモ6m / 打7m,"(8, 4, 2, 11, 4.61111)","(11, 4, 0, 11, 5.82353)",8,11,0,1
779999m,677999m,ツモ6m / 打9m,"(8, 3, 1, 12, 5.66667)","(12, 4, 0, 12, 6.90909)",8,12,0,1
788899m,678889m,ツモ6m / 打9m,"(8, 4, 1, 10, 4.16667)","(10, 4, 1, 12, 5.36842)",8,10,0,1
